id_venta,fecha,id_cliente,id_producto,cantidad,metodo_pago,descuento
1,2025-04-07 09:00:00,276,1,3,Tarjeta,10
2,2025-03-12 09:00:00,34,12,3,Tarjeta,5
3,2025-08-24 09:00:00,27,134,3,Tarjeta,0
4,2025-08-20 16:00:00,338,63,1,Bizum,0
5,2025-02-03 21:00:00,206,68,4,Cheque regalo,0
6,2025-04-21 13:00:00,281,24,2,Tarjeta,0
7,2025-06-18 09:00:00,312,82,2,Efectivo,0
8,2025-03-16 08:00:00,32,114,2,Tarjeta,10
9,2025-07-14 02:00:00,344,14,2,Tarjeta,5
10,2025-07-08 22:00:00,91,76,1,Tarjeta,5
11,2025-08-09 16:00:00,263,126,5,Bizum,10
12,2025-02-26 22:00:00,228,38,2,Bizum,0
13,2025-05-01 07:00:00,381,46,1,Efectivo,15
14,2025-07-18 06:00:00,453,65,2,Bizum,5
15,2025-01-21 10:00:00,299,77,1,Bizum,0
16,2025-07-24 12:00:00,93,91,2,Tarjeta,0
17,2025-04-10 11:00:00,174,50,2,Bizum,0
18,2025-10-30 09:00:00,205,21,2,Tarjeta,0
19,2025-03-09 19:00:00,156,117,2,Tarjeta,0
20,2025-04-06 16:00:00,5,134,1,Tarjeta,0
21,2025-08-23 06:00:00,48,3,3,Tarjeta,0
22,2025-10-21 04:00:00,357,116,1,Bizum,0
23,2025-05-29 01:00:00,133,126,3,Efectivo,0
24,2025-11-03 05:00:00,210,16,3,Tarjeta,0
25,2025-03-02 22:00:00,130,104,2,Tarjeta,0
26,2025-10-20 08:00:00,299,70,1,Tarjeta,0
27,2025-07-30 11:00:00,260,18,1,Bizum,0
28,2025-09-20 09:00:00,191,9,4,Tarjeta,0
29,2025-02-02 19:00:00,441,5,3,Efectivo,10
30,2025-08-06 06:00:00,9,109,1,Tarjeta,5
31,2025-08-27 18:00:00,27,117,3,Tarjeta,0
32,2025-11-16 19:00:00,206,37,3,Tarjeta,5
33,2025-02-18 22:00:00,203,23,2,Efectivo,0
34,2025-11-13 17:00:00,72,31,1,Tarjeta,0
35,2025-01-31 11:00:00,481,122,2,Tarjeta,0
36,2025-12-21 20:00:00,210,118,1,Tarjeta,0
37,2025-07-06 15:00:00,93,144,3,Bizum,0
38,2025-10-23 08:00:00,448,14,2,Tarjeta,5
39,2025-12-12 22:00:00,392,144,2,Tarjeta,10
40,2025-03-07 17:00:00,302,83,3,Efectivo,15
41,2025-06-16 08:00:00,389,36,3,Efectivo,0
42,2025-10-21 05:00:00,163,81,1,Efectivo,10
43,2025-01-29 15:00:00,65,90,1,Bizum,5
44,2025-05-13 15:00:00,408,20,1,Tarjeta,10
45,2025-12-07 21:00:00,354,56,1,Tarjeta,10
46,2025-03-15 02:00:00,25,27,2,Tarjeta,0
47,2025-09-08 04:00:00,411,42,2,Tarjeta,0
48,2025-09-14 02:00:00,151,133,2,Efectivo,0
49,2025-05-03 11:00:00,336,61,3,Tarjeta,0
50,2025-05-12 06:00:00,441,79,4,Bizum,5
51,2025-07-19 21:00:00,131,131,4,Bizum,0
52,2025-10-16 12:00:00,194,116,4,Tarjeta,0
53,2025-03-24 22:00:00,169,98,3,Tarjeta,0
54,2025-07-04 19:00:00,66,136,2,Tarjeta,5
55,2025-05-14 07:00:00,410,122,2,Tarjeta,0
56,2025-09-10 06:00:00,373,85,1,Cheque regalo,0
57,2025-03-06 15:00:00,213,148,2,Tarjeta,0
58,2025-12-19 08:00:00,432,66,5,Bizum,0
59,2025-10-24 00:00:00,78,110,2,Tarjeta,5
60,2025-03-13 02:00:00,114,27,2,Tarjeta,5
61,2025-04-09 13:00:00,373,70,1,Tarjeta,0
62,2025-04-25 05:00:00,18,13,2,Bizum,0
63,2025-10-11 09:00:00,255,79,4,Bizum,0
64,2025-03-30 06:00:00,228,67,2,Bizum,20
65,2025-10-04 13:00:00,118,68,2,Tarjeta,10
66,2025-09-03 02:00:00,269,9,1,Tarjeta,15
67,2025-09-12 07:00:00,8,20,1,Cheque regalo,20
68,2025-12-11 18:00:00,65,128,2,Tarjeta,0
69,2025-04-01 13:00:00,178,22,2,Tarjeta,0
70,2025-06-09 14:00:00,474,112,5,Tarjeta,0
71,2025-03-21 14:00:00,388,22,1,Efectivo,0
72,2025-10-19 12:00:00,89,52,2,Cheque regalo,0
73,2025-12-28 19:00:00,118,16,2,Tarjeta,0
74,2025-01-25 09:00:00,55,100,3,Efectivo,0
75,2025-03-31 19:00:00,491,71,1,Tarjeta,0
76,2025-07-15 23:00:00,278,71,2,Tarjeta,0
77,2025-08-08 13:00:00,253,70,3,Tarjeta,5
78,2025-02-07 13:00:00,279,146,2,Tarjeta,0
79,2025-01-02 02:00:00,476,44,2,Tarjeta,0
80,2025-11-30 04:00:00,194,69,2,Tarjeta,10
81,2025-12-04 04:00:00,313,78,2,Bizum,5
82,2025-11-08 17:00:00,223,71,3,Tarjeta,10
83,2025-02-20 03:00:00,165,14,2,Tarjeta,0
84,2025-09-19 05:00:00,301,149,2,Cheque regalo,0
85,2025-06-22 23:00:00,333,51,2,Bizum,0
86,2025-05-29 13:00:00,355,64,2,Tarjeta,0
87,2025-06-03 00:00:00,260,13,2,Bizum,0
88,2025-04-03 15:00:00,155,74,1,Tarjeta,0
89,2025-07-16 00:00:00,69,120,1,Tarjeta,15
90,2025-10-24 23:00:00,240,62,2,Tarjeta,15
91,2025-04-23 20:00:00,481,85,2,Tarjeta,0
92,2025-01-21 15:00:00,437,42,1,Tarjeta,0
93,2025-11-09 17:00:00,443,132,2,Tarjeta,0
94,2025-01-07 10:00:00,26,79,2,Bizum,0
95,2025-09-28 01:00:00,458,92,3,Efectivo,0
96,2025-06-28 00:00:00,284,76,2,Bizum,5
97,2025-10-20 03:00:00,419,52,3,Bizum,5
98,2025-10-07 08:00:00,403,54,1,Tarjeta,0
99,2025-09-09 07:00:00,295,92,2,Tarjeta,5
100,2025-11-02 08:00:00,52,78,2,Tarjeta,0
101,2025-01-17 13:00:00,482,2,4,Cheque regalo,0
102,2025-05-03 13:00:00,270,78,2,Tarjeta,0
103,2025-03-03 16:00:00,1,66,2,Tarjeta,0
104,2025-02-24 03:00:00,66,130,2,Bizum,5
105,2025-12-11 13:00:00,381,100,2,Bizum,0
106,2025-01-12 13:00:00,31,100,1,Bizum,10
107,2025-07-10 15:00:00,161,71,3,Efectivo,0
108,2025-12-26 18:00:00,40,48,3,Efectivo,0
109,2025-02-13 00:00:00,370,37,2,Tarjeta,0
110,2025-07-08 05:00:00,19,149,3,Tarjeta,5
111,2025-06-05 03:00:00,474,14,1,Tarjeta,0
112,2025-02-06 18:00:00,411,145,2,Tarjeta,0
113,2025-10-31 16:00:00,354,85,5,Efectivo,5
114,2025-02-02 05:00:00,378,98,1,Bizum,5
115,2025-04-17 23:00:00,304,73,1,Bizum,0
116,2025-08-02 15:00:00,408,112,5,Bizum,0
117,2025-06-05 12:00:00,215,86,1,Efectivo,0
118,2025-08-14 13:00:00,191,137,1,Tarjeta,0
119,2025-11-11 21:00:00,459,122,2,Tarjeta,5
120,2025-08-12 15:00:00,39,149,1,Tarjeta,0
121,2025-12-05 07:00:00,236,18,4,Efectivo,0
122,2025-12-12 21:00:00,54,74,4,Cheque regalo,0
123,2025-01-31 17:00:00,232,23,2,Tarjeta,0
124,2025-09-24 17:00:00,358,33,1,Tarjeta,0
125,2025-10-26 12:00:00,222,114,2,Tarjeta,0
126,2025-12-22 14:00:00,49,53,3,Cheque regalo,15
127,2025-08-27 08:00:00,434,13,1,Tarjeta,5
128,2025-05-21 21:00:00,239,23,1,Tarjeta,0
129,2025-06-23 00:00:00,53,18,2,Tarjeta,0
130,2025-09-17 17:00:00,156,3,2,Bizum,0
131,2025-07-18 11:00:00,453,108,3,Bizum,10
132,2025-05-12 15:00:00,6,135,1,Bizum,0
133,2025-05-07 20:00:00,401,15,2,Bizum,0
134,2025-01-28 06:00:00,131,110,1,Bizum,15
135,2025-06-09 07:00:00,340,143,1,Tarjeta,0
136,2025-10-04 15:00:00,348,85,2,Efectivo,0
137,2025-11-01 15:00:00,98,123,2,Efectivo,20
138,2025-12-03 11:00:00,405,106,2,Tarjeta,0
139,2025-04-27 19:00:00,254,69,2,Tarjeta,10
140,2025-04-22 01:00:00,464,77,2,Tarjeta,10
141,2025-02-20 23:00:00,210,33,3,Tarjeta,20
142,2025-09-03 12:00:00,111,143,2,Tarjeta,0
143,2025-06-16 01:00:00,475,95,1,Tarjeta,0
144,2025-01-24 20:00:00,112,101,4,Tarjeta,5
145,2025-03-25 05:00:00,331,105,2,Tarjeta,5
146,2025-10-08 11:00:00,371,80,1,Tarjeta,0
147,2025-04-11 15:00:00,335,17,5,Tarjeta,10
148,2025-08-20 21:00:00,339,90,2,Bizum,0
149,2025-07-10 07:00:00,203,130,1,Tarjeta,5
150,2025-09-05 02:00:00,373,48,3,Bizum,15
151,2025-08-21 12:00:00,295,111,5,Tarjeta,0
152,2025-10-19 13:00:00,236,113,3,Tarjeta,20
153,2025-10-13 11:00:00,51,56,3,Efectivo,0
154,2025-01-07 20:00:00,285,16,2,Efectivo,0
155,2025-09-22 13:00:00,330,45,1,Bizum,0
156,2025-10-01 19:00:00,235,7,1,Efectivo,0
157,2025-01-19 20:00:00,5,42,2,Tarjeta,0
158,2025-10-09 03:00:00,354,149,4,Bizum,5
159,2025-05-11 09:00:00,36,145,1,Bizum,0
160,2025-05-29 03:00:00,210,63,2,Bizum,0
161,2025-06-17 08:00:00,290,43,4,Tarjeta,0
162,2025-06-17 17:00:00,455,71,2,Tarjeta,15
163,2025-07-28 19:00:00,461,116,2,Tarjeta,10
164,2025-08-27 12:00:00,235,57,3,Tarjeta,5
165,2025-06-30 12:00:00,411,40,2,Tarjeta,0
166,2025-09-12 06:00:00,40,112,2,Tarjeta,0
167,2025-09-22 18:00:00,396,66,2,Bizum,0
168,2025-07-02 10:00:00,469,73,1,Bizum,0
169,2025-04-28 02:00:00,369,117,1,Tarjeta,10
170,2025-03-25 00:00:00,26,29,1,Tarjeta,0
171,2025-12-30 08:00:00,41,12,3,Tarjeta,10
172,2025-02-08 07:00:00,448,32,2,Bizum,0
173,2025-05-22 08:00:00,168,148,1,Tarjeta,5
174,2025-07-30 13:00:00,67,96,1,Efectivo,0
175,2025-01-29 06:00:00,37,18,3,Tarjeta,0
176,2025-07-29 11:00:00,460,71,1,Tarjeta,0
177,2025-07-15 09:00:00,434,35,1,Efectivo,0
178,2025-07-24 15:00:00,482,150,4,Efectivo,0
179,2025-08-31 08:00:00,66,135,1,Bizum,15
180,2025-07-28 11:00:00,5,124,2,Tarjeta,5
181,2025-08-10 11:00:00,323,17,2,Efectivo,0
182,2025-01-30 13:00:00,187,119,2,Tarjeta,20
183,2025-02-15 21:00:00,196,15,4,Tarjeta,0
184,2025-01-22 04:00:00,466,86,1,Bizum,0
185,2025-05-14 17:00:00,278,4,1,Tarjeta,0
186,2025-05-29 05:00:00,204,137,4,Efectivo,15
187,2025-05-11 07:00:00,113,54,2,Efectivo,5
188,2025-09-04 00:00:00,425,6,1,Bizum,0
189,2025-12-11 01:00:00,497,77,1,Bizum,5
190,2025-12-17 18:00:00,149,67,3,Efectivo,20
191,2025-12-28 20:00:00,428,13,2,Tarjeta,15
192,2025-01-27 15:00:00,373,80,1,Tarjeta,0
193,2025-04-01 04:00:00,294,71,2,Tarjeta,5
194,2025-07-25 14:00:00,24,75,2,Tarjeta,15
195,2025-03-07 14:00:00,331,140,4,Bizum,10
196,2025-02-19 13:00:00,49,70,3,Tarjeta,5
197,2025-12-10 08:00:00,325,93,3,Tarjeta,0
198,2025-11-15 13:00:00,414,118,3,Tarjeta,0
199,2025-12-11 17:00:00,211,44,1,Tarjeta,0
200,2025-03-22 12:00:00,242,2,3,Bizum,0
201,2025-04-23 19:00:00,434,45,2,Tarjeta,0
202,2025-01-24 12:00:00,22,128,1,Efectivo,0
203,2025-01-15 14:00:00,484,48,2,Efectivo,15
204,2025-10-26 18:00:00,79,39,3,Bizum,5
205,2025-11-18 14:00:00,498,21,4,Tarjeta,20
206,2025-12-26 22:00:00,411,82,1,Cheque regalo,5
207,2025-03-24 18:00:00,455,84,1,Tarjeta,0
208,2025-04-28 16:00:00,300,69,2,Efectivo,0
209,2025-01-21 21:00:00,323,76,3,Efectivo,0
210,2025-08-31 12:00:00,491,133,2,Tarjeta,5
211,2025-07-01 22:00:00,27,5,2,Tarjeta,0
212,2025-01-22 20:00:00,435,95,2,Tarjeta,0
213,2025-12-08 02:00:00,336,90,1,Tarjeta,15
214,2025-12-28 13:00:00,220,64,2,Tarjeta,15
215,2025-10-29 01:00:00,359,8,2,Tarjeta,5
216,2025-08-30 01:00:00,295,94,4,Efectivo,5
217,2025-02-04 22:00:00,89,37,2,Tarjeta,10
218,2025-07-06 04:00:00,22,14,1,Tarjeta,0
219,2025-03-07 04:00:00,133,90,3,Tarjeta,5
220,2025-10-07 01:00:00,371,133,1,Tarjeta,0
221,2025-05-04 18:00:00,60,25,4,Tarjeta,5
222,2025-12-21 09:00:00,49,67,2,Bizum,5
223,2025-02-03 12:00:00,420,150,2,Tarjeta,15
224,2025-05-28 21:00:00,9,129,1,Bizum,5
225,2025-12-04 01:00:00,101,45,2,Efectivo,0
226,2025-06-01 18:00:00,487,16,4,Tarjeta,0
227,2025-03-08 19:00:00,172,79,2,Cheque regalo,0
228,2025-12-20 16:00:00,144,103,2,Tarjeta,0
229,2025-03-29 08:00:00,457,7,4,Bizum,0
230,2025-03-17 23:00:00,453,132,2,Tarjeta,0
231,2025-03-28 19:00:00,149,54,1,Tarjeta,0
232,2025-07-03 10:00:00,398,128,1,Tarjeta,5
233,2025-11-15 01:00:00,43,68,2,Tarjeta,5
234,2025-11-29 11:00:00,340,128,3,Tarjeta,0
235,2025-07-18 14:00:00,225,80,1,Tarjeta,0
236,2025-10-29 02:00:00,85,142,2,Tarjeta,0
237,2025-02-01 10:00:00,441,2,2,Efectivo,10
238,2025-08-18 14:00:00,222,29,1,Tarjeta,0
239,2025-05-12 01:00:00,44,32,3,Tarjeta,15
240,2025-10-31 09:00:00,316,100,3,Bizum,0
241,2025-08-20 16:00:00,14,93,1,Efectivo,10
242,2025-06-23 05:00:00,490,114,1,Tarjeta,0
243,2025-10-07 17:00:00,455,20,1,Tarjeta,10
244,2025-02-14 19:00:00,206,97,4,Bizum,0
245,2025-10-11 00:00:00,64,45,1,Tarjeta,5
246,2025-07-10 09:00:00,100,29,2,Tarjeta,0
247,2025-03-07 00:00:00,491,68,3,Tarjeta,15
248,2025-03-03 04:00:00,26,130,1,Bizum,5
249,2025-07-31 09:00:00,391,96,1,Tarjeta,0
250,2025-05-24 22:00:00,310,56,2,Tarjeta,5
251,2025-06-12 18:00:00,176,55,4,Efectivo,0
252,2025-10-13 01:00:00,211,43,3,Bizum,10
253,2025-10-25 01:00:00,118,98,2,Tarjeta,5
254,2025-01-21 10:00:00,325,114,2,Tarjeta,0
255,2025-10-31 10:00:00,76,73,4,Tarjeta,10
256,2025-10-14 06:00:00,378,72,3,Tarjeta,5
257,2025-12-06 10:00:00,263,33,4,Cheque regalo,0
258,2025-07-12 11:00:00,189,96,2,Tarjeta,0
259,2025-05-06 22:00:00,293,133,3,Tarjeta,5
260,2025-05-14 23:00:00,242,117,2,Tarjeta,0
261,2025-02-28 00:00:00,60,130,4,Tarjeta,15
262,2025-10-19 01:00:00,300,72,1,Tarjeta,0
263,2025-03-07 01:00:00,419,6,3,Tarjeta,5
264,2025-01-26 00:00:00,59,104,2,Bizum,0
265,2025-05-11 03:00:00,102,79,2,Bizum,15
266,2025-11-14 02:00:00,207,131,3,Tarjeta,0
267,2025-01-14 16:00:00,50,103,1,Tarjeta,5
268,2025-06-03 03:00:00,357,129,2,Tarjeta,10
269,2025-05-13 02:00:00,165,24,2,Efectivo,20
270,2025-03-26 08:00:00,425,143,1,Cheque regalo,10
271,2025-06-05 15:00:00,169,2,1,Efectivo,5
272,2025-03-02 20:00:00,69,78,2,Tarjeta,0
273,2025-03-01 12:00:00,381,65,4,Tarjeta,0
274,2025-02-13 08:00:00,16,28,3,Efectivo,0
275,2025-04-26 13:00:00,415,46,5,Efectivo,0
276,2025-07-30 17:00:00,85,91,4,Tarjeta,0
277,2025-11-17 10:00:00,492,31,1,Tarjeta,0
278,2025-06-24 20:00:00,462,103,4,Efectivo,0
279,2025-06-22 05:00:00,356,61,2,Bizum,0
280,2025-02-04 02:00:00,99,67,3,Bizum,0
281,2025-09-27 19:00:00,38,35,4,Tarjeta,0
282,2025-04-30 12:00:00,15,131,3,Bizum,0
283,2025-10-20 19:00:00,434,16,2,Efectivo,10
284,2025-05-16 03:00:00,45,112,1,Tarjeta,5
285,2025-11-09 04:00:00,315,15,1,Efectivo,5
286,2025-05-12 17:00:00,59,7,1,Tarjeta,0
287,2025-12-26 08:00:00,56,29,1,Tarjeta,0
288,2025-07-15 20:00:00,176,142,2,Tarjeta,10
289,2025-11-26 14:00:00,235,33,2,Efectivo,0
290,2025-11-21 23:00:00,363,19,3,Tarjeta,0
291,2025-02-05 18:00:00,112,85,3,Tarjeta,0
292,2025-11-26 10:00:00,99,7,2,Tarjeta,0
293,2025-10-17 16:00:00,221,17,3,Bizum,0
294,2025-09-11 13:00:00,33,61,1,Efectivo,5
295,2025-05-16 13:00:00,457,26,2,Tarjeta,10
296,2025-04-22 01:00:00,88,29,1,Tarjeta,0
297,2025-08-31 14:00:00,58,24,4,Efectivo,0
298,2025-12-14 00:00:00,278,146,2,Tarjeta,20
299,2025-05-02 03:00:00,337,53,1,Efectivo,20
300,2025-07-31 21:00:00,391,100,1,Tarjeta,0
301,2025-03-10 17:00:00,183,29,1,Bizum,0
302,2025-05-15 21:00:00,322,50,2,Tarjeta,10
303,2025-05-20 09:00:00,177,123,1,Tarjeta,0
304,2025-10-23 15:00:00,316,139,1,Bizum,0
305,2025-02-16 05:00:00,361,48,2,Tarjeta,15
306,2025-12-30 00:00:00,366,69,1,Bizum,0
307,2025-10-30 14:00:00,149,81,2,Tarjeta,0
308,2025-02-02 01:00:00,80,66,2,Tarjeta,0
309,2025-10-01 19:00:00,50,142,1,Tarjeta,0
310,2025-12-17 20:00:00,41,27,1,Cheque regalo,0
311,2025-01-14 08:00:00,2,24,3,Cheque regalo,0
312,2025-11-15 05:00:00,310,139,2,Efectivo,5
313,2025-04-01 05:00:00,240,24,1,Tarjeta,0
314,2025-07-02 13:00:00,382,49,2,Tarjeta,0
315,2025-05-05 07:00:00,388,7,1,Tarjeta,0
316,2025-08-22 17:00:00,318,132,4,Tarjeta,0
317,2025-09-09 11:00:00,455,67,1,Tarjeta,0
318,2025-09-07 17:00:00,192,110,2,Tarjeta,0
319,2025-05-10 14:00:00,79,25,2,Tarjeta,0
320,2025-12-20 03:00:00,200,147,3,Tarjeta,10
321,2025-08-03 05:00:00,57,30,1,Efectivo,20
322,2025-06-10 05:00:00,251,54,1,Bizum,0
323,2025-11-27 17:00:00,172,111,2,Cheque regalo,10
324,2025-10-26 21:00:00,384,97,1,Tarjeta,10
325,2025-12-29 13:00:00,378,33,2,Tarjeta,10
326,2025-06-26 08:00:00,482,98,1,Cheque regalo,0
327,2025-03-16 01:00:00,158,84,3,Tarjeta,0
328,2025-08-02 15:00:00,362,46,1,Tarjeta,5
329,2025-03-18 07:00:00,288,92,2,Efectivo,5
330,2025-04-09 03:00:00,441,110,2,Tarjeta,0
331,2025-03-13 17:00:00,91,149,2,Bizum,0
332,2025-09-23 22:00:00,255,65,1,Cheque regalo,0
333,2025-12-03 09:00:00,203,12,1,Bizum,0
334,2025-02-04 07:00:00,273,39,1,Tarjeta,0
335,2025-05-01 12:00:00,139,35,2,Efectivo,5
336,2025-01-01 21:00:00,415,135,2,Tarjeta,5
337,2025-12-24 19:00:00,500,103,1,Bizum,0
338,2025-12-27 08:00:00,221,90,3,Bizum,15
339,2025-09-19 09:00:00,30,145,3,Tarjeta,0
340,2025-03-14 08:00:00,175,33,2,Bizum,5
341,2025-02-13 22:00:00,263,85,3,Tarjeta,0
342,2025-09-07 00:00:00,80,43,2,Bizum,10
343,2025-05-31 20:00:00,255,62,4,Bizum,0
344,2025-04-10 08:00:00,363,33,4,Tarjeta,0
345,2025-11-11 12:00:00,164,106,2,Tarjeta,10
346,2025-02-21 07:00:00,436,145,4,Tarjeta,0
347,2025-10-09 11:00:00,257,105,1,Efectivo,0
348,2025-06-17 01:00:00,196,73,3,Bizum,5
349,2025-10-10 09:00:00,399,6,4,Tarjeta,0
350,2025-06-18 04:00:00,297,62,3,Tarjeta,5
351,2025-10-01 06:00:00,300,86,3,Tarjeta,10
352,2025-01-06 12:00:00,383,148,2,Efectivo,15
353,2025-04-29 03:00:00,354,22,1,Tarjeta,0
354,2025-03-23 19:00:00,483,104,3,Tarjeta,20
355,2025-10-18 07:00:00,158,46,2,Tarjeta,5
356,2025-02-14 11:00:00,19,113,3,Efectivo,10
357,2025-05-13 11:00:00,240,146,2,Efectivo,0
358,2025-12-19 10:00:00,363,138,5,Bizum,15
359,2025-07-13 15:00:00,374,145,2,Bizum,0
360,2025-07-23 07:00:00,6,6,2,Tarjeta,15
361,2025-02-06 13:00:00,209,113,1,Tarjeta,0
362,2025-12-30 16:00:00,443,55,2,Tarjeta,0
363,2025-06-10 23:00:00,37,122,1,Efectivo,0
364,2025-03-06 22:00:00,381,141,1,Tarjeta,15
365,2025-11-24 21:00:00,436,34,3,Cheque regalo,5
366,2025-01-02 04:00:00,73,103,3,Tarjeta,0
367,2025-05-31 02:00:00,499,124,1,Efectivo,0
368,2025-11-18 01:00:00,110,61,1,Bizum,0
369,2025-06-07 09:00:00,441,103,4,Tarjeta,0
370,2025-06-08 16:00:00,167,30,2,Tarjeta,0
371,2025-12-05 16:00:00,217,77,1,Bizum,5
372,2025-01-26 04:00:00,180,110,1,Tarjeta,10
373,2025-08-23 06:00:00,308,2,3,Efectivo,0
374,2025-06-20 06:00:00,56,118,2,Tarjeta,0
375,2025-12-14 12:00:00,36,81,4,Tarjeta,10
376,2025-08-16 15:00:00,184,8,3,Efectivo,5
377,2025-09-18 16:00:00,436,150,2,Tarjeta,0
378,2025-11-30 10:00:00,394,128,2,Bizum,10
379,2025-05-05 10:00:00,132,12,2,Tarjeta,0
380,2025-07-21 09:00:00,180,121,1,Tarjeta,0
381,2025-05-03 06:00:00,464,43,4,Tarjeta,5
382,2025-12-26 09:00:00,16,134,3,Tarjeta,0
383,2025-12-18 20:00:00,252,51,2,Bizum,5
384,2025-05-16 01:00:00,486,11,3,Efectivo,0
385,2025-07-03 17:00:00,280,141,1,Bizum,0
386,2025-10-13 03:00:00,124,10,2,Bizum,0
387,2025-08-10 18:00:00,349,56,2,Efectivo,10
388,2025-09-16 22:00:00,343,50,1,Tarjeta,0
389,2025-11-23 09:00:00,210,84,1,Bizum,0
390,2025-07-22 16:00:00,286,120,3,Bizum,0
391,2025-02-02 21:00:00,149,68,2,Tarjeta,5
392,2025-12-09 07:00:00,327,36,3,Bizum,0
393,2025-01-18 13:00:00,263,26,3,Efectivo,0
394,2025-02-24 12:00:00,152,81,2,Bizum,0
395,2025-06-13 21:00:00,101,42,2,Bizum,0
396,2025-01-05 09:00:00,176,122,1,Bizum,0
397,2025-01-05 13:00:00,186,137,3,Tarjeta,15
398,2025-11-14 11:00:00,334,45,3,Tarjeta,0
399,2025-09-23 22:00:00,60,134,1,Bizum,0
400,2025-06-28 15:00:00,33,125,1,Tarjeta,0
401,2025-01-10 22:00:00,478,30,3,Efectivo,0
402,2025-04-23 03:00:00,169,132,2,Efectivo,0
403,2025-03-04 02:00:00,217,33,3,Efectivo,5
404,2025-04-12 16:00:00,370,42,1,Tarjeta,20
405,2025-04-09 15:00:00,141,150,1,Tarjeta,0
406,2025-05-16 22:00:00,222,105,3,Tarjeta,0
407,2025-06-27 16:00:00,303,37,3,Tarjeta,0
408,2025-03-12 09:00:00,309,8,1,Efectivo,0
409,2025-07-08 09:00:00,23,51,1,Tarjeta,0
410,2025-06-11 14:00:00,65,1,2,Tarjeta,0
411,2025-09-29 19:00:00,200,87,3,Tarjeta,0
412,2025-01-23 11:00:00,165,84,4,Tarjeta,0
413,2025-12-03 13:00:00,264,141,1,Tarjeta,0
414,2025-03-09 08:00:00,212,31,2,Tarjeta,0
415,2025-03-22 16:00:00,156,30,3,Tarjeta,10
416,2025-08-04 13:00:00,26,100,3,Efectivo,0
417,2025-12-10 02:00:00,400,34,3,Tarjeta,5
418,2025-01-25 07:00:00,28,32,4,Tarjeta,0
419,2025-05-13 17:00:00,458,46,2,Bizum,0
420,2025-02-02 20:00:00,142,148,2,Bizum,5
421,2025-08-07 02:00:00,259,110,3,Tarjeta,0
422,2025-06-26 16:00:00,200,90,2,Tarjeta,5
423,2025-02-15 18:00:00,255,104,3,Efectivo,0
424,2025-11-13 09:00:00,477,26,2,Tarjeta,0
425,2025-11-13 02:00:00,84,144,2,Tarjeta,5
426,2025-07-03 00:00:00,163,59,2,Tarjeta,0
427,2025-03-26 08:00:00,353,105,1,Efectivo,0
428,2025-05-31 21:00:00,4,14,1,Tarjeta,10
429,2025-08-13 17:00:00,333,29,3,Tarjeta,5
430,2025-11-24 01:00:00,51,104,3,Tarjeta,0
431,2025-12-17 14:00:00,341,136,3,Tarjeta,5
432,2025-04-18 00:00:00,133,142,3,Cheque regalo,0
433,2025-06-06 14:00:00,94,35,2,Bizum,5
434,2025-08-04 06:00:00,267,102,3,Tarjeta,10
435,2025-10-11 02:00:00,427,68,1,Bizum,0
436,2025-12-12 17:00:00,349,102,1,Tarjeta,0
437,2025-01-11 04:00:00,471,77,2,Tarjeta,5
438,2025-02-07 04:00:00,300,142,1,Tarjeta,0
439,2025-05-21 14:00:00,440,141,1,Tarjeta,5
440,2025-08-13 11:00:00,221,3,3,Tarjeta,5
441,2025-11-05 21:00:00,144,49,2,Bizum,15
442,2025-07-15 21:00:00,146,23,2,Tarjeta,5
443,2025-02-09 05:00:00,93,46,2,Tarjeta,0
444,2025-10-27 11:00:00,372,52,2,Tarjeta,0
445,2025-05-11 06:00:00,235,133,1,Tarjeta,10
446,2025-09-03 22:00:00,430,61,1,Tarjeta,5
447,2025-12-22 09:00:00,448,105,3,Bizum,0
448,2025-03-10 16:00:00,17,27,2,Tarjeta,5
449,2025-05-02 12:00:00,170,111,1,Tarjeta,5
450,2025-04-23 01:00:00,7,41,2,Tarjeta,0
451,2025-11-30 07:00:00,450,51,2,Efectivo,0
452,2025-01-28 04:00:00,477,137,2,Tarjeta,0
453,2025-06-03 16:00:00,493,128,1,Tarjeta,0
454,2025-12-25 01:00:00,219,140,4,Efectivo,0
455,2025-09-04 08:00:00,129,149,2,Efectivo,0
456,2025-07-19 08:00:00,35,99,4,Tarjeta,0
457,2025-12-14 10:00:00,417,105,2,Tarjeta,0
458,2025-01-11 16:00:00,401,14,2,Tarjeta,0
459,2025-02-21 20:00:00,138,14,1,Tarjeta,5
460,2025-04-11 02:00:00,247,27,3,Tarjeta,0
461,2025-09-17 20:00:00,486,117,1,Bizum,0
462,2025-03-12 15:00:00,284,81,2,Tarjeta,0
463,2025-01-01 10:00:00,15,88,2,Tarjeta,0
464,2025-10-27 19:00:00,41,52,2,Tarjeta,0
465,2025-07-21 14:00:00,158,38,3,Tarjeta,0
466,2025-05-22 22:00:00,477,74,1,Tarjeta,0
467,2025-10-11 19:00:00,440,39,3,Tarjeta,15
468,2025-09-27 19:00:00,90,52,4,Bizum,0
469,2025-05-15 23:00:00,291,109,2,Tarjeta,10
470,2025-12-19 21:00:00,239,16,2,Efectivo,0
471,2025-10-18 21:00:00,137,90,3,Tarjeta,5
472,2025-03-17 00:00:00,457,109,4,Bizum,5
473,2025-01-08 11:00:00,333,21,1,Bizum,5
474,2025-01-15 16:00:00,443,109,1,Tarjeta,5
475,2025-10-11 10:00:00,136,79,3,Tarjeta,0
476,2025-08-11 01:00:00,295,98,2,Bizum,5
477,2025-03-20 07:00:00,24,78,3,Tarjeta,10
478,2025-11-04 10:00:00,405,122,1,Bizum,15
479,2025-08-13 16:00:00,225,100,4,Tarjeta,0
480,2025-05-13 14:00:00,240,67,1,Tarjeta,0
481,2025-04-21 08:00:00,457,27,3,Efectivo,5
482,2025-11-29 18:00:00,441,41,3,Bizum,0
483,2025-08-29 09:00:00,320,103,2,Tarjeta,15
484,2025-03-16 09:00:00,121,31,3,Efectivo,15
485,2025-04-19 05:00:00,32,6,4,Tarjeta,0
486,2025-02-11 02:00:00,46,71,2,Tarjeta,20
487,2025-05-23 05:00:00,275,90,2,Tarjeta,10
488,2025-05-09 09:00:00,290,18,3,Tarjeta,0
489,2025-12-26 17:00:00,311,14,6,Efectivo,15
490,2025-03-12 10:00:00,57,114,3,Tarjeta,0
491,2025-09-08 07:00:00,270,65,1,Efectivo,0
492,2025-12-16 02:00:00,461,139,2,Tarjeta,0
493,2025-11-06 16:00:00,359,141,1,Bizum,0
494,2025-10-19 18:00:00,1,56,2,Tarjeta,0
495,2025-04-08 07:00:00,158,36,2,Tarjeta,0
496,2025-09-16 11:00:00,437,149,3,Bizum,20
497,2025-03-18 08:00:00,23,59,2,Tarjeta,0
498,2025-09-25 03:00:00,472,65,2,Tarjeta,0
499,2025-03-29 08:00:00,245,131,3,Cheque regalo,0
500,2025-07-08 03:00:00,401,145,2,Tarjeta,5
501,2025-09-16 08:00:00,124,43,2,Tarjeta,0
502,2025-09-19 18:00:00,217,80,2,Cheque regalo,0
503,2025-06-24 07:00:00,18,94,3,Tarjeta,0
504,2025-11-20 21:00:00,239,61,3,Bizum,5
505,2025-10-17 21:00:00,111,12,3,Tarjeta,0
506,2025-11-27 19:00:00,27,61,1,Tarjeta,5
507,2025-03-18 21:00:00,470,36,1,Tarjeta,0
508,2025-03-07 18:00:00,58,150,4,Bizum,0
509,2025-07-04 15:00:00,6,80,5,Bizum,0
510,2025-04-11 22:00:00,82,150,4,Tarjeta,5
511,2025-12-03 16:00:00,275,66,3,Tarjeta,0
512,2025-02-12 17:00:00,88,144,2,Tarjeta,0
513,2025-03-26 06:00:00,146,81,1,Tarjeta,0
514,2025-07-16 07:00:00,343,54,3,Tarjeta,10
515,2025-06-11 08:00:00,313,31,3,Tarjeta,0
516,2025-06-20 12:00:00,360,31,2,Tarjeta,0
517,2025-09-06 16:00:00,370,19,4,Tarjeta,5
518,2025-09-03 19:00:00,30,95,2,Tarjeta,0
519,2025-06-29 15:00:00,101,3,1,Tarjeta,0
520,2025-04-18 12:00:00,221,1,2,Efectivo,5
521,2025-01-28 23:00:00,147,113,2,Bizum,0
522,2025-02-14 18:00:00,192,116,3,Bizum,0
523,2025-04-01 16:00:00,26,23,2,Tarjeta,0
524,2025-10-29 10:00:00,11,131,1,Tarjeta,0
525,2025-07-06 19:00:00,59,122,2,Cheque regalo,5
526,2025-11-05 08:00:00,382,85,1,Tarjeta,5
527,2025-08-07 09:00:00,271,41,1,Efectivo,5
528,2025-10-02 18:00:00,499,60,2,Tarjeta,0
529,2025-09-08 00:00:00,238,78,3,Tarjeta,0
530,2025-06-22 22:00:00,189,140,3,Tarjeta,5
531,2025-07-31 16:00:00,167,80,2,Efectivo,5
532,2025-03-04 14:00:00,67,41,1,Tarjeta,0
533,2025-05-07 17:00:00,362,87,2,Tarjeta,15
534,2025-12-05 11:00:00,405,30,4,Tarjeta,0
535,2025-06-17 11:00:00,427,125,2,Tarjeta,20
536,2025-11-28 17:00:00,395,122,3,Efectivo,0
537,2025-01-22 23:00:00,286,20,4,Tarjeta,0
538,2025-02-03 06:00:00,309,62,1,Bizum,0
539,2025-09-18 09:00:00,27,115,2,Tarjeta,5
540,2025-02-07 09:00:00,311,141,2,Tarjeta,0
541,2025-06-27 14:00:00,105,85,2,Efectivo,10
542,2025-07-02 02:00:00,144,2,2,Tarjeta,20
543,2025-06-24 08:00:00,22,124,1,Bizum,10
544,2025-01-31 14:00:00,471,8,2,Tarjeta,5
545,2025-08-21 23:00:00,110,128,1,Tarjeta,5
546,2025-05-09 10:00:00,144,125,4,Efectivo,0
547,2025-01-23 16:00:00,17,19,2,Tarjeta,0
548,2025-11-30 23:00:00,295,125,2,Tarjeta,5
549,2025-01-20 00:00:00,359,9,2,Tarjeta,0
550,2025-02-17 18:00:00,103,125,2,Efectivo,0
551,2025-11-28 09:00:00,22,80,5,Efectivo,10
552,2025-07-18 23:00:00,182,25,2,Tarjeta,5
553,2025-02-09 16:00:00,457,125,3,Efectivo,5
554,2025-04-14 12:00:00,403,78,1,Tarjeta,15
555,2025-10-06 12:00:00,117,52,1,Cheque regalo,5
556,2025-10-12 23:00:00,215,72,2,Bizum,0
557,2025-08-20 15:00:00,258,50,3,Efectivo,0
558,2025-05-16 04:00:00,373,100,3,Cheque regalo,0
559,2025-09-02 17:00:00,335,23,2,Tarjeta,0
560,2025-07-13 16:00:00,223,16,3,Bizum,0
561,2025-06-03 11:00:00,323,118,2,Bizum,5
562,2025-03-19 20:00:00,9,123,3,Tarjeta,10
563,2025-09-15 16:00:00,50,95,2,Bizum,0
564,2025-07-13 05:00:00,386,81,4,Bizum,0
565,2025-09-27 20:00:00,421,37,4,Efectivo,0
566,2025-08-19 19:00:00,265,120,2,Cheque regalo,5
567,2025-04-27 03:00:00,33,131,2,Tarjeta,0
568,2025-07-08 10:00:00,381,75,1,Efectivo,0
569,2025-08-08 10:00:00,32,121,4,Tarjeta,0
570,2025-06-24 09:00:00,229,109,3,Bizum,0
571,2025-11-20 18:00:00,45,78,2,Bizum,5
572,2025-07-28 03:00:00,168,54,2,Tarjeta,0
573,2025-06-11 21:00:00,162,60,2,Cheque regalo,0
574,2025-06-07 04:00:00,104,109,5,Efectivo,0
575,2025-06-14 15:00:00,4,22,4,Tarjeta,0
576,2025-02-20 11:00:00,209,107,2,Tarjeta,0
577,2025-09-02 20:00:00,407,80,3,Bizum,0
578,2025-02-14 23:00:00,36,112,3,Tarjeta,0
579,2025-07-27 11:00:00,302,25,2,Bizum,0
580,2025-08-09 03:00:00,73,137,1,Tarjeta,0
581,2025-08-03 01:00:00,372,89,3,Bizum,0
582,2025-01-08 19:00:00,40,119,3,Tarjeta,20
583,2025-12-20 22:00:00,392,13,2,Efectivo,0
584,2025-08-30 10:00:00,147,5,1,Efectivo,0
585,2025-06-26 09:00:00,449,141,2,Efectivo,0
586,2025-03-13 05:00:00,6,40,2,Tarjeta,10
587,2025-09-09 10:00:00,340,123,1,Bizum,15
588,2025-12-11 05:00:00,463,28,3,Tarjeta,5
589,2025-04-27 09:00:00,130,24,1,Tarjeta,0
590,2025-12-09 01:00:00,358,30,1,Tarjeta,0
591,2025-06-30 00:00:00,27,60,2,Tarjeta,0
592,2025-03-25 23:00:00,316,107,4,Bizum,0
593,2025-04-07 10:00:00,284,94,1,Tarjeta,0
594,2025-11-26 06:00:00,94,114,1,Tarjeta,10
595,2025-08-19 00:00:00,225,86,2,Tarjeta,0
596,2025-06-17 15:00:00,366,43,3,Efectivo,5
597,2025-05-07 13:00:00,245,135,2,Efectivo,0
598,2025-02-07 01:00:00,258,112,2,Tarjeta,0
599,2025-09-29 03:00:00,201,32,1,Tarjeta,0
600,2025-09-16 15:00:00,5,8,1,Efectivo,15
601,2025-11-04 20:00:00,270,110,2,Bizum,0
602,2025-05-25 10:00:00,21,26,1,Tarjeta,0
603,2025-11-01 17:00:00,245,144,2,Tarjeta,0
604,2025-08-09 12:00:00,253,116,3,Bizum,10
605,2025-06-12 03:00:00,244,143,2,Bizum,0
606,2025-12-04 19:00:00,376,127,1,Tarjeta,0
607,2025-12-20 22:00:00,407,92,4,Bizum,5
608,2025-09-14 00:00:00,211,135,2,Tarjeta,5
609,2025-09-30 11:00:00,235,93,4,Tarjeta,0
610,2025-03-12 10:00:00,154,67,2,Tarjeta,0
611,2025-12-02 15:00:00,364,109,1,Tarjeta,0
612,2025-04-02 14:00:00,172,24,2,Tarjeta,5
613,2025-03-01 10:00:00,69,55,2,Tarjeta,15
614,2025-07-01 06:00:00,304,38,3,Cheque regalo,10
615,2025-02-01 11:00:00,115,24,5,Tarjeta,10
616,2025-10-01 01:00:00,12,29,3,Tarjeta,0
617,2025-02-17 17:00:00,124,3,2,Efectivo,0
618,2025-11-14 22:00:00,375,106,4,Bizum,5
619,2025-04-15 19:00:00,221,32,2,Efectivo,0
620,2025-02-16 14:00:00,146,8,2,Tarjeta,0
621,2025-05-22 23:00:00,154,131,1,Bizum,0
622,2025-09-23 04:00:00,369,106,4,Tarjeta,0
623,2025-10-30 07:00:00,29,20,2,Bizum,0
624,2025-04-17 06:00:00,424,128,1,Tarjeta,10
625,2025-03-11 10:00:00,361,23,1,Tarjeta,0
626,2025-12-10 20:00:00,371,101,4,Tarjeta,10
627,2025-01-21 13:00:00,324,21,3,Efectivo,0
628,2025-11-23 00:00:00,269,7,2,Efectivo,15
629,2025-08-03 18:00:00,47,33,2,Tarjeta,5
630,2025-02-13 23:00:00,52,57,3,Bizum,5
631,2025-06-26 04:00:00,176,136,2,Bizum,0
632,2025-04-28 02:00:00,124,126,3,Tarjeta,0
633,2025-01-07 00:00:00,112,16,1,Tarjeta,0
634,2025-08-28 20:00:00,357,66,1,Tarjeta,0
635,2025-02-16 12:00:00,366,10,4,Bizum,0
636,2025-09-05 10:00:00,370,36,5,Tarjeta,5
637,2025-05-12 04:00:00,440,150,2,Cheque regalo,0
638,2025-03-18 19:00:00,268,3,2,Tarjeta,5
639,2025-03-01 05:00:00,118,76,2,Efectivo,15
640,2025-08-02 01:00:00,479,57,2,Bizum,5
641,2025-12-27 16:00:00,59,42,3,Bizum,0
642,2025-11-29 21:00:00,153,147,3,Bizum,0
643,2025-07-04 03:00:00,57,105,2,Tarjeta,0
644,2025-08-27 19:00:00,462,61,1,Bizum,5
645,2025-12-13 20:00:00,485,86,2,Bizum,5
646,2025-08-26 04:00:00,202,125,2,Cheque regalo,0
647,2025-07-25 06:00:00,11,123,2,Bizum,0
648,2025-06-01 07:00:00,92,123,1,Tarjeta,5
649,2025-04-03 10:00:00,435,70,2,Tarjeta,0
650,2025-08-27 00:00:00,245,113,2,Tarjeta,0
651,2025-01-19 10:00:00,343,99,2,Tarjeta,5
652,2025-05-03 11:00:00,112,119,4,Tarjeta,20
653,2025-11-24 14:00:00,62,25,1,Tarjeta,0
654,2025-07-16 23:00:00,168,12,1,Tarjeta,15
655,2025-10-18 21:00:00,178,60,2,Tarjeta,0
656,2025-06-10 10:00:00,185,80,2,Efectivo,0
657,2025-03-25 08:00:00,51,90,1,Tarjeta,0
658,2025-11-29 23:00:00,73,7,4,Bizum,10
659,2025-04-26 10:00:00,180,26,2,Bizum,0
660,2025-04-28 14:00:00,435,34,1,Tarjeta,0
661,2025-08-12 18:00:00,295,59,3,Tarjeta,0
662,2025-01-06 00:00:00,153,71,1,Tarjeta,0
663,2025-08-20 21:00:00,122,69,2,Bizum,0
664,2025-05-04 04:00:00,340,24,2,Tarjeta,5
665,2025-11-14 06:00:00,336,131,2,Efectivo,5
666,2025-08-19 19:00:00,357,122,2,Tarjeta,10
667,2025-02-17 23:00:00,491,57,1,Tarjeta,0
668,2025-12-17 02:00:00,450,108,1,Tarjeta,5
669,2025-06-14 19:00:00,310,71,2,Tarjeta,0
670,2025-10-20 03:00:00,298,73,2,Tarjeta,0
671,2025-10-22 17:00:00,198,97,1,Efectivo,20
672,2025-06-04 12:00:00,164,114,2,Tarjeta,0
673,2025-06-24 11:00:00,256,20,1,Efectivo,0
674,2025-12-03 01:00:00,418,125,1,Tarjeta,0
675,2025-07-31 03:00:00,258,86,2,Cheque regalo,5
676,2025-10-13 10:00:00,375,115,2,Bizum,20
677,2025-04-01 09:00:00,431,67,3,Tarjeta,0
678,2025-04-30 11:00:00,80,63,1,Tarjeta,5
679,2025-08-17 20:00:00,217,94,3,Efectivo,0
680,2025-08-12 21:00:00,433,103,3,Tarjeta,10
681,2025-12-27 10:00:00,198,4,2,Tarjeta,5
682,2025-01-18 08:00:00,77,117,4,Tarjeta,10
683,2025-03-01 05:00:00,233,108,5,Tarjeta,10
684,2025-05-04 10:00:00,378,128,1,Tarjeta,0
685,2025-08-22 00:00:00,73,24,2,Bizum,0
686,2025-12-15 05:00:00,353,92,4,Tarjeta,10
687,2025-05-07 14:00:00,29,52,2,Tarjeta,5
688,2025-04-05 18:00:00,191,42,2,Tarjeta,0
689,2025-07-21 05:00:00,297,87,2,Bizum,5
690,2025-06-28 02:00:00,144,108,5,Cheque regalo,5
691,2025-09-03 16:00:00,372,115,1,Tarjeta,0
692,2025-02-26 04:00:00,133,48,2,Tarjeta,15
693,2025-02-28 22:00:00,273,134,2,Tarjeta,0
694,2025-01-31 06:00:00,263,44,4,Efectivo,15
695,2025-05-17 15:00:00,157,107,3,Tarjeta,0
696,2025-11-21 14:00:00,318,26,2,Tarjeta,5
697,2025-05-15 15:00:00,349,77,3,Bizum,0
698,2025-09-12 07:00:00,22,32,2,Tarjeta,0
699,2025-09-04 10:00:00,364,62,1,Tarjeta,5
700,2025-09-21 07:00:00,84,142,1,Bizum,5
701,2025-11-05 18:00:00,55,127,2,Tarjeta,15
702,2025-06-03 08:00:00,324,88,1,Bizum,5
703,2025-04-06 12:00:00,375,14,1,Tarjeta,0
704,2025-07-03 14:00:00,146,134,1,Tarjeta,0
705,2025-09-12 13:00:00,80,93,1,Bizum,5
706,2025-01-04 04:00:00,476,45,1,Tarjeta,0
707,2025-11-15 20:00:00,16,101,1,Tarjeta,15
708,2025-12-19 00:00:00,400,126,5,Tarjeta,20
709,2025-06-19 19:00:00,79,3,2,Efectivo,5
710,2025-12-16 02:00:00,335,123,3,Tarjeta,0
711,2025-12-22 12:00:00,483,81,3,Efectivo,0
712,2025-04-12 04:00:00,22,48,5,Tarjeta,15
713,2025-01-24 21:00:00,425,76,4,Tarjeta,5
714,2025-10-06 04:00:00,241,8,2,Efectivo,5
715,2025-12-20 12:00:00,8,43,3,Tarjeta,0
716,2025-04-19 01:00:00,441,84,4,Bizum,0
717,2025-11-29 03:00:00,402,7,3,Tarjeta,10
718,2025-06-13 20:00:00,191,143,1,Tarjeta,5
719,2025-06-30 09:00:00,202,15,2,Efectivo,5
720,2025-08-26 00:00:00,79,63,3,Tarjeta,0
721,2025-10-14 11:00:00,458,133,2,Tarjeta,0
722,2025-10-15 12:00:00,129,149,1,Tarjeta,0
723,2025-11-09 08:00:00,130,83,1,Efectivo,0
724,2025-05-13 08:00:00,65,34,3,Tarjeta,0
725,2025-05-19 19:00:00,69,102,2,Tarjeta,5
726,2025-08-17 21:00:00,460,9,2,Tarjeta,0
727,2025-08-22 19:00:00,373,30,3,Tarjeta,5
728,2025-10-08 22:00:00,242,74,3,Tarjeta,20
729,2025-09-15 02:00:00,110,72,2,Tarjeta,5
730,2025-04-19 19:00:00,425,3,4,Tarjeta,5
731,2025-12-18 13:00:00,124,19,2,Tarjeta,0
732,2025-03-01 01:00:00,203,35,3,Tarjeta,10
733,2025-08-02 20:00:00,186,101,3,Tarjeta,0
734,2025-09-24 09:00:00,460,1,1,Tarjeta,0
735,2025-03-17 16:00:00,107,78,2,Tarjeta,0
736,2025-10-13 09:00:00,73,109,2,Tarjeta,0
737,2025-08-24 20:00:00,248,8,1,Efectivo,0
738,2025-01-08 06:00:00,471,10,2,Tarjeta,0
739,2025-08-22 12:00:00,161,74,4,Cheque regalo,20
740,2025-02-09 13:00:00,440,145,2,Bizum,0
741,2025-10-17 09:00:00,152,39,3,Bizum,0
742,2025-05-28 08:00:00,6,74,2,Efectivo,0
743,2025-04-06 00:00:00,206,92,3,Tarjeta,0
744,2025-09-17 13:00:00,126,91,1,Efectivo,5
745,2025-12-13 04:00:00,142,48,3,Tarjeta,10
746,2025-06-13 16:00:00,15,112,6,Tarjeta,5
747,2025-02-04 02:00:00,191,12,2,Tarjeta,0
748,2025-01-26 02:00:00,138,13,2,Tarjeta,0
749,2025-11-28 19:00:00,190,71,2,Tarjeta,0
750,2025-04-18 14:00:00,141,35,2,Bizum,0
751,2025-04-28 00:00:00,15,52,1,Tarjeta,5
752,2025-04-13 08:00:00,120,78,2,Tarjeta,5
753,2025-06-14 19:00:00,403,121,2,Bizum,10
754,2025-05-04 00:00:00,59,46,1,Tarjeta,0
755,2025-07-19 23:00:00,284,12,4,Cheque regalo,0
756,2025-11-14 06:00:00,109,14,1,Tarjeta,10
757,2025-02-03 22:00:00,333,19,2,Bizum,0
758,2025-01-08 17:00:00,40,96,3,Tarjeta,0
759,2025-11-15 03:00:00,357,20,3,Tarjeta,0
760,2025-05-24 03:00:00,378,6,1,Bizum,0
761,2025-04-01 20:00:00,137,14,2,Bizum,0
762,2025-01-13 00:00:00,306,71,1,Bizum,0
763,2025-09-16 21:00:00,154,24,1,Efectivo,0
764,2025-09-22 05:00:00,149,32,3,Tarjeta,0
765,2025-07-30 15:00:00,333,62,2,Efectivo,0
766,2025-08-29 12:00:00,22,116,4,Efectivo,0
767,2025-01-23 02:00:00,9,146,2,Bizum,20
768,2025-08-09 22:00:00,28,86,1,Tarjeta,15
769,2025-11-14 06:00:00,498,19,3,Tarjeta,5
770,2025-06-14 21:00:00,410,46,4,Efectivo,5
771,2025-12-14 20:00:00,95,28,2,Tarjeta,15
772,2025-08-22 14:00:00,336,133,4,Tarjeta,0
773,2025-02-11 06:00:00,165,95,1,Tarjeta,0
774,2025-03-27 23:00:00,16,79,2,Tarjeta,0
775,2025-07-24 23:00:00,210,4,1,Tarjeta,0
776,2025-07-19 22:00:00,426,116,2,Tarjeta,0
777,2025-11-22 20:00:00,469,130,2,Tarjeta,0
778,2025-02-24 12:00:00,267,78,2,Cheque regalo,0
779,2025-07-22 13:00:00,368,104,2,Efectivo,0
780,2025-11-26 23:00:00,218,147,3,Bizum,10
781,2025-03-11 13:00:00,252,87,3,Tarjeta,0
782,2025-09-08 21:00:00,207,103,2,Bizum,5
783,2025-11-26 08:00:00,40,8,1,Tarjeta,0
784,2025-12-22 14:00:00,433,22,3,Efectivo,10
785,2025-05-28 07:00:00,494,84,2,Bizum,0
786,2025-08-09 09:00:00,383,68,3,Tarjeta,0
787,2025-07-21 06:00:00,389,15,2,Cheque regalo,5
788,2025-09-02 22:00:00,384,113,1,Tarjeta,0
789,2025-04-09 16:00:00,340,15,2,Tarjeta,0
790,2025-08-19 11:00:00,348,77,1,Bizum,5
791,2025-05-03 11:00:00,225,31,3,Bizum,10
792,2025-06-16 12:00:00,258,129,1,Tarjeta,0
793,2025-10-09 20:00:00,146,76,4,Efectivo,0
794,2025-07-09 19:00:00,456,79,2,Bizum,0
795,2025-08-27 21:00:00,168,20,3,Bizum,0
796,2025-07-26 16:00:00,457,6,3,Bizum,0
797,2025-10-29 11:00:00,397,87,1,Tarjeta,0
798,2025-02-23 14:00:00,287,62,1,Tarjeta,0
799,2025-08-24 11:00:00,115,19,2,Tarjeta,0
800,2025-07-12 09:00:00,352,140,5,Tarjeta,0
801,2025-11-29 21:00:00,209,9,2,Cheque regalo,0
802,2025-02-03 23:00:00,260,138,2,Tarjeta,0
803,2025-04-27 20:00:00,292,81,3,Tarjeta,0
804,2025-03-22 14:00:00,95,39,4,Tarjeta,5
805,2025-02-18 12:00:00,254,70,3,Efectivo,0
806,2025-05-24 10:00:00,129,86,2,Bizum,5
807,2025-04-21 15:00:00,378,97,3,Tarjeta,5
808,2025-02-10 12:00:00,369,121,3,Tarjeta,10
809,2025-08-13 20:00:00,186,124,2,Tarjeta,5
810,2025-03-21 23:00:00,435,57,4,Tarjeta,0
811,2025-06-11 17:00:00,394,99,1,Efectivo,0
812,2025-04-20 12:00:00,400,70,2,Bizum,0
813,2025-04-09 16:00:00,401,112,2,Tarjeta,0
814,2025-06-03 19:00:00,325,55,1,Tarjeta,0
815,2025-08-17 15:00:00,439,11,4,Tarjeta,5
816,2025-10-11 01:00:00,270,52,4,Bizum,0
817,2025-02-13 18:00:00,160,29,2,Tarjeta,0
818,2025-01-23 04:00:00,478,114,2,Tarjeta,0
819,2025-10-25 14:00:00,203,125,3,Tarjeta,0
820,2025-11-24 01:00:00,247,75,1,Tarjeta,0
821,2025-07-02 02:00:00,284,146,1,Tarjeta,0
822,2025-09-16 16:00:00,133,123,1,Tarjeta,0
823,2025-04-16 18:00:00,15,62,2,Tarjeta,5
824,2025-09-09 04:00:00,299,136,1,Tarjeta,0
825,2025-07-16 18:00:00,53,34,1,Cheque regalo,0
826,2025-06-17 22:00:00,419,4,3,Efectivo,10
827,2025-10-02 03:00:00,42,140,1,Tarjeta,0
828,2025-05-25 13:00:00,437,36,3,Tarjeta,0
829,2025-11-11 13:00:00,76,67,3,Tarjeta,0
830,2025-01-15 18:00:00,284,141,2,Tarjeta,0
831,2025-04-03 07:00:00,223,70,3,Tarjeta,5
832,2025-10-22 19:00:00,194,56,3,Tarjeta,15
833,2025-01-31 10:00:00,443,140,3,Tarjeta,0
834,2025-08-19 23:00:00,460,107,1,Tarjeta,0
835,2025-03-27 20:00:00,345,114,3,Tarjeta,0
836,2025-08-06 21:00:00,111,125,1,Efectivo,0
837,2025-04-16 06:00:00,201,23,3,Efectivo,0
838,2025-11-20 10:00:00,375,38,4,Tarjeta,0
839,2025-11-14 22:00:00,382,3,2,Bizum,5
840,2025-11-08 23:00:00,289,69,2,Bizum,0
841,2025-05-27 06:00:00,375,16,1,Cheque regalo,10
842,2025-03-10 14:00:00,326,17,4,Tarjeta,10
843,2025-05-09 09:00:00,415,62,4,Bizum,5
844,2025-09-30 12:00:00,233,114,2,Tarjeta,0
845,2025-01-14 13:00:00,472,69,3,Tarjeta,15
846,2025-04-20 15:00:00,129,149,1,Bizum,0
847,2025-01-23 00:00:00,245,22,2,Tarjeta,0
848,2025-07-24 09:00:00,355,1,2,Efectivo,0
849,2025-08-29 17:00:00,181,27,3,Cheque regalo,0
850,2025-10-24 15:00:00,230,118,4,Tarjeta,0
851,2025-03-02 00:00:00,406,111,2,Tarjeta,5
852,2025-08-20 19:00:00,100,96,4,Tarjeta,0
853,2025-07-11 15:00:00,339,89,2,Bizum,0
854,2025-01-06 23:00:00,439,57,2,Tarjeta,0
855,2025-10-19 00:00:00,412,90,3,Efectivo,0
856,2025-08-29 23:00:00,343,25,1,Efectivo,0
857,2025-09-09 23:00:00,405,53,2,Bizum,0
858,2025-04-17 23:00:00,432,104,2,Bizum,0
859,2025-02-04 14:00:00,459,100,1,Tarjeta,0
860,2025-11-17 06:00:00,183,71,3,Tarjeta,0
861,2025-10-09 02:00:00,280,101,2,Bizum,0
862,2025-02-16 07:00:00,274,4,2,Tarjeta,0
863,2025-06-26 09:00:00,423,81,2,Tarjeta,0
864,2025-01-13 21:00:00,93,89,2,Tarjeta,5
865,2025-07-22 17:00:00,233,13,1,Tarjeta,0
866,2025-09-25 04:00:00,460,127,3,Tarjeta,5
867,2025-03-23 09:00:00,425,58,1,Tarjeta,15
868,2025-04-11 15:00:00,334,54,2,Tarjeta,5
869,2025-09-18 15:00:00,1,48,1,Tarjeta,0
870,2025-09-21 12:00:00,186,84,1,Efectivo,5
871,2025-11-06 17:00:00,137,16,2,Bizum,10
872,2025-07-13 11:00:00,169,149,2,Efectivo,0
873,2025-09-14 03:00:00,475,115,1,Tarjeta,10
874,2025-03-26 00:00:00,362,48,1,Efectivo,15
875,2025-02-15 08:00:00,488,51,2,Tarjeta,0
876,2025-12-22 00:00:00,143,10,3,Bizum,10
877,2025-08-14 15:00:00,4,16,3,Tarjeta,0
878,2025-09-07 13:00:00,84,39,2,Tarjeta,15
879,2025-10-15 07:00:00,260,82,4,Cheque regalo,0
880,2025-11-13 17:00:00,84,78,1,Tarjeta,0
881,2025-07-22 14:00:00,477,48,1,Tarjeta,10
882,2025-08-14 23:00:00,115,29,1,Tarjeta,0
883,2025-05-06 07:00:00,244,47,2,Tarjeta,0
884,2025-02-04 08:00:00,443,2,3,Efectivo,0
885,2025-12-11 10:00:00,177,35,2,Bizum,0
886,2025-07-14 18:00:00,383,48,1,Tarjeta,0
887,2025-12-30 10:00:00,391,133,3,Tarjeta,15
888,2025-10-01 17:00:00,462,5,1,Bizum,0
889,2025-05-08 08:00:00,440,8,2,Tarjeta,0
890,2025-10-01 01:00:00,168,33,3,Efectivo,0
891,2025-05-11 06:00:00,201,11,1,Tarjeta,0
892,2025-02-09 06:00:00,167,146,2,Tarjeta,0
893,2025-05-01 02:00:00,133,134,1,Efectivo,0
894,2025-06-21 18:00:00,401,88,2,Bizum,0
895,2025-08-17 15:00:00,256,6,2,Tarjeta,5
896,2025-04-11 23:00:00,457,149,2,Tarjeta,15
897,2025-08-14 09:00:00,392,118,2,Efectivo,0
898,2025-01-27 09:00:00,11,52,1,Tarjeta,10
899,2025-08-28 02:00:00,202,119,4,Bizum,10
900,2025-07-23 15:00:00,143,26,1,Tarjeta,0
901,2025-09-12 20:00:00,191,13,2,Tarjeta,0
902,2025-08-01 07:00:00,435,123,2,Tarjeta,5
903,2025-12-27 09:00:00,335,87,2,Tarjeta,15
904,2025-04-10 15:00:00,215,24,2,Tarjeta,0
905,2025-12-23 22:00:00,184,149,3,Tarjeta,0
906,2025-07-11 05:00:00,94,23,3,Efectivo,5
907,2025-10-26 09:00:00,182,39,3,Tarjeta,0
908,2025-09-12 05:00:00,435,131,1,Tarjeta,0
909,2025-07-09 13:00:00,294,93,2,Tarjeta,0
910,2025-05-14 09:00:00,198,120,3,Tarjeta,0
911,2025-01-15 00:00:00,163,23,1,Tarjeta,15
912,2025-02-28 16:00:00,479,131,4,Tarjeta,15
913,2025-11-09 13:00:00,195,50,2,Tarjeta,0
914,2025-01-21 14:00:00,371,1,3,Bizum,0
915,2025-10-30 05:00:00,400,142,4,Efectivo,15
916,2025-08-27 05:00:00,250,18,3,Tarjeta,0
917,2025-08-02 13:00:00,238,101,2,Tarjeta,0
918,2025-01-14 17:00:00,358,14,2,Tarjeta,5
919,2025-02-11 15:00:00,482,88,1,Tarjeta,0
920,2025-02-01 03:00:00,66,3,2,Tarjeta,10
921,2025-08-18 10:00:00,363,73,2,Tarjeta,0
922,2025-06-07 06:00:00,428,80,3,Tarjeta,5
923,2025-08-12 09:00:00,16,76,1,Bizum,0
924,2025-04-07 00:00:00,103,62,1,Efectivo,5
925,2025-11-18 16:00:00,2,137,2,Efectivo,0
926,2025-07-29 14:00:00,21,148,1,Tarjeta,5
927,2025-08-08 10:00:00,82,120,3,Tarjeta,0
928,2025-10-01 19:00:00,16,123,1,Tarjeta,0
929,2025-08-17 20:00:00,43,105,1,Tarjeta,0
930,2025-05-28 23:00:00,121,45,1,Tarjeta,0
931,2025-02-12 11:00:00,291,1,2,Efectivo,0
932,2025-07-16 17:00:00,389,132,2,Bizum,0
933,2025-04-25 19:00:00,370,141,1,Bizum,0
934,2025-01-27 15:00:00,15,27,4,Tarjeta,5
935,2025-02-22 03:00:00,228,4,3,Efectivo,5
936,2025-11-23 12:00:00,236,147,3,Tarjeta,0
937,2025-08-04 15:00:00,381,130,1,Bizum,5
938,2025-02-01 05:00:00,457,100,2,Tarjeta,5
939,2025-03-29 10:00:00,57,80,4,Efectivo,0
940,2025-11-11 04:00:00,341,60,3,Tarjeta,0
941,2025-10-19 13:00:00,253,71,2,Efectivo,5
942,2025-10-21 21:00:00,473,149,2,Tarjeta,0
943,2025-09-24 03:00:00,200,6,4,Bizum,5
944,2025-07-07 04:00:00,166,77,1,Tarjeta,0
945,2025-06-18 21:00:00,127,32,2,Tarjeta,0
946,2025-06-28 17:00:00,182,33,3,Tarjeta,10
947,2025-10-12 18:00:00,480,40,2,Efectivo,10
948,2025-01-13 15:00:00,85,87,2,Efectivo,0
949,2025-06-06 19:00:00,358,80,1,Bizum,5
950,2025-10-05 04:00:00,418,77,1,Tarjeta,0
951,2025-02-11 13:00:00,285,32,4,Bizum,15
952,2025-07-23 14:00:00,294,56,3,Bizum,0
953,2025-06-20 10:00:00,223,78,4,Tarjeta,0
954,2025-05-19 12:00:00,10,97,2,Tarjeta,0
955,2025-08-25 08:00:00,327,1,3,Tarjeta,0
956,2025-12-28 00:00:00,491,30,2,Bizum,10
957,2025-08-13 23:00:00,466,93,2,Tarjeta,0
958,2025-03-18 17:00:00,164,34,2,Bizum,0
959,2025-10-20 09:00:00,191,84,1,Bizum,0
960,2025-02-25 11:00:00,375,41,4,Bizum,5
961,2025-05-31 11:00:00,430,24,3,Tarjeta,5
962,2025-04-22 09:00:00,373,69,1,Cheque regalo,20
963,2025-06-22 02:00:00,28,148,2,Bizum,0
964,2025-05-01 19:00:00,58,24,2,Cheque regalo,0
965,2025-08-12 23:00:00,308,47,1,Tarjeta,0
966,2025-06-21 20:00:00,471,111,6,Efectivo,10
967,2025-02-05 23:00:00,471,104,1,Bizum,0
968,2025-01-26 13:00:00,237,73,2,Bizum,5
969,2025-08-13 10:00:00,441,132,2,Tarjeta,0
970,2025-12-24 17:00:00,210,110,1,Efectivo,0
971,2025-09-03 02:00:00,5,34,1,Efectivo,15
972,2025-03-25 23:00:00,332,150,1,Efectivo,20
973,2025-10-09 08:00:00,447,26,3,Tarjeta,10
974,2025-08-26 10:00:00,497,65,1,Tarjeta,5
975,2025-05-26 10:00:00,56,125,1,Efectivo,5
976,2025-03-15 12:00:00,440,133,3,Tarjeta,0
977,2025-07-29 09:00:00,88,54,3,Bizum,0
978,2025-01-03 23:00:00,58,50,3,Tarjeta,0
979,2025-05-07 18:00:00,437,20,3,Efectivo,15
980,2025-06-26 03:00:00,320,14,4,Tarjeta,0
981,2025-06-17 06:00:00,217,131,4,Tarjeta,0
982,2025-06-26 13:00:00,333,15,2,Bizum,0
983,2025-12-05 03:00:00,29,40,2,Cheque regalo,0
984,2025-01-19 14:00:00,481,74,2,Tarjeta,0
985,2025-06-15 20:00:00,485,98,2,Tarjeta,0
986,2025-02-17 00:00:00,168,23,2,Tarjeta,5
987,2025-10-27 06:00:00,284,87,2,Tarjeta,0
988,2025-08-22 03:00:00,47,21,1,Efectivo,0
989,2025-04-27 14:00:00,358,127,3,Efectivo,0
990,2025-11-19 22:00:00,303,28,1,Tarjeta,0
991,2025-02-08 13:00:00,58,4,4,Tarjeta,5
992,2025-06-26 07:00:00,150,77,3,Bizum,0
993,2025-02-25 11:00:00,387,27,2,Tarjeta,10
994,2025-01-03 23:00:00,136,52,3,Tarjeta,0
995,2025-01-24 07:00:00,212,99,3,Bizum,0
996,2025-06-01 23:00:00,202,66,3,Tarjeta,0
997,2025-09-01 06:00:00,107,94,3,Bizum,0
998,2025-06-06 07:00:00,234,38,2,Tarjeta,0
999,2025-09-15 14:00:00,119,118,2,Efectivo,10
1000,2025-03-06 12:00:00,79,105,2,Tarjeta,0
1001,2025-08-25 10:00:00,441,48,2,Bizum,20
1002,2025-05-27 02:00:00,116,50,2,Efectivo,0
1003,2025-04-02 02:00:00,210,72,2,Tarjeta,5
1004,2025-08-14 22:00:00,254,49,1,Efectivo,0
1005,2025-09-19 04:00:00,389,38,2,Tarjeta,0
1006,2025-06-20 07:00:00,340,131,4,Bizum,10
1007,2025-12-07 12:00:00,235,113,2,Tarjeta,0
1008,2025-09-23 10:00:00,299,123,3,Bizum,0
1009,2025-11-28 18:00:00,165,65,2,Tarjeta,0
1010,2025-08-08 22:00:00,167,147,1,Tarjeta,5
1011,2025-03-09 12:00:00,423,66,1,Tarjeta,0
1012,2025-02-24 05:00:00,463,130,1,Tarjeta,0
1013,2025-08-01 00:00:00,149,16,5,Tarjeta,15
1014,2025-06-09 17:00:00,235,105,2,Bizum,10
1015,2025-07-27 00:00:00,387,133,3,Bizum,0
1016,2025-12-22 19:00:00,418,1,2,Tarjeta,20
1017,2025-02-26 07:00:00,372,77,2,Bizum,0
1018,2025-11-06 18:00:00,67,11,1,Tarjeta,5
1019,2025-03-01 08:00:00,488,36,2,Efectivo,0
1020,2025-07-30 18:00:00,455,24,2,Bizum,0
1021,2025-12-29 14:00:00,3,51,2,Tarjeta,0
1022,2025-10-07 08:00:00,456,48,2,Tarjeta,15
1023,2025-04-19 21:00:00,284,33,4,Tarjeta,0
1024,2025-11-20 17:00:00,391,103,2,Tarjeta,0
1025,2025-07-17 20:00:00,435,60,1,Tarjeta,5
1026,2025-10-27 05:00:00,390,50,2,Efectivo,0
1027,2025-01-13 08:00:00,59,94,1,Efectivo,5
1028,2025-08-16 17:00:00,213,88,1,Tarjeta,0
1029,2025-07-31 05:00:00,95,123,3,Tarjeta,0
1030,2025-11-29 07:00:00,390,26,1,Efectivo,5
1031,2025-05-15 16:00:00,441,35,1,Efectivo,0
1032,2025-08-28 19:00:00,180,38,1,Tarjeta,20
1033,2025-06-15 10:00:00,85,108,2,Tarjeta,5
1034,2025-07-07 03:00:00,115,115,1,Bizum,10
1035,2025-01-01 14:00:00,212,21,1,Cheque regalo,0
1036,2025-09-23 14:00:00,434,5,2,Tarjeta,5
1037,2025-06-12 02:00:00,24,74,2,Tarjeta,5
1038,2025-03-29 03:00:00,245,38,3,Bizum,0
1039,2025-03-11 03:00:00,196,23,2,Tarjeta,5
1040,2025-10-09 20:00:00,396,20,1,Tarjeta,0
1041,2025-08-03 06:00:00,284,28,2,Tarjeta,0
1042,2025-11-27 13:00:00,222,94,3,Efectivo,0
1043,2025-09-16 19:00:00,48,5,1,Bizum,0
1044,2025-05-24 15:00:00,235,142,2,Tarjeta,0
1045,2025-02-23 13:00:00,169,144,4,Bizum,0
1046,2025-05-06 22:00:00,195,120,4,Cheque regalo,5
1047,2025-03-15 05:00:00,421,89,2,Tarjeta,0
1048,2025-12-16 06:00:00,295,137,2,Cheque regalo,0
1049,2025-08-13 02:00:00,455,54,2,Tarjeta,0
1050,2025-12-31 17:00:00,399,34,2,Bizum,10
1051,2025-10-30 00:00:00,99,54,1,Cheque regalo,0
1052,2025-03-13 02:00:00,369,7,1,Tarjeta,5
1053,2025-09-14 12:00:00,421,42,1,Tarjeta,0
1054,2025-05-28 18:00:00,111,101,1,Tarjeta,0
1055,2025-12-26 21:00:00,146,59,2,Tarjeta,0
1056,2025-04-26 15:00:00,29,73,3,Bizum,10
1057,2025-11-28 16:00:00,31,55,3,Tarjeta,0
1058,2025-08-26 12:00:00,327,65,2,Bizum,0
1059,2025-09-09 06:00:00,354,40,2,Tarjeta,10
1060,2025-08-10 05:00:00,205,99,1,Tarjeta,10
1061,2025-08-29 14:00:00,372,38,2,Bizum,0
1062,2025-10-02 08:00:00,167,146,2,Efectivo,10
1063,2025-10-03 11:00:00,30,113,2,Bizum,0
1064,2025-03-16 05:00:00,315,137,1,Tarjeta,0
1065,2025-05-18 02:00:00,233,87,2,Tarjeta,0
1066,2025-08-08 11:00:00,355,33,1,Efectivo,0
1067,2025-05-04 00:00:00,262,41,2,Tarjeta,0
1068,2025-05-19 10:00:00,153,32,1,Efectivo,0
1069,2025-03-15 03:00:00,450,120,4,Efectivo,0
1070,2025-04-17 23:00:00,203,71,2,Tarjeta,0
1071,2025-07-26 18:00:00,159,117,4,Bizum,0
1072,2025-10-27 04:00:00,317,134,2,Bizum,0
1073,2025-09-10 12:00:00,41,36,1,Tarjeta,15
1074,2025-06-03 09:00:00,161,32,2,Tarjeta,15
1075,2025-05-09 18:00:00,150,55,1,Tarjeta,0
1076,2025-02-04 15:00:00,256,28,3,Tarjeta,0
1077,2025-02-23 14:00:00,50,15,2,Tarjeta,10
1078,2025-04-14 06:00:00,99,56,2,Tarjeta,0
1079,2025-12-12 16:00:00,178,92,4,Bizum,5
1080,2025-04-05 12:00:00,78,50,3,Tarjeta,0
1081,2025-07-13 16:00:00,143,22,2,Cheque regalo,0
1082,2025-06-02 09:00:00,194,123,3,Tarjeta,0
1083,2025-06-30 09:00:00,463,52,1,Efectivo,5
1084,2025-04-26 05:00:00,357,17,2,Tarjeta,0
1085,2025-01-01 08:00:00,3,118,2,Tarjeta,0
1086,2025-06-02 19:00:00,364,81,3,Efectivo,5
1087,2025-08-14 00:00:00,312,40,1,Tarjeta,0
1088,2025-10-10 00:00:00,460,112,4,Cheque regalo,0
1089,2025-08-31 17:00:00,17,2,1,Efectivo,10
1090,2025-10-20 13:00:00,32,55,2,Tarjeta,0
1091,2025-10-28 15:00:00,78,62,2,Tarjeta,10
1092,2025-05-29 08:00:00,364,91,3,Cheque regalo,5
1093,2025-03-15 22:00:00,17,25,2,Tarjeta,15
1094,2025-05-12 01:00:00,43,20,1,Tarjeta,10
1095,2025-12-05 19:00:00,366,127,3,Bizum,0
1096,2025-10-19 16:00:00,69,114,3,Bizum,0
1097,2025-03-27 20:00:00,69,17,1,Tarjeta,5
1098,2025-12-22 10:00:00,264,104,1,Tarjeta,10
1099,2025-06-29 01:00:00,260,42,2,Tarjeta,5
1100,2025-09-02 13:00:00,327,125,2,Tarjeta,0
1101,2025-01-08 23:00:00,463,105,1,Bizum,5
1102,2025-08-29 01:00:00,298,121,3,Bizum,0
1103,2025-11-10 05:00:00,212,99,1,Efectivo,5
1104,2025-03-29 05:00:00,77,44,5,Efectivo,0
1105,2025-12-29 09:00:00,354,42,1,Bizum,0
1106,2025-02-26 08:00:00,169,63,1,Tarjeta,10
1107,2025-12-21 13:00:00,80,65,1,Bizum,0
1108,2025-11-02 07:00:00,326,70,1,Cheque regalo,15
1109,2025-11-05 18:00:00,41,12,2,Tarjeta,5
1110,2025-11-29 02:00:00,326,25,2,Efectivo,0
1111,2025-10-24 07:00:00,320,117,3,Tarjeta,5
1112,2025-04-23 08:00:00,203,20,2,Tarjeta,0
1113,2025-02-17 12:00:00,460,41,4,Tarjeta,0
1114,2025-09-30 13:00:00,478,16,1,Tarjeta,0
1115,2025-06-16 17:00:00,382,72,2,Tarjeta,5
1116,2025-09-03 14:00:00,281,148,2,Cheque regalo,5
1117,2025-08-24 05:00:00,355,41,2,Tarjeta,5
1118,2025-12-02 13:00:00,284,113,1,Bizum,10
1119,2025-06-29 03:00:00,473,17,1,Tarjeta,0
1120,2025-12-26 04:00:00,484,146,3,Tarjeta,10
1121,2025-10-25 09:00:00,363,135,4,Tarjeta,0
1122,2025-10-04 18:00:00,277,142,2,Tarjeta,0
1123,2025-09-02 00:00:00,99,51,3,Efectivo,0
1124,2025-04-27 11:00:00,41,88,1,Tarjeta,0
1125,2025-11-25 23:00:00,59,57,2,Bizum,0
1126,2025-05-09 04:00:00,245,4,2,Efectivo,5
1127,2025-05-30 20:00:00,72,75,3,Efectivo,0
1128,2025-10-05 17:00:00,431,82,2,Tarjeta,5
1129,2025-05-08 07:00:00,357,30,3,Efectivo,0
1130,2025-08-21 19:00:00,207,115,2,Bizum,0
1131,2025-02-23 09:00:00,212,7,3,Tarjeta,0
1132,2025-04-11 13:00:00,10,42,2,Efectivo,15
1133,2025-10-18 01:00:00,473,11,2,Cheque regalo,15
1134,2025-06-16 08:00:00,172,92,4,Tarjeta,10
1135,2025-05-01 12:00:00,203,18,2,Tarjeta,0
1136,2025-06-06 17:00:00,443,32,3,Tarjeta,5
1137,2025-07-10 02:00:00,192,22,1,Tarjeta,15
1138,2025-04-09 03:00:00,445,123,1,Tarjeta,5
1139,2025-07-25 07:00:00,375,21,2,Bizum,0
1140,2025-07-16 18:00:00,452,31,2,Tarjeta,10
1141,2025-11-11 02:00:00,435,72,2,Tarjeta,0
1142,2025-04-22 22:00:00,268,92,1,Tarjeta,0
1143,2025-01-17 02:00:00,435,62,5,Tarjeta,0
1144,2025-12-28 14:00:00,437,121,3,Bizum,15
1145,2025-11-18 22:00:00,461,10,3,Bizum,0
1146,2025-09-16 04:00:00,32,85,2,Tarjeta,0
1147,2025-11-24 03:00:00,418,147,1,Tarjeta,0
1148,2025-01-14 20:00:00,364,150,3,Tarjeta,5
1149,2025-10-05 07:00:00,460,52,3,Tarjeta,5
1150,2025-10-12 04:00:00,356,108,2,Tarjeta,0
1151,2025-03-07 08:00:00,11,96,4,Tarjeta,0
1152,2025-11-28 15:00:00,222,5,1,Tarjeta,0
1153,2025-09-28 20:00:00,359,15,2,Tarjeta,0
1154,2025-06-11 07:00:00,148,113,2,Cheque regalo,15
1155,2025-04-13 03:00:00,218,15,1,Bizum,0
1156,2025-06-06 23:00:00,101,141,3,Tarjeta,5
1157,2025-02-08 11:00:00,452,19,4,Bizum,5
1158,2025-02-03 21:00:00,369,142,1,Cheque regalo,0
1159,2025-05-11 19:00:00,298,69,1,Bizum,10
1160,2025-01-25 02:00:00,177,6,3,Efectivo,0
1161,2025-08-14 08:00:00,261,123,1,Tarjeta,0
1162,2025-03-20 15:00:00,437,57,3,Tarjeta,15
1163,2025-05-31 04:00:00,477,51,3,Bizum,0
1164,2025-10-13 01:00:00,421,76,2,Efectivo,0
1165,2025-01-01 05:00:00,371,6,2,Tarjeta,0
1166,2025-06-21 01:00:00,334,96,4,Tarjeta,0
1167,2025-12-31 01:00:00,97,78,2,Efectivo,0
1168,2025-01-08 03:00:00,11,20,2,Bizum,0
1169,2025-10-13 11:00:00,83,45,2,Tarjeta,0
1170,2025-12-15 07:00:00,420,96,2,Tarjeta,0
1171,2025-01-15 07:00:00,30,15,1,Tarjeta,0
1172,2025-07-01 18:00:00,300,95,4,Tarjeta,5
1173,2025-05-09 07:00:00,361,90,2,Tarjeta,0
1174,2025-04-14 21:00:00,458,55,1,Bizum,0
1175,2025-04-27 20:00:00,59,47,1,Efectivo,0
1176,2025-07-02 13:00:00,107,5,3,Tarjeta,20
1177,2025-07-07 19:00:00,214,93,2,Bizum,0
1178,2025-09-18 16:00:00,334,109,2,Tarjeta,5
1179,2025-01-13 17:00:00,217,17,1,Bizum,0
1180,2025-10-17 04:00:00,131,147,3,Tarjeta,0
1181,2025-09-11 02:00:00,333,29,2,Tarjeta,0
1182,2025-04-16 10:00:00,230,82,1,Tarjeta,0
1183,2025-05-25 20:00:00,169,38,1,Tarjeta,0
1184,2025-09-20 13:00:00,485,39,3,Efectivo,0
1185,2025-04-17 23:00:00,200,30,1,Tarjeta,5
1186,2025-08-08 18:00:00,363,55,2,Efectivo,5
1187,2025-09-19 01:00:00,268,13,4,Tarjeta,5
1188,2025-06-17 21:00:00,434,119,1,Bizum,0
1189,2025-07-02 15:00:00,444,104,1,Tarjeta,15
1190,2025-10-20 18:00:00,216,86,2,Tarjeta,0
1191,2025-03-16 14:00:00,366,64,2,Bizum,0
1192,2025-06-21 23:00:00,100,132,1,Bizum,5
1193,2025-03-26 09:00:00,137,89,3,Tarjeta,20
1194,2025-02-06 04:00:00,401,8,2,Efectivo,15
1195,2025-09-26 19:00:00,387,113,3,Efectivo,0
1196,2025-11-30 04:00:00,304,31,2,Bizum,0
1197,2025-04-28 10:00:00,320,59,3,Efectivo,0
1198,2025-11-12 20:00:00,126,112,3,Tarjeta,0
1199,2025-11-10 06:00:00,230,59,2,Efectivo,15
1200,2025-03-27 19:00:00,256,16,3,Tarjeta,0
1201,2025-02-25 12:00:00,215,9,2,Tarjeta,5
1202,2025-06-20 11:00:00,480,79,1,Efectivo,0
1203,2025-01-10 17:00:00,373,58,2,Tarjeta,5
1204,2025-08-21 13:00:00,115,38,4,Efectivo,0
1205,2025-04-26 19:00:00,462,38,4,Bizum,0
1206,2025-06-24 01:00:00,233,116,1,Bizum,0
1207,2025-04-19 20:00:00,305,83,2,Tarjeta,0
1208,2025-02-08 02:00:00,214,31,3,Cheque regalo,0
1209,2025-04-27 19:00:00,219,23,1,Tarjeta,5
1210,2025-12-20 14:00:00,222,40,3,Tarjeta,10
1211,2025-08-31 09:00:00,423,37,1,Tarjeta,0
1212,2025-05-31 07:00:00,198,68,4,Tarjeta,5
1213,2025-01-16 02:00:00,343,73,2,Tarjeta,0
1214,2025-12-21 03:00:00,378,33,2,Tarjeta,0
1215,2025-10-22 12:00:00,299,68,2,Bizum,0
1216,2025-06-29 16:00:00,489,113,2,Tarjeta,10
1217,2025-08-03 17:00:00,165,118,4,Tarjeta,5
1218,2025-10-15 15:00:00,354,89,1,Tarjeta,10
1219,2025-06-03 12:00:00,313,39,4,Tarjeta,5
1220,2025-07-21 06:00:00,150,77,1,Tarjeta,0
1221,2025-01-01 16:00:00,194,95,2,Bizum,0
1222,2025-07-30 18:00:00,426,116,1,Tarjeta,10
1223,2025-10-24 16:00:00,104,109,3,Efectivo,0
1224,2025-12-13 04:00:00,304,15,3,Tarjeta,0
1225,2025-05-23 03:00:00,169,138,3,Tarjeta,15
1226,2025-01-29 10:00:00,206,112,2,Tarjeta,0
1227,2025-12-19 21:00:00,198,78,6,Tarjeta,0
1228,2025-07-08 21:00:00,259,47,2,Efectivo,0
1229,2025-03-13 14:00:00,242,23,2,Tarjeta,10
1230,2025-05-01 02:00:00,370,124,2,Bizum,0
1231,2025-07-12 15:00:00,430,45,2,Tarjeta,0
1232,2025-06-12 00:00:00,375,15,1,Tarjeta,0
1233,2025-07-22 01:00:00,388,4,2,Tarjeta,5
1234,2025-10-27 03:00:00,223,71,2,Tarjeta,0
1235,2025-05-13 06:00:00,471,6,1,Efectivo,5
1236,2025-07-12 14:00:00,340,55,2,Tarjeta,0
1237,2025-12-12 16:00:00,156,149,2,Tarjeta,10
1238,2025-02-02 02:00:00,405,93,2,Efectivo,0
1239,2025-02-23 03:00:00,405,39,3,Bizum,0
1240,2025-12-23 21:00:00,457,52,3,Tarjeta,0
1241,2025-09-16 20:00:00,446,95,2,Tarjeta,5
1242,2025-08-19 23:00:00,21,36,2,Tarjeta,10
1243,2025-07-19 23:00:00,145,116,4,Tarjeta,0
1244,2025-12-12 22:00:00,100,16,4,Efectivo,15
1245,2025-08-10 12:00:00,185,73,3,Tarjeta,0
1246,2025-09-17 13:00:00,423,99,3,Tarjeta,0
1247,2025-02-19 08:00:00,457,87,1,Tarjeta,0
1248,2025-07-02 15:00:00,55,138,2,Tarjeta,0
1249,2025-04-25 21:00:00,137,75,2,Bizum,0
1250,2025-07-30 09:00:00,315,45,2,Efectivo,20
1251,2025-07-15 01:00:00,213,74,2,Efectivo,0
1252,2025-07-09 23:00:00,176,79,1,Bizum,10
1253,2025-10-21 22:00:00,473,10,2,Efectivo,0
1254,2025-04-12 03:00:00,456,45,2,Efectivo,0
1255,2025-09-10 16:00:00,344,14,3,Cheque regalo,5
1256,2025-12-18 13:00:00,197,14,3,Tarjeta,5
1257,2025-03-27 16:00:00,37,95,2,Efectivo,0
1258,2025-07-07 00:00:00,57,25,1,Tarjeta,5
1259,2025-11-23 07:00:00,291,76,3,Tarjeta,0
1260,2025-11-15 06:00:00,231,148,4,Tarjeta,0
1261,2025-03-09 14:00:00,246,150,1,Efectivo,5
1262,2025-01-13 01:00:00,498,97,3,Bizum,0
1263,2025-12-31 22:00:00,203,97,1,Bizum,0
1264,2025-10-08 19:00:00,77,67,2,Tarjeta,0
1265,2025-01-26 17:00:00,91,31,1,Tarjeta,0
1266,2025-02-17 11:00:00,203,18,2,Tarjeta,5
1267,2025-09-06 00:00:00,159,49,2,Tarjeta,20
1268,2025-09-16 01:00:00,76,15,1,Bizum,10
1269,2025-04-27 20:00:00,16,32,1,Tarjeta,0
1270,2025-12-15 14:00:00,407,127,3,Bizum,0
1271,2025-08-15 23:00:00,52,51,2,Tarjeta,5
1272,2025-10-05 03:00:00,24,143,1,Tarjeta,0
1273,2025-06-14 20:00:00,112,48,4,Tarjeta,5
1274,2025-06-03 03:00:00,286,20,2,Bizum,0
1275,2025-05-20 21:00:00,370,64,2,Tarjeta,10
1276,2025-10-20 00:00:00,496,71,3,Tarjeta,0
1277,2025-11-26 03:00:00,61,145,2,Cheque regalo,0
1278,2025-08-24 20:00:00,498,63,2,Tarjeta,0
1279,2025-01-11 14:00:00,49,123,2,Efectivo,0
1280,2025-03-19 04:00:00,103,100,3,Tarjeta,5
1281,2025-01-07 20:00:00,393,85,1,Tarjeta,0
1282,2025-01-23 13:00:00,437,58,3,Efectivo,5
1283,2025-07-12 06:00:00,269,71,3,Tarjeta,10
1284,2025-11-12 23:00:00,43,74,2,Tarjeta,0
1285,2025-08-02 22:00:00,176,84,5,Efectivo,0
1286,2025-09-29 17:00:00,179,111,3,Tarjeta,5
1287,2025-11-08 21:00:00,287,70,4,Tarjeta,15
1288,2025-09-15 07:00:00,406,141,4,Bizum,5
1289,2025-12-14 11:00:00,363,149,2,Tarjeta,0
1290,2025-01-19 10:00:00,16,23,3,Bizum,0
1291,2025-08-29 06:00:00,430,4,1,Cheque regalo,10
1292,2025-05-29 21:00:00,477,65,2,Tarjeta,0
1293,2025-07-23 08:00:00,218,55,1,Tarjeta,0
1294,2025-11-18 01:00:00,286,7,2,Tarjeta,5
1295,2025-10-08 11:00:00,43,39,2,Tarjeta,0
1296,2025-09-17 02:00:00,206,149,1,Efectivo,15
1297,2025-01-12 03:00:00,494,48,1,Bizum,5
1298,2025-02-11 05:00:00,157,132,2,Tarjeta,0
1299,2025-05-20 09:00:00,430,55,2,Tarjeta,0
1300,2025-08-15 20:00:00,76,126,4,Tarjeta,0
1301,2025-04-08 07:00:00,240,76,1,Bizum,0
1302,2025-08-19 23:00:00,181,105,1,Tarjeta,0
1303,2025-11-20 20:00:00,73,48,1,Efectivo,0
1304,2025-08-29 09:00:00,425,133,5,Efectivo,0
1305,2025-08-03 16:00:00,483,87,1,Tarjeta,0
1306,2025-10-07 08:00:00,437,53,1,Tarjeta,0
1307,2025-07-27 03:00:00,314,139,2,Bizum,0
1308,2025-11-28 18:00:00,405,119,1,Tarjeta,0
1309,2025-05-04 02:00:00,133,7,1,Tarjeta,15
1310,2025-12-29 21:00:00,488,104,3,Efectivo,0
1311,2025-05-01 19:00:00,156,118,1,Bizum,0
1312,2025-03-04 17:00:00,266,121,2,Tarjeta,5
1313,2025-06-10 17:00:00,460,62,3,Tarjeta,0
1314,2025-07-02 21:00:00,128,130,2,Efectivo,0
1315,2025-04-17 11:00:00,487,134,1,Bizum,0
1316,2025-11-17 14:00:00,121,129,1,Tarjeta,0
1317,2025-06-29 14:00:00,390,30,1,Tarjeta,5
1318,2025-06-16 15:00:00,425,131,2,Bizum,20
1319,2025-05-02 22:00:00,110,63,3,Efectivo,0
1320,2025-10-18 06:00:00,363,46,2,Tarjeta,0
1321,2025-03-07 01:00:00,7,22,2,Tarjeta,0
1322,2025-12-03 17:00:00,89,113,2,Tarjeta,0
1323,2025-07-26 01:00:00,321,134,1,Tarjeta,0
1324,2025-04-01 03:00:00,237,12,1,Tarjeta,0
1325,2025-05-20 08:00:00,378,135,1,Tarjeta,0
1326,2025-04-01 04:00:00,142,149,2,Tarjeta,0
1327,2025-09-06 17:00:00,116,119,4,Tarjeta,0
1328,2025-07-12 17:00:00,450,96,2,Bizum,20
1329,2025-07-14 13:00:00,148,36,1,Tarjeta,0
1330,2025-04-25 01:00:00,51,100,1,Efectivo,0
1331,2025-07-15 02:00:00,393,123,2,Cheque regalo,0
1332,2025-07-25 05:00:00,162,99,3,Tarjeta,0
1333,2025-10-08 03:00:00,398,22,1,Efectivo,0
1334,2025-09-26 12:00:00,421,123,1,Bizum,10
1335,2025-01-28 12:00:00,478,82,1,Tarjeta,0
1336,2025-05-31 00:00:00,477,72,3,Tarjeta,5
1337,2025-01-12 18:00:00,459,111,1,Tarjeta,0
1338,2025-11-05 17:00:00,388,86,2,Efectivo,0
1339,2025-01-03 12:00:00,118,46,3,Tarjeta,0
1340,2025-01-02 13:00:00,220,38,1,Bizum,0
1341,2025-04-20 20:00:00,422,59,2,Tarjeta,0
1342,2025-12-11 20:00:00,406,127,3,Tarjeta,0
1343,2025-03-28 12:00:00,32,19,3,Tarjeta,10
1344,2025-10-12 16:00:00,452,134,1,Efectivo,15
1345,2025-12-31 12:00:00,456,128,2,Bizum,0
1346,2025-02-16 00:00:00,60,104,1,Tarjeta,10
1347,2025-03-27 14:00:00,172,116,2,Cheque regalo,20
1348,2025-12-13 09:00:00,319,61,3,Tarjeta,0
1349,2025-02-26 17:00:00,33,89,1,Tarjeta,0
1350,2025-08-23 00:00:00,232,60,2,Tarjeta,10
1351,2025-09-18 03:00:00,108,115,1,Tarjeta,0
1352,2025-09-26 05:00:00,305,46,3,Tarjeta,5
1353,2025-03-06 13:00:00,464,16,2,Efectivo,0
1354,2025-01-22 06:00:00,256,129,2,Bizum,0
1355,2025-07-16 06:00:00,330,65,2,Bizum,0
1356,2025-10-05 11:00:00,159,110,2,Cheque regalo,10
1357,2025-07-06 06:00:00,204,74,2,Tarjeta,0
1358,2025-08-15 17:00:00,78,47,3,Tarjeta,0
1359,2025-07-30 14:00:00,422,95,1,Bizum,0
1360,2025-04-26 14:00:00,303,75,3,Bizum,0
1361,2025-08-10 17:00:00,327,4,3,Tarjeta,0
1362,2025-11-21 20:00:00,441,122,4,Cheque regalo,0
1363,2025-06-14 18:00:00,351,18,1,Efectivo,0
1364,2025-07-08 14:00:00,299,15,2,Tarjeta,15
1365,2025-09-03 12:00:00,254,41,2,Bizum,5
1366,2025-06-25 21:00:00,172,30,2,Tarjeta,0
1367,2025-12-11 17:00:00,88,5,4,Tarjeta,15
1368,2025-05-11 19:00:00,323,72,1,Bizum,0
1369,2025-03-31 08:00:00,332,87,4,Cheque regalo,10
1370,2025-01-01 00:00:00,169,92,1,Bizum,0
1371,2025-02-21 10:00:00,71,121,4,Tarjeta,10
1372,2025-02-10 08:00:00,329,101,3,Tarjeta,15
1373,2025-12-30 22:00:00,279,98,1,Bizum,10
1374,2025-11-04 21:00:00,69,136,2,Tarjeta,0
1375,2025-09-23 09:00:00,35,15,3,Tarjeta,0
1376,2025-12-04 10:00:00,423,21,2,Efectivo,0
1377,2025-01-18 10:00:00,373,116,3,Tarjeta,5
1378,2025-04-12 22:00:00,372,121,3,Tarjeta,0
1379,2025-09-28 19:00:00,375,28,4,Bizum,0
1380,2025-04-25 22:00:00,467,74,2,Bizum,0
1381,2025-01-02 23:00:00,3,14,2,Tarjeta,0
1382,2025-11-14 22:00:00,130,36,1,Tarjeta,0
1383,2025-09-14 11:00:00,485,69,2,Tarjeta,0
1384,2025-02-01 07:00:00,200,51,3,Tarjeta,5
1385,2025-05-07 08:00:00,351,5,2,Tarjeta,0
1386,2025-04-07 10:00:00,217,126,2,Tarjeta,0
1387,2025-09-10 11:00:00,209,143,1,Tarjeta,0
1388,2025-04-05 00:00:00,419,122,3,Tarjeta,0
1389,2025-04-14 15:00:00,415,119,1,Bizum,10
1390,2025-08-15 10:00:00,7,96,1,Tarjeta,0
1391,2025-06-04 20:00:00,209,131,3,Bizum,5
1392,2025-05-22 19:00:00,211,26,2,Bizum,5
1393,2025-05-14 02:00:00,144,18,2,Tarjeta,0
1394,2025-12-25 01:00:00,418,22,3,Tarjeta,0
1395,2025-05-10 01:00:00,291,66,2,Efectivo,5
1396,2025-01-31 17:00:00,98,34,1,Cheque regalo,0
1397,2025-05-08 03:00:00,333,53,2,Tarjeta,0
1398,2025-02-09 13:00:00,336,2,3,Tarjeta,0
1399,2025-04-14 10:00:00,119,126,2,Tarjeta,0
1400,2025-10-20 20:00:00,146,139,1,Bizum,10
1401,2025-08-06 22:00:00,443,61,2,Tarjeta,10
1402,2025-09-18 22:00:00,457,31,1,Tarjeta,5
1403,2025-04-24 20:00:00,91,41,1,Tarjeta,0
1404,2025-10-26 14:00:00,295,104,3,Efectivo,0
1405,2025-09-04 15:00:00,335,124,1,Bizum,0
1406,2025-11-26 06:00:00,150,141,3,Tarjeta,0
1407,2025-07-14 05:00:00,142,26,2,Bizum,0
1408,2025-12-31 05:00:00,145,83,1,Efectivo,5
1409,2025-01-12 21:00:00,190,52,2,Tarjeta,0
1410,2025-10-26 15:00:00,60,8,1,Tarjeta,0
1411,2025-02-19 02:00:00,180,13,2,Tarjeta,0
1412,2025-09-24 02:00:00,39,3,1,Bizum,0
1413,2025-07-19 10:00:00,471,72,3,Tarjeta,0
1414,2025-05-30 14:00:00,33,57,3,Tarjeta,0
1415,2025-09-08 15:00:00,285,115,2,Tarjeta,0
1416,2025-06-03 08:00:00,190,51,3,Tarjeta,5
1417,2025-03-06 07:00:00,80,94,2,Cheque regalo,5
1418,2025-07-09 16:00:00,263,21,2,Tarjeta,5
1419,2025-05-19 05:00:00,361,36,1,Tarjeta,0
1420,2025-11-20 23:00:00,36,72,1,Bizum,0
1421,2025-04-26 20:00:00,101,25,2,Tarjeta,5
1422,2025-10-05 21:00:00,487,136,1,Tarjeta,0
1423,2025-08-08 23:00:00,97,64,1,Tarjeta,0
1424,2025-08-30 10:00:00,469,146,4,Tarjeta,15
1425,2025-04-11 18:00:00,118,34,3,Tarjeta,10
1426,2025-08-21 19:00:00,270,150,2,Tarjeta,10
1427,2025-09-03 05:00:00,47,128,2,Tarjeta,5
1428,2025-09-05 20:00:00,440,110,1,Efectivo,0
1429,2025-06-10 21:00:00,121,68,2,Bizum,0
1430,2025-11-26 03:00:00,210,115,4,Bizum,0
1431,2025-10-23 21:00:00,57,143,1,Tarjeta,0
1432,2025-03-30 10:00:00,368,16,3,Tarjeta,0
1433,2025-01-03 01:00:00,394,43,3,Bizum,0
1434,2025-02-18 13:00:00,202,47,2,Tarjeta,0
1435,2025-05-20 20:00:00,457,51,2,Tarjeta,5
1436,2025-12-11 04:00:00,286,41,3,Bizum,15
1437,2025-10-12 17:00:00,460,90,1,Tarjeta,0
1438,2025-02-26 01:00:00,193,105,2,Tarjeta,0
1439,2025-05-21 00:00:00,459,88,1,Tarjeta,10
1440,2025-07-19 11:00:00,41,129,4,Bizum,5
1441,2025-12-24 15:00:00,336,142,4,Bizum,0
1442,2025-12-13 11:00:00,207,53,2,Tarjeta,20
1443,2025-10-23 02:00:00,152,127,2,Tarjeta,5
1444,2025-12-29 01:00:00,183,107,1,Bizum,5
1445,2025-11-05 21:00:00,98,120,3,Tarjeta,0
1446,2025-05-31 00:00:00,276,143,1,Tarjeta,20
1447,2025-08-28 12:00:00,176,6,2,Tarjeta,0
1448,2025-12-03 02:00:00,373,141,1,Tarjeta,0
1449,2025-06-24 21:00:00,371,29,1,Bizum,0
1450,2025-03-07 06:00:00,310,87,2,Cheque regalo,0
1451,2025-01-16 18:00:00,83,52,2,Tarjeta,5
1452,2025-04-19 08:00:00,144,44,5,Tarjeta,0
1453,2025-05-28 10:00:00,395,109,2,Tarjeta,0
1454,2025-01-09 13:00:00,333,67,2,Tarjeta,0
1455,2025-10-08 08:00:00,430,15,4,Tarjeta,5
1456,2025-12-14 22:00:00,477,135,1,Tarjeta,0
1457,2025-03-31 18:00:00,203,92,1,Efectivo,0
1458,2025-05-29 22:00:00,316,91,3,Cheque regalo,15
1459,2025-04-10 15:00:00,388,40,3,Tarjeta,0
1460,2025-02-16 16:00:00,296,27,1,Tarjeta,15
1461,2025-07-07 08:00:00,284,76,2,Bizum,0
1462,2025-05-25 01:00:00,401,28,1,Tarjeta,0
1463,2025-01-01 18:00:00,373,62,1,Tarjeta,0
1464,2025-09-24 03:00:00,357,112,2,Efectivo,10
1465,2025-10-13 21:00:00,6,37,1,Efectivo,10
1466,2025-08-15 15:00:00,301,56,3,Tarjeta,0
1467,2025-11-10 01:00:00,144,10,2,Bizum,0
1468,2025-02-21 20:00:00,27,143,4,Tarjeta,0
1469,2025-12-10 03:00:00,467,23,2,Tarjeta,0
1470,2025-08-29 16:00:00,319,24,3,Tarjeta,10
1471,2025-11-19 07:00:00,168,64,2,Tarjeta,0
1472,2025-05-04 16:00:00,139,47,3,Tarjeta,0
1473,2025-09-08 23:00:00,265,124,1,Efectivo,0
1474,2025-08-12 08:00:00,312,108,2,Cheque regalo,5
1475,2025-06-24 21:00:00,444,52,4,Tarjeta,0
1476,2025-07-07 11:00:00,414,146,1,Tarjeta,0
1477,2025-04-03 16:00:00,366,111,2,Efectivo,15
1478,2025-04-28 00:00:00,160,134,1,Efectivo,0
1479,2025-11-11 13:00:00,80,54,1,Efectivo,15
1480,2025-10-25 19:00:00,5,79,4,Efectivo,0
1481,2025-12-19 00:00:00,51,33,4,Efectivo,5
1482,2025-12-23 06:00:00,180,137,2,Efectivo,5
1483,2025-05-28 16:00:00,91,22,1,Tarjeta,0
1484,2025-07-01 20:00:00,321,4,1,Bizum,0
1485,2025-05-11 14:00:00,477,86,1,Efectivo,0
1486,2025-04-22 05:00:00,372,103,2,Tarjeta,0
1487,2025-12-01 06:00:00,123,122,1,Tarjeta,0
1488,2025-11-14 14:00:00,207,137,3,Tarjeta,0
1489,2025-07-01 11:00:00,319,33,2,Cheque regalo,5
1490,2025-02-18 00:00:00,423,133,1,Cheque regalo,0
1491,2025-10-07 20:00:00,260,26,2,Tarjeta,20
1492,2025-03-11 02:00:00,20,108,3,Bizum,0
1493,2025-09-08 15:00:00,142,36,4,Bizum,0
1494,2025-06-26 07:00:00,40,28,2,Efectivo,0
1495,2025-02-25 06:00:00,84,31,3,Efectivo,5
1496,2025-07-05 03:00:00,471,147,4,Efectivo,0
1497,2025-05-03 11:00:00,176,50,3,Tarjeta,0
1498,2025-10-23 19:00:00,175,91,3,Bizum,0
1499,2025-01-23 07:00:00,100,112,1,Tarjeta,0
1500,2025-01-23 15:00:00,414,49,2,Tarjeta,10
1501,2025-12-11 12:00:00,401,45,1,Tarjeta,0
1502,2025-03-02 15:00:00,40,65,2,Tarjeta,0
1503,2025-03-18 22:00:00,332,99,2,Tarjeta,0
1504,2025-02-22 06:00:00,283,81,2,Tarjeta,10
1505,2025-05-19 13:00:00,460,21,2,Tarjeta,0
1506,2025-03-03 13:00:00,127,68,2,Tarjeta,10
1507,2025-02-18 05:00:00,229,141,2,Tarjeta,0
1508,2025-11-29 15:00:00,363,121,4,Tarjeta,0
1509,2025-09-30 09:00:00,2,38,1,Tarjeta,0
1510,2025-05-22 11:00:00,128,15,2,Bizum,0
1511,2025-12-04 01:00:00,98,109,3,Tarjeta,0
1512,2025-04-01 02:00:00,286,119,2,Tarjeta,5
1513,2025-11-18 13:00:00,191,19,2,Efectivo,0
1514,2025-02-21 20:00:00,461,5,1,Tarjeta,0
1515,2025-02-01 02:00:00,494,142,2,Tarjeta,0
1516,2025-02-03 00:00:00,411,65,1,Tarjeta,15
1517,2025-03-10 16:00:00,371,125,1,Tarjeta,0
1518,2025-08-04 11:00:00,110,19,1,Efectivo,5
1519,2025-10-21 16:00:00,39,27,1,Tarjeta,15
1520,2025-02-10 18:00:00,230,41,3,Bizum,5
1521,2025-01-06 17:00:00,112,10,3,Tarjeta,0
1522,2025-12-24 19:00:00,134,42,1,Bizum,10
1523,2025-10-27 00:00:00,69,30,1,Bizum,0
1524,2025-10-14 14:00:00,132,50,3,Tarjeta,0
1525,2025-08-17 07:00:00,168,66,1,Bizum,0
1526,2025-12-07 19:00:00,57,91,1,Tarjeta,20
1527,2025-05-30 22:00:00,435,54,1,Tarjeta,0
1528,2025-12-12 21:00:00,87,8,2,Bizum,5
1529,2025-01-05 02:00:00,295,3,1,Cheque regalo,5
1530,2025-05-28 00:00:00,432,32,1,Efectivo,0
1531,2025-09-08 13:00:00,462,50,3,Tarjeta,5
1532,2025-06-05 11:00:00,313,133,2,Efectivo,15
1533,2025-04-12 07:00:00,202,51,3,Bizum,0
1534,2025-05-24 14:00:00,455,55,4,Tarjeta,0
1535,2025-01-05 16:00:00,328,38,3,Bizum,5
1536,2025-08-01 03:00:00,275,62,1,Bizum,5
1537,2025-05-22 05:00:00,55,65,1,Tarjeta,0
1538,2025-06-06 15:00:00,214,146,3,Tarjeta,0
1539,2025-02-24 18:00:00,221,42,2,Bizum,0
1540,2025-02-20 22:00:00,419,79,2,Tarjeta,0
1541,2025-08-15 07:00:00,445,77,4,Tarjeta,15
1542,2025-06-30 05:00:00,118,73,1,Cheque regalo,10
1543,2025-05-09 18:00:00,414,13,2,Tarjeta,0
1544,2025-09-11 20:00:00,335,66,3,Tarjeta,10
1545,2025-11-22 14:00:00,61,148,4,Tarjeta,0
1546,2025-11-29 17:00:00,238,28,2,Bizum,0
1547,2025-01-31 12:00:00,77,119,3,Tarjeta,5
1548,2025-12-07 08:00:00,430,15,3,Bizum,15
1549,2025-12-20 09:00:00,378,64,4,Tarjeta,5
1550,2025-07-09 03:00:00,176,141,1,Tarjeta,5
1551,2025-07-20 06:00:00,30,87,1,Tarjeta,10
1552,2025-04-13 00:00:00,82,74,2,Tarjeta,0
1553,2025-12-09 11:00:00,494,15,2,Tarjeta,0
1554,2025-02-07 03:00:00,169,47,1,Tarjeta,0
1555,2025-04-08 12:00:00,67,6,2,Cheque regalo,0
1556,2025-05-11 17:00:00,438,13,1,Tarjeta,5
1557,2025-06-29 17:00:00,381,130,1,Tarjeta,0
1558,2025-03-11 15:00:00,463,77,2,Cheque regalo,0
1559,2025-06-16 05:00:00,166,114,3,Tarjeta,0
1560,2025-10-23 21:00:00,372,27,1,Tarjeta,10
1561,2025-03-15 14:00:00,292,44,3,Tarjeta,10
1562,2025-11-19 21:00:00,207,103,1,Cheque regalo,0
1563,2025-05-22 21:00:00,136,35,1,Tarjeta,0
1564,2025-09-01 16:00:00,219,4,1,Tarjeta,0
1565,2025-11-25 09:00:00,500,103,2,Tarjeta,0
1566,2025-03-08 23:00:00,343,6,1,Efectivo,20
1567,2025-11-15 13:00:00,294,65,3,Tarjeta,5
1568,2025-05-02 21:00:00,214,71,2,Tarjeta,0
1569,2025-11-04 03:00:00,355,89,3,Efectivo,10
1570,2025-12-01 23:00:00,352,105,1,Tarjeta,5
1571,2025-10-29 03:00:00,335,27,1,Tarjeta,0
1572,2025-09-09 12:00:00,471,45,1,Tarjeta,0
1573,2025-08-03 11:00:00,466,41,1,Tarjeta,0
1574,2025-07-08 06:00:00,59,10,3,Tarjeta,10
1575,2025-11-08 21:00:00,280,76,4,Tarjeta,0
1576,2025-03-23 05:00:00,149,39,1,Bizum,0
1577,2025-12-29 09:00:00,420,50,2,Tarjeta,10
1578,2025-11-03 03:00:00,441,30,2,Efectivo,0
1579,2025-12-11 17:00:00,46,56,2,Tarjeta,10
1580,2025-05-03 07:00:00,67,60,2,Bizum,0
1581,2025-08-31 22:00:00,155,108,4,Tarjeta,0
1582,2025-03-08 02:00:00,467,58,3,Bizum,0
1583,2025-08-07 17:00:00,154,67,4,Tarjeta,5
1584,2025-07-31 09:00:00,62,82,2,Efectivo,0
1585,2025-09-21 03:00:00,74,23,3,Tarjeta,20
1586,2025-10-26 21:00:00,73,148,2,Tarjeta,0
1587,2025-06-03 13:00:00,466,38,2,Tarjeta,0
1588,2025-12-27 01:00:00,185,131,2,Tarjeta,10
1589,2025-12-18 20:00:00,372,12,2,Tarjeta,0
1590,2025-06-03 11:00:00,7,123,2,Tarjeta,0
1591,2025-10-15 07:00:00,247,24,3,Tarjeta,0
1592,2025-07-08 15:00:00,11,95,3,Tarjeta,0
1593,2025-09-01 17:00:00,354,107,1,Tarjeta,5
1594,2025-05-17 19:00:00,224,15,3,Bizum,5
1595,2025-01-20 15:00:00,324,49,2,Tarjeta,0
1596,2025-09-15 04:00:00,286,73,2,Tarjeta,0
1597,2025-09-26 16:00:00,429,7,2,Tarjeta,0
1598,2025-03-05 20:00:00,260,73,2,Cheque regalo,5
1599,2025-08-23 01:00:00,450,78,5,Tarjeta,0
1600,2025-02-05 02:00:00,441,9,2,Tarjeta,0
1601,2025-10-06 06:00:00,148,50,2,Tarjeta,0
1602,2025-07-22 16:00:00,240,57,1,Tarjeta,5
1603,2025-07-01 12:00:00,319,126,1,Efectivo,0
1604,2025-11-14 13:00:00,355,139,3,Tarjeta,0
1605,2025-02-09 06:00:00,118,73,3,Tarjeta,0
1606,2025-03-29 18:00:00,389,109,2,Bizum,0
1607,2025-11-24 08:00:00,154,96,2,Tarjeta,0
1608,2025-01-20 23:00:00,471,46,4,Tarjeta,10
1609,2025-01-08 10:00:00,100,88,1,Tarjeta,0
1610,2025-07-07 15:00:00,209,47,3,Tarjeta,0
1611,2025-03-02 09:00:00,333,7,2,Efectivo,0
1612,2025-06-18 17:00:00,60,107,2,Bizum,5
1613,2025-09-10 17:00:00,157,42,1,Tarjeta,10
1614,2025-03-30 22:00:00,231,125,3,Tarjeta,0
1615,2025-08-31 20:00:00,137,31,2,Bizum,0
1616,2025-01-08 09:00:00,191,4,3,Efectivo,10
1617,2025-05-17 07:00:00,465,17,3,Bizum,5
1618,2025-12-26 07:00:00,498,146,2,Bizum,10
1619,2025-10-18 10:00:00,461,85,1,Efectivo,10
1620,2025-10-31 07:00:00,497,119,3,Tarjeta,0
1621,2025-03-03 22:00:00,372,114,2,Efectivo,0
1622,2025-06-06 05:00:00,149,112,2,Tarjeta,10
1623,2025-01-17 15:00:00,209,105,2,Tarjeta,10
1624,2025-07-24 14:00:00,84,18,3,Bizum,0
1625,2025-06-14 14:00:00,469,149,2,Tarjeta,0
1626,2025-04-06 21:00:00,16,100,3,Tarjeta,0
1627,2025-09-07 23:00:00,337,42,1,Tarjeta,5
1628,2025-11-27 01:00:00,14,79,1,Tarjeta,0
1629,2025-09-15 23:00:00,349,112,3,Bizum,15
1630,2025-12-17 04:00:00,95,121,2,Tarjeta,0
1631,2025-10-18 13:00:00,137,34,3,Bizum,10
1632,2025-11-22 02:00:00,456,10,3,Bizum,5
1633,2025-01-30 20:00:00,124,128,3,Bizum,0
1634,2025-08-28 04:00:00,440,107,1,Tarjeta,0
1635,2025-12-29 21:00:00,337,44,2,Tarjeta,0
1636,2025-07-08 05:00:00,458,17,1,Tarjeta,0
1637,2025-09-15 00:00:00,121,91,3,Bizum,0
1638,2025-10-23 17:00:00,301,112,4,Tarjeta,0
1639,2025-08-27 09:00:00,408,124,2,Tarjeta,15
1640,2025-04-04 05:00:00,430,65,3,Tarjeta,0
1641,2025-06-16 21:00:00,50,69,3,Efectivo,5
1642,2025-09-19 18:00:00,221,150,2,Bizum,5
1643,2025-12-20 12:00:00,206,48,1,Tarjeta,5
1644,2025-04-09 17:00:00,329,25,4,Tarjeta,5
1645,2025-05-13 03:00:00,340,89,2,Tarjeta,10
1646,2025-09-03 20:00:00,134,139,2,Tarjeta,5
1647,2025-03-24 22:00:00,477,50,1,Bizum,10
1648,2025-06-25 22:00:00,40,33,4,Tarjeta,5
1649,2025-06-03 00:00:00,201,85,2,Tarjeta,0
1650,2025-08-24 03:00:00,462,104,2,Bizum,0
1651,2025-12-17 11:00:00,343,69,3,Bizum,0
1652,2025-02-08 09:00:00,376,115,2,Tarjeta,5
1653,2025-03-19 17:00:00,378,95,2,Efectivo,0
1654,2025-07-31 16:00:00,282,87,2,Tarjeta,10
1655,2025-12-05 04:00:00,334,77,3,Tarjeta,0
1656,2025-11-20 17:00:00,432,68,1,Efectivo,0
1657,2025-09-18 00:00:00,252,50,3,Tarjeta,0
1658,2025-09-13 01:00:00,251,146,2,Tarjeta,5
1659,2025-08-24 02:00:00,99,78,1,Tarjeta,15
1660,2025-12-16 04:00:00,410,69,2,Tarjeta,0
1661,2025-11-30 10:00:00,258,113,2,Tarjeta,0
1662,2025-02-15 00:00:00,34,62,3,Tarjeta,5
1663,2025-06-11 09:00:00,203,106,1,Tarjeta,0
1664,2025-01-04 00:00:00,317,123,2,Tarjeta,0
1665,2025-07-08 04:00:00,90,23,1,Tarjeta,5
1666,2025-07-02 05:00:00,338,33,3,Efectivo,0
1667,2025-10-10 22:00:00,202,50,4,Tarjeta,15
1668,2025-08-17 08:00:00,235,88,2,Tarjeta,0
1669,2025-12-06 06:00:00,133,130,4,Bizum,0
1670,2025-11-04 10:00:00,300,99,2,Bizum,0
1671,2025-07-19 03:00:00,69,90,3,Tarjeta,5
1672,2025-03-09 19:00:00,9,97,3,Tarjeta,0
1673,2025-03-17 02:00:00,59,46,2,Bizum,20
1674,2025-05-18 23:00:00,447,78,3,Tarjeta,0
1675,2025-10-15 09:00:00,362,87,1,Tarjeta,10
1676,2025-05-26 11:00:00,417,28,1,Tarjeta,15
1677,2025-01-13 05:00:00,373,74,1,Tarjeta,5
1678,2025-06-08 09:00:00,327,100,2,Tarjeta,0
1679,2025-09-12 00:00:00,375,22,2,Bizum,0
1680,2025-07-15 21:00:00,57,80,1,Tarjeta,5
1681,2025-03-17 17:00:00,172,134,1,Tarjeta,0
1682,2025-01-20 17:00:00,299,143,2,Tarjeta,15
1683,2025-06-29 14:00:00,118,58,3,Efectivo,10
1684,2025-06-01 22:00:00,307,63,2,Bizum,0
1685,2025-07-08 18:00:00,449,66,3,Tarjeta,0
1686,2025-10-10 06:00:00,61,56,4,Bizum,15
1687,2025-09-12 08:00:00,487,15,3,Tarjeta,0
1688,2025-02-22 05:00:00,43,43,2,Bizum,0
1689,2025-08-25 16:00:00,395,109,1,Tarjeta,0
1690,2025-12-07 02:00:00,228,126,1,Bizum,5
1691,2025-07-15 15:00:00,110,45,2,Bizum,10
1692,2025-06-13 05:00:00,408,90,3,Efectivo,0
1693,2025-09-13 21:00:00,460,57,1,Tarjeta,15
1694,2025-09-07 18:00:00,436,111,1,Bizum,0
1695,2025-11-16 19:00:00,431,61,3,Bizum,20
1696,2025-06-20 09:00:00,436,83,3,Tarjeta,5
1697,2025-12-14 18:00:00,292,31,2,Cheque regalo,0
1698,2025-12-16 02:00:00,466,10,2,Efectivo,0
1699,2025-05-22 16:00:00,441,6,3,Tarjeta,0
1700,2025-07-02 08:00:00,374,71,2,Tarjeta,10
1701,2025-06-13 03:00:00,269,111,4,Efectivo,15
1702,2025-12-18 07:00:00,43,87,2,Bizum,10
1703,2025-10-14 10:00:00,99,7,2,Tarjeta,0
1704,2025-09-29 20:00:00,190,141,3,Bizum,5
1705,2025-11-08 02:00:00,255,111,4,Efectivo,0
1706,2025-01-24 00:00:00,320,1,3,Bizum,0
1707,2025-03-24 14:00:00,32,141,3,Tarjeta,0
1708,2025-03-15 07:00:00,30,142,4,Tarjeta,10
1709,2025-11-08 12:00:00,251,58,2,Tarjeta,5
1710,2025-05-05 12:00:00,84,13,3,Bizum,10
1711,2025-03-09 00:00:00,441,137,2,Bizum,0
1712,2025-08-24 10:00:00,358,84,3,Tarjeta,10
1713,2025-01-06 05:00:00,406,71,1,Tarjeta,10
1714,2025-09-17 12:00:00,300,91,2,Efectivo,0
1715,2025-07-19 14:00:00,406,78,3,Tarjeta,0
1716,2025-06-20 10:00:00,449,112,6,Tarjeta,20
1717,2025-02-11 11:00:00,359,61,2,Bizum,5
1718,2025-12-04 15:00:00,41,83,3,Tarjeta,0
1719,2025-12-01 02:00:00,218,123,4,Bizum,5
1720,2025-02-14 14:00:00,430,54,3,Bizum,20
1721,2025-03-31 18:00:00,479,96,3,Efectivo,0
1722,2025-07-23 02:00:00,414,66,2,Tarjeta,0
1723,2025-02-18 04:00:00,334,7,1,Efectivo,10
1724,2025-05-17 21:00:00,408,41,4,Tarjeta,10
1725,2025-06-03 00:00:00,6,148,1,Bizum,0
1726,2025-06-02 03:00:00,492,39,4,Tarjeta,0
1727,2025-02-26 10:00:00,393,122,1,Bizum,0
1728,2025-12-03 11:00:00,403,80,1,Tarjeta,5
1729,2025-10-30 09:00:00,27,112,3,Tarjeta,5
1730,2025-07-04 12:00:00,62,15,3,Tarjeta,5
1731,2025-07-24 18:00:00,5,61,2,Tarjeta,0
1732,2025-02-21 05:00:00,168,115,4,Bizum,0
1733,2025-01-21 03:00:00,217,13,1,Tarjeta,10
1734,2025-05-20 10:00:00,200,80,4,Tarjeta,10
1735,2025-04-07 11:00:00,235,47,2,Tarjeta,0
1736,2025-08-15 23:00:00,370,125,4,Tarjeta,0
1737,2025-11-16 14:00:00,494,133,2,Tarjeta,15
1738,2025-10-03 15:00:00,380,83,1,Tarjeta,10
1739,2025-01-01 01:00:00,263,50,4,Tarjeta,0
1740,2025-11-17 22:00:00,37,111,1,Tarjeta,0
1741,2025-04-19 07:00:00,421,110,2,Tarjeta,0
1742,2025-08-13 04:00:00,116,91,4,Tarjeta,15
1743,2025-04-13 04:00:00,223,18,1,Tarjeta,0
1744,2025-05-25 06:00:00,233,62,2,Bizum,15
1745,2025-09-12 21:00:00,463,11,1,Tarjeta,0
1746,2025-08-15 18:00:00,79,75,4,Tarjeta,15
1747,2025-12-10 03:00:00,364,11,1,Tarjeta,0
1748,2025-02-16 11:00:00,200,13,3,Tarjeta,0
1749,2025-04-25 14:00:00,492,48,4,Tarjeta,5
1750,2025-05-26 16:00:00,108,128,3,Tarjeta,5
1751,2025-01-30 23:00:00,235,134,2,Bizum,5
1752,2025-03-31 20:00:00,80,67,2,Tarjeta,20
1753,2025-10-14 07:00:00,218,6,1,Tarjeta,5
1754,2025-09-23 05:00:00,233,105,1,Bizum,0
1755,2025-07-22 21:00:00,127,89,2,Efectivo,5
1756,2025-09-19 06:00:00,350,150,5,Tarjeta,0
1757,2025-12-06 13:00:00,102,77,1,Tarjeta,0
1758,2025-11-24 10:00:00,387,17,4,Tarjeta,0
1759,2025-08-11 23:00:00,41,132,3,Tarjeta,0
1760,2025-03-03 02:00:00,421,114,4,Cheque regalo,0
1761,2025-07-09 00:00:00,73,84,2,Tarjeta,0
1762,2025-03-14 05:00:00,256,23,5,Tarjeta,0
1763,2025-08-13 11:00:00,5,98,2,Efectivo,0
1764,2025-09-09 04:00:00,120,140,3,Efectivo,0
1765,2025-12-22 04:00:00,170,31,4,Tarjeta,0
1766,2025-01-13 07:00:00,419,59,2,Tarjeta,0
1767,2025-04-23 12:00:00,335,88,1,Tarjeta,0
1768,2025-07-16 10:00:00,433,110,1,Tarjeta,5
1769,2025-09-22 21:00:00,129,112,3,Efectivo,0
1770,2025-09-30 04:00:00,312,80,1,Tarjeta,0
1771,2025-05-08 04:00:00,349,40,3,Bizum,5
1772,2025-10-14 18:00:00,101,137,1,Tarjeta,0
1773,2025-07-29 08:00:00,273,123,2,Tarjeta,5
1774,2025-05-01 03:00:00,249,28,2,Efectivo,0
1775,2025-01-13 06:00:00,24,129,2,Bizum,0
1776,2025-04-26 05:00:00,151,142,2,Bizum,0
1777,2025-12-04 14:00:00,475,130,3,Efectivo,0
1778,2025-11-01 04:00:00,333,111,2,Tarjeta,0
1779,2025-03-30 09:00:00,96,72,2,Tarjeta,0
1780,2025-12-27 05:00:00,336,62,2,Tarjeta,0
1781,2025-04-08 21:00:00,150,88,2,Cheque regalo,0
1782,2025-11-03 14:00:00,395,5,4,Tarjeta,0
1783,2025-08-09 19:00:00,309,72,3,Efectivo,0
1784,2025-08-08 23:00:00,462,34,5,Tarjeta,0
1785,2025-09-19 15:00:00,153,69,3,Tarjeta,0
1786,2025-09-02 12:00:00,210,105,2,Tarjeta,15
1787,2025-09-29 12:00:00,430,111,3,Efectivo,15
1788,2025-08-08 21:00:00,300,137,3,Tarjeta,10
1789,2025-01-04 07:00:00,73,128,4,Tarjeta,0
1790,2025-08-31 05:00:00,340,126,2,Cheque regalo,0
1791,2025-05-08 07:00:00,255,78,2,Tarjeta,0
1792,2025-08-10 14:00:00,272,63,2,Efectivo,20
1793,2025-12-21 10:00:00,333,17,3,Cheque regalo,15
1794,2025-07-20 07:00:00,317,105,2,Bizum,5
1795,2025-06-11 18:00:00,273,62,3,Tarjeta,0
1796,2025-03-05 14:00:00,318,23,3,Tarjeta,0
1797,2025-02-17 16:00:00,202,87,1,Bizum,5
1798,2025-07-16 19:00:00,289,77,1,Tarjeta,0
1799,2025-09-15 03:00:00,498,141,1,Tarjeta,5
1800,2025-04-23 11:00:00,248,121,1,Tarjeta,0
1801,2025-04-11 23:00:00,61,56,3,Efectivo,5
1802,2025-01-05 22:00:00,223,2,1,Bizum,0
1803,2025-08-23 09:00:00,258,95,3,Efectivo,0
1804,2025-09-16 03:00:00,335,112,1,Bizum,0
1805,2025-06-28 18:00:00,444,16,4,Bizum,0
1806,2025-03-03 15:00:00,353,41,2,Tarjeta,10
1807,2025-09-25 13:00:00,343,41,1,Tarjeta,0
1808,2025-04-02 21:00:00,110,49,1,Tarjeta,0
1809,2025-05-31 03:00:00,206,28,2,Bizum,0
1810,2025-09-03 11:00:00,301,25,1,Tarjeta,15
1811,2025-01-07 15:00:00,39,71,1,Tarjeta,0
1812,2025-02-26 18:00:00,287,124,1,Tarjeta,0
1813,2025-03-01 03:00:00,297,24,1,Tarjeta,0
1814,2025-01-30 11:00:00,97,34,1,Tarjeta,0
1815,2025-04-01 01:00:00,469,71,2,Tarjeta,0
1816,2025-06-29 11:00:00,388,64,2,Bizum,0
1817,2025-01-22 15:00:00,453,37,1,Tarjeta,0
1818,2025-07-10 13:00:00,119,94,1,Tarjeta,0
1819,2025-03-13 13:00:00,455,78,1,Bizum,15
1820,2025-01-17 15:00:00,423,83,4,Tarjeta,0
1821,2025-11-11 05:00:00,58,144,3,Tarjeta,15
1822,2025-08-03 04:00:00,318,94,1,Bizum,0
1823,2025-06-14 05:00:00,441,83,3,Tarjeta,0
1824,2025-11-09 18:00:00,381,15,1,Bizum,0
1825,2025-04-02 12:00:00,211,122,1,Bizum,10
1826,2025-06-11 03:00:00,364,126,2,Tarjeta,0
1827,2025-05-22 06:00:00,348,86,2,Efectivo,0
1828,2025-01-10 08:00:00,79,7,3,Tarjeta,0
1829,2025-07-18 21:00:00,93,1,5,Tarjeta,0
1830,2025-07-11 22:00:00,398,24,3,Tarjeta,5
1831,2025-05-02 02:00:00,38,87,3,Tarjeta,0
1832,2025-05-26 11:00:00,31,19,4,Efectivo,0
1833,2025-10-23 08:00:00,426,27,2,Bizum,0
1834,2025-09-12 01:00:00,132,98,1,Tarjeta,10
1835,2025-09-14 09:00:00,332,32,2,Efectivo,5
1836,2025-03-10 06:00:00,19,74,3,Tarjeta,0
1837,2025-12-21 06:00:00,26,19,1,Bizum,0
1838,2025-03-08 17:00:00,357,103,2,Tarjeta,0
1839,2025-05-26 21:00:00,435,21,2,Tarjeta,0
1840,2025-12-26 17:00:00,223,2,1,Tarjeta,0
1841,2025-02-05 15:00:00,112,18,2,Bizum,0
1842,2025-07-15 14:00:00,67,28,1,Tarjeta,5
1843,2025-02-14 01:00:00,105,103,2,Tarjeta,0
1844,2025-02-12 23:00:00,336,126,2,Tarjeta,0
1845,2025-08-22 15:00:00,45,67,3,Tarjeta,0
1846,2025-07-05 02:00:00,332,61,2,Bizum,0
1847,2025-02-12 08:00:00,12,45,1,Tarjeta,10
1848,2025-12-27 22:00:00,264,64,5,Tarjeta,0
1849,2025-05-07 17:00:00,240,108,1,Bizum,10
1850,2025-12-24 05:00:00,446,117,1,Tarjeta,0
1851,2025-11-24 11:00:00,217,113,2,Efectivo,0
1852,2025-09-10 13:00:00,169,97,3,Bizum,0
1853,2025-10-05 01:00:00,50,21,3,Tarjeta,5
1854,2025-05-07 08:00:00,57,78,1,Tarjeta,5
1855,2025-08-25 04:00:00,16,146,2,Cheque regalo,10
1856,2025-09-10 14:00:00,99,41,2,Tarjeta,0
1857,2025-11-23 14:00:00,483,109,1,Tarjeta,5
1858,2025-09-30 18:00:00,59,99,1,Tarjeta,0
1859,2025-04-03 03:00:00,390,121,2,Efectivo,10
1860,2025-09-23 22:00:00,460,59,2,Tarjeta,0
1861,2025-10-23 17:00:00,136,135,1,Tarjeta,5
1862,2025-10-02 14:00:00,256,103,1,Tarjeta,0
1863,2025-06-12 08:00:00,159,111,4,Tarjeta,10
1864,2025-06-17 23:00:00,307,72,1,Tarjeta,0
1865,2025-04-20 16:00:00,107,105,4,Tarjeta,0
1866,2025-08-02 07:00:00,57,139,2,Tarjeta,10
1867,2025-06-29 22:00:00,403,138,1,Efectivo,0
1868,2025-10-05 16:00:00,466,79,4,Tarjeta,0
1869,2025-01-23 12:00:00,69,16,2,Tarjeta,0
1870,2025-12-02 10:00:00,284,20,4,Cheque regalo,20
1871,2025-02-13 07:00:00,489,70,1,Tarjeta,20
1872,2025-12-10 22:00:00,235,15,1,Cheque regalo,10
1873,2025-01-15 18:00:00,177,16,2,Bizum,0
1874,2025-01-15 17:00:00,323,98,3,Efectivo,0
1875,2025-08-29 04:00:00,324,47,3,Tarjeta,5
1876,2025-06-06 10:00:00,84,86,2,Tarjeta,0
1877,2025-12-14 02:00:00,308,79,3,Tarjeta,0
1878,2025-09-20 04:00:00,203,10,4,Efectivo,10
1879,2025-03-24 12:00:00,222,46,2,Tarjeta,0
1880,2025-09-04 05:00:00,487,1,2,Efectivo,10
1881,2025-04-29 12:00:00,113,36,1,Tarjeta,15
1882,2025-02-06 03:00:00,419,144,1,Bizum,0
1883,2025-06-18 17:00:00,33,48,1,Bizum,20
1884,2025-03-21 01:00:00,76,107,2,Tarjeta,10
1885,2025-09-04 08:00:00,110,75,2,Tarjeta,5
1886,2025-09-24 00:00:00,100,18,2,Tarjeta,5
1887,2025-02-09 12:00:00,487,25,2,Tarjeta,5
1888,2025-05-04 07:00:00,420,67,1,Tarjeta,0
1889,2025-07-10 06:00:00,354,38,1,Cheque regalo,0
1890,2025-09-16 17:00:00,11,42,2,Bizum,0
1891,2025-06-16 13:00:00,65,96,3,Efectivo,0
1892,2025-12-22 06:00:00,198,110,3,Tarjeta,0
1893,2025-03-04 00:00:00,38,3,3,Tarjeta,0
1894,2025-07-21 10:00:00,201,29,2,Tarjeta,5
1895,2025-04-13 02:00:00,19,138,2,Tarjeta,10
1896,2025-02-10 15:00:00,441,28,2,Efectivo,15
1897,2025-12-23 07:00:00,357,150,2,Tarjeta,5
1898,2025-01-09 09:00:00,157,40,2,Tarjeta,0
1899,2025-05-25 21:00:00,199,105,1,Tarjeta,0
1900,2025-12-14 06:00:00,396,135,1,Tarjeta,0
1901,2025-01-09 09:00:00,372,129,3,Bizum,0
1902,2025-03-07 11:00:00,373,55,2,Tarjeta,0
1903,2025-05-31 13:00:00,394,50,3,Tarjeta,15
1904,2025-10-22 19:00:00,310,132,3,Tarjeta,0
1905,2025-06-15 16:00:00,439,77,3,Tarjeta,0
1906,2025-05-24 05:00:00,276,80,4,Tarjeta,0
1907,2025-08-28 22:00:00,301,48,1,Tarjeta,0
1908,2025-04-03 07:00:00,215,10,4,Tarjeta,0
1909,2025-12-22 16:00:00,237,72,1,Bizum,15
1910,2025-07-24 11:00:00,381,104,1,Bizum,10
1911,2025-07-06 06:00:00,449,16,5,Bizum,0
1912,2025-09-05 10:00:00,32,113,3,Cheque regalo,0
1913,2025-12-07 07:00:00,85,50,1,Bizum,5
1914,2025-04-04 06:00:00,360,106,4,Tarjeta,0
1915,2025-12-06 16:00:00,344,13,4,Tarjeta,5
1916,2025-07-19 04:00:00,91,125,1,Cheque regalo,10
1917,2025-05-11 18:00:00,344,147,3,Efectivo,5
1918,2025-02-13 14:00:00,379,49,2,Tarjeta,0
1919,2025-09-25 03:00:00,386,9,2,Tarjeta,0
1920,2025-02-07 04:00:00,182,36,3,Cheque regalo,0
1921,2025-08-01 02:00:00,178,82,4,Tarjeta,0
1922,2025-01-04 13:00:00,130,124,4,Bizum,15
1923,2025-02-03 11:00:00,225,130,2,Cheque regalo,15
1924,2025-06-24 06:00:00,141,110,2,Bizum,5
1925,2025-02-20 06:00:00,115,70,1,Tarjeta,0
1926,2025-12-31 10:00:00,172,140,3,Efectivo,10
1927,2025-08-31 11:00:00,453,133,1,Tarjeta,5
1928,2025-08-10 10:00:00,129,46,1,Tarjeta,0
1929,2025-05-29 07:00:00,436,111,3,Tarjeta,0
1930,2025-07-23 00:00:00,292,8,1,Tarjeta,0
1931,2025-04-10 04:00:00,455,89,1,Tarjeta,0
1932,2025-10-27 01:00:00,197,145,1,Bizum,5
1933,2025-01-23 02:00:00,354,130,1,Efectivo,0
1934,2025-04-26 21:00:00,372,2,4,Tarjeta,0
1935,2025-03-18 23:00:00,21,114,2,Bizum,0
1936,2025-10-02 06:00:00,237,149,2,Tarjeta,0
1937,2025-07-20 09:00:00,435,49,2,Tarjeta,0
1938,2025-11-28 04:00:00,460,112,3,Efectivo,10
1939,2025-02-20 08:00:00,50,60,1,Tarjeta,0
1940,2025-11-25 18:00:00,431,102,3,Tarjeta,5
1941,2025-03-24 14:00:00,210,18,1,Efectivo,15
1942,2025-05-06 19:00:00,411,53,2,Bizum,0
1943,2025-02-05 09:00:00,422,43,1,Cheque regalo,0
1944,2025-07-26 13:00:00,404,129,3,Tarjeta,0
1945,2025-12-11 19:00:00,357,116,2,Bizum,0
1946,2025-12-02 18:00:00,230,51,2,Tarjeta,5
1947,2025-03-22 07:00:00,182,39,3,Tarjeta,15
1948,2025-02-09 18:00:00,410,83,1,Bizum,5
1949,2025-10-23 15:00:00,393,59,1,Tarjeta,5
1950,2025-04-15 23:00:00,389,34,1,Tarjeta,0
1951,2025-02-01 00:00:00,429,27,3,Tarjeta,5
1952,2025-05-15 01:00:00,466,54,2,Tarjeta,0
1953,2025-02-09 11:00:00,299,123,3,Efectivo,0
1954,2025-10-07 20:00:00,1,136,2,Efectivo,0
1955,2025-03-01 21:00:00,343,94,2,Tarjeta,10
1956,2025-06-17 06:00:00,430,71,3,Tarjeta,0
1957,2025-04-13 17:00:00,202,138,2,Tarjeta,0
1958,2025-11-09 21:00:00,302,101,1,Efectivo,5
1959,2025-04-26 21:00:00,171,142,4,Tarjeta,5
1960,2025-04-05 18:00:00,387,85,1,Tarjeta,0
1961,2025-07-14 18:00:00,415,136,4,Cheque regalo,0
1962,2025-05-21 21:00:00,332,11,1,Bizum,10
1963,2025-08-02 18:00:00,349,7,3,Tarjeta,5
1964,2025-07-16 00:00:00,38,79,2,Tarjeta,15
1965,2025-06-26 21:00:00,47,100,3,Tarjeta,0
1966,2025-08-29 08:00:00,318,27,2,Tarjeta,0
1967,2025-01-11 17:00:00,477,8,3,Efectivo,0
1968,2025-05-27 10:00:00,73,3,3,Tarjeta,5
1969,2025-09-06 09:00:00,328,145,4,Bizum,0
1970,2025-08-13 11:00:00,13,119,4,Tarjeta,0
1971,2025-12-11 15:00:00,295,18,2,Bizum,0
1972,2025-06-11 02:00:00,356,112,2,Efectivo,0
1973,2025-09-02 11:00:00,395,54,1,Tarjeta,0
1974,2025-02-26 09:00:00,124,109,2,Bizum,0
1975,2025-03-03 20:00:00,444,125,3,Tarjeta,0
1976,2025-06-04 12:00:00,230,44,1,Bizum,0
1977,2025-11-04 04:00:00,383,49,1,Tarjeta,5
1978,2025-03-04 17:00:00,451,68,1,Tarjeta,10
1979,2025-10-17 16:00:00,11,83,1,Tarjeta,20
1980,2025-08-23 19:00:00,124,84,2,Tarjeta,5
1981,2025-10-13 13:00:00,22,14,1,Tarjeta,5
1982,2025-11-01 15:00:00,227,136,3,Bizum,0
1983,2025-11-12 08:00:00,441,147,2,Tarjeta,0
1984,2025-12-28 09:00:00,171,13,1,Efectivo,0
1985,2025-06-30 14:00:00,17,24,2,Tarjeta,0
1986,2025-11-20 00:00:00,341,120,1,Tarjeta,20
1987,2025-07-18 15:00:00,317,58,1,Tarjeta,5
1988,2025-06-20 19:00:00,115,50,3,Tarjeta,0
1989,2025-02-23 13:00:00,296,131,1,Efectivo,0
1990,2025-08-14 12:00:00,387,24,3,Tarjeta,0
1991,2025-01-16 04:00:00,7,101,1,Tarjeta,10
1992,2025-08-02 19:00:00,180,96,3,Tarjeta,0
1993,2025-08-28 00:00:00,124,82,2,Bizum,0
1994,2025-12-22 04:00:00,371,16,1,Tarjeta,0
1995,2025-12-18 12:00:00,64,110,3,Tarjeta,0
1996,2025-03-14 17:00:00,157,121,1,Tarjeta,0
1997,2025-11-08 01:00:00,490,130,2,Tarjeta,0
1998,2025-06-10 01:00:00,381,124,2,Efectivo,5
1999,2025-10-13 13:00:00,4,16,2,Efectivo,5
2000,2025-01-07 05:00:00,233,116,1,Bizum,0
2001,2025-12-25 15:00:00,435,61,1,Tarjeta,20
2002,2025-03-22 15:00:00,371,142,3,Cheque regalo,0
2003,2025-04-17 18:00:00,291,23,2,Bizum,10
2004,2025-01-23 14:00:00,481,67,2,Tarjeta,0
2005,2025-10-15 02:00:00,91,47,2,Tarjeta,0
2006,2025-01-24 05:00:00,166,119,2,Efectivo,0
2007,2025-08-11 21:00:00,313,77,2,Tarjeta,5
2008,2025-04-25 01:00:00,217,67,3,Tarjeta,5
2009,2025-03-15 23:00:00,437,54,4,Bizum,0
2010,2025-06-15 14:00:00,280,100,2,Tarjeta,0
2011,2025-04-06 22:00:00,71,93,1,Tarjeta,5
2012,2025-12-30 02:00:00,124,83,2,Bizum,5
2013,2025-11-10 15:00:00,263,1,3,Tarjeta,5
2014,2025-07-07 03:00:00,498,138,3,Efectivo,0
2015,2025-01-24 00:00:00,481,61,3,Tarjeta,0
2016,2025-12-04 03:00:00,42,115,1,Bizum,0
2017,2025-12-23 23:00:00,440,101,3,Tarjeta,5
2018,2025-09-16 20:00:00,58,133,3,Tarjeta,10
2019,2025-07-27 19:00:00,435,53,1,Bizum,0
2020,2025-03-24 08:00:00,194,83,2,Tarjeta,0
2021,2025-11-07 13:00:00,429,44,3,Bizum,0
2022,2025-07-10 10:00:00,163,104,2,Tarjeta,5
2023,2025-10-30 08:00:00,28,56,2,Efectivo,0
2024,2025-04-25 11:00:00,118,64,4,Efectivo,0
2025,2025-01-10 16:00:00,107,20,2,Tarjeta,15
2026,2025-12-25 07:00:00,372,113,4,Tarjeta,0
2027,2025-05-30 21:00:00,343,74,5,Tarjeta,0
2028,2025-03-12 09:00:00,219,136,3,Tarjeta,5
2029,2025-01-28 10:00:00,441,105,1,Bizum,15
2030,2025-05-14 13:00:00,72,51,2,Tarjeta,5
2031,2025-08-08 06:00:00,328,96,1,Bizum,10
2032,2025-01-16 23:00:00,108,58,1,Efectivo,5
2033,2025-05-18 03:00:00,469,73,1,Tarjeta,0
2034,2025-12-08 19:00:00,287,73,3,Tarjeta,15
2035,2025-07-16 20:00:00,136,52,1,Bizum,15
2036,2025-07-26 10:00:00,327,43,3,Tarjeta,20
2037,2025-02-09 05:00:00,355,75,3,Bizum,5
2038,2025-01-16 16:00:00,106,116,1,Tarjeta,5
2039,2025-08-21 07:00:00,109,41,3,Tarjeta,0
2040,2025-03-07 13:00:00,304,52,5,Efectivo,10
2041,2025-11-25 12:00:00,176,24,3,Efectivo,0
2042,2025-02-12 17:00:00,38,2,4,Tarjeta,5
2043,2025-05-19 11:00:00,415,52,1,Tarjeta,15
2044,2025-05-20 09:00:00,369,74,2,Tarjeta,0
2045,2025-10-27 06:00:00,276,150,2,Tarjeta,5
2046,2025-04-26 08:00:00,168,149,2,Cheque regalo,0
2047,2025-11-23 23:00:00,369,40,1,Tarjeta,5
2048,2025-08-27 22:00:00,391,17,2,Tarjeta,0
2049,2025-05-14 13:00:00,30,122,1,Efectivo,0
2050,2025-03-03 09:00:00,131,102,1,Efectivo,0
2051,2025-05-13 14:00:00,282,104,3,Tarjeta,10
2052,2025-04-19 16:00:00,84,37,5,Bizum,5
2053,2025-12-12 22:00:00,64,34,4,Tarjeta,10
2054,2025-01-24 02:00:00,161,106,3,Tarjeta,5
2055,2025-01-07 22:00:00,351,125,1,Tarjeta,5
2056,2025-04-26 14:00:00,145,48,2,Efectivo,5
2057,2025-07-06 00:00:00,425,83,2,Tarjeta,5
2058,2025-06-20 14:00:00,19,121,3,Efectivo,10
2059,2025-06-04 23:00:00,477,73,3,Tarjeta,0
2060,2025-09-30 21:00:00,5,110,1,Tarjeta,0
2061,2025-12-26 00:00:00,460,133,5,Tarjeta,0
2062,2025-03-19 07:00:00,277,65,2,Cheque regalo,0
2063,2025-05-28 01:00:00,232,52,1,Bizum,0
2064,2025-03-12 07:00:00,5,76,1,Tarjeta,15
2065,2025-09-11 14:00:00,130,102,3,Tarjeta,0
2066,2025-02-27 08:00:00,373,130,3,Tarjeta,0
2067,2025-05-01 07:00:00,3,84,2,Tarjeta,15
2068,2025-05-18 08:00:00,188,95,3,Tarjeta,15
2069,2025-10-07 18:00:00,210,142,2,Tarjeta,5
2070,2025-01-09 09:00:00,117,73,1,Tarjeta,0
2071,2025-03-23 04:00:00,312,33,2,Tarjeta,0
2072,2025-11-19 06:00:00,487,100,4,Bizum,0
2073,2025-04-23 10:00:00,210,60,3,Tarjeta,0
2074,2025-05-31 21:00:00,129,145,2,Tarjeta,0
2075,2025-10-09 08:00:00,308,13,2,Cheque regalo,5
2076,2025-04-18 22:00:00,378,143,4,Tarjeta,0
2077,2025-07-03 05:00:00,35,100,1,Tarjeta,0
2078,2025-10-26 20:00:00,301,9,2,Tarjeta,10
2079,2025-12-12 14:00:00,148,150,4,Tarjeta,0
2080,2025-01-04 16:00:00,32,90,2,Tarjeta,0
2081,2025-03-06 18:00:00,221,52,2,Tarjeta,10
2082,2025-05-11 20:00:00,10,100,1,Bizum,20
2083,2025-05-31 13:00:00,374,116,3,Efectivo,0
2084,2025-05-28 05:00:00,79,108,3,Tarjeta,10
2085,2025-11-11 14:00:00,263,48,2,Tarjeta,0
2086,2025-08-31 09:00:00,381,134,1,Tarjeta,10
2087,2025-03-07 13:00:00,444,134,1,Tarjeta,0
2088,2025-07-02 06:00:00,328,114,1,Tarjeta,0
2089,2025-10-01 17:00:00,155,17,2,Tarjeta,0
2090,2025-07-23 09:00:00,146,39,3,Tarjeta,10
2091,2025-05-28 22:00:00,112,84,2,Tarjeta,0
2092,2025-10-05 07:00:00,55,118,1,Tarjeta,0
2093,2025-03-31 15:00:00,314,136,2,Tarjeta,0
2094,2025-08-18 11:00:00,391,43,2,Bizum,0
2095,2025-02-13 05:00:00,215,134,1,Bizum,15
2096,2025-07-24 02:00:00,319,120,1,Bizum,0
2097,2025-12-30 09:00:00,319,71,2,Tarjeta,10
2098,2025-01-23 03:00:00,223,124,2,Tarjeta,20
2099,2025-05-02 05:00:00,244,41,2,Tarjeta,0
2100,2025-04-26 06:00:00,480,133,2,Tarjeta,5
2101,2025-09-28 17:00:00,409,150,1,Bizum,5
2102,2025-07-26 07:00:00,256,1,4,Tarjeta,0
2103,2025-10-14 16:00:00,498,38,3,Tarjeta,5
2104,2025-07-03 00:00:00,491,110,1,Tarjeta,0
2105,2025-06-18 20:00:00,417,39,4,Tarjeta,0
2106,2025-02-09 12:00:00,214,81,2,Bizum,10
2107,2025-08-09 23:00:00,214,16,3,Tarjeta,5
2108,2025-06-01 22:00:00,27,119,1,Tarjeta,0
2109,2025-04-19 06:00:00,100,17,5,Tarjeta,0
2110,2025-07-24 03:00:00,170,44,1,Tarjeta,0
2111,2025-10-27 22:00:00,291,139,3,Tarjeta,0
2112,2025-04-11 23:00:00,172,41,3,Tarjeta,0
2113,2025-11-06 17:00:00,69,30,1,Tarjeta,0
2114,2025-11-08 13:00:00,416,4,4,Tarjeta,5
2115,2025-10-07 18:00:00,425,81,4,Tarjeta,15
2116,2025-12-06 08:00:00,67,16,1,Tarjeta,0
2117,2025-08-29 07:00:00,468,66,3,Tarjeta,0
2118,2025-01-08 02:00:00,101,63,3,Bizum,10
2119,2025-02-04 10:00:00,372,34,2,Tarjeta,5
2120,2025-02-13 05:00:00,341,17,3,Efectivo,0
2121,2025-09-19 23:00:00,247,98,1,Efectivo,0
2122,2025-12-27 03:00:00,317,71,2,Tarjeta,0
2123,2025-11-16 07:00:00,292,81,1,Tarjeta,0
2124,2025-05-15 07:00:00,91,121,2,Tarjeta,5
2125,2025-11-01 02:00:00,428,100,3,Tarjeta,5
2126,2025-05-18 09:00:00,459,138,2,Bizum,0
2127,2025-12-04 11:00:00,401,34,1,Tarjeta,15
2128,2025-08-16 23:00:00,129,115,2,Tarjeta,0
2129,2025-06-20 20:00:00,313,93,4,Bizum,0
2130,2025-03-16 11:00:00,254,137,2,Tarjeta,15
2131,2025-06-09 20:00:00,228,133,2,Tarjeta,10
2132,2025-03-26 10:00:00,260,107,1,Efectivo,0
2133,2025-02-13 04:00:00,215,12,3,Efectivo,0
2134,2025-08-26 22:00:00,310,43,1,Cheque regalo,0
2135,2025-10-22 21:00:00,71,111,3,Tarjeta,0
2136,2025-12-27 17:00:00,401,48,3,Bizum,0
2137,2025-01-09 03:00:00,287,59,2,Cheque regalo,0
2138,2025-01-15 02:00:00,488,126,3,Tarjeta,0
2139,2025-08-08 17:00:00,191,23,3,Tarjeta,0
2140,2025-04-03 02:00:00,177,137,3,Bizum,0
2141,2025-07-13 05:00:00,33,74,1,Tarjeta,0
2142,2025-04-11 17:00:00,22,118,3,Bizum,0
2143,2025-11-06 10:00:00,243,137,2,Bizum,0
2144,2025-10-09 04:00:00,343,70,2,Tarjeta,0
2145,2025-01-18 10:00:00,165,112,4,Tarjeta,0
2146,2025-04-21 17:00:00,97,126,2,Tarjeta,0
2147,2025-04-23 14:00:00,15,52,2,Tarjeta,0
2148,2025-06-01 00:00:00,291,132,1,Bizum,0
2149,2025-05-11 20:00:00,17,130,1,Tarjeta,0
2150,2025-06-08 18:00:00,381,81,3,Cheque regalo,0
2151,2025-02-11 08:00:00,354,14,2,Tarjeta,0
2152,2025-02-19 05:00:00,191,64,2,Bizum,0
2153,2025-12-28 14:00:00,408,55,3,Efectivo,15
2154,2025-11-22 07:00:00,286,84,2,Bizum,0
2155,2025-11-05 06:00:00,466,103,3,Bizum,0
2156,2025-02-26 01:00:00,132,60,2,Cheque regalo,10
2157,2025-03-09 03:00:00,168,47,3,Tarjeta,5
2158,2025-10-25 22:00:00,313,136,3,Efectivo,5
2159,2025-06-28 00:00:00,79,139,5,Tarjeta,0
2160,2025-12-14 15:00:00,449,76,3,Tarjeta,0
2161,2025-06-02 17:00:00,22,110,3,Tarjeta,5
2162,2025-11-21 22:00:00,313,87,3,Tarjeta,10
2163,2025-08-26 02:00:00,344,26,1,Bizum,5
2164,2025-04-10 13:00:00,154,36,1,Tarjeta,0
2165,2025-03-04 04:00:00,118,130,2,Cheque regalo,0
2166,2025-09-10 11:00:00,218,23,1,Bizum,5
2167,2025-04-21 04:00:00,410,78,2,Efectivo,5
2168,2025-11-14 22:00:00,357,140,2,Tarjeta,10
2169,2025-01-02 05:00:00,313,133,2,Tarjeta,0
2170,2025-12-09 07:00:00,104,60,1,Tarjeta,5
2171,2025-10-05 07:00:00,484,3,1,Tarjeta,0
2172,2025-04-30 10:00:00,18,77,1,Tarjeta,10
2173,2025-10-13 21:00:00,75,34,3,Tarjeta,0
2174,2025-10-13 14:00:00,99,45,3,Tarjeta,0
2175,2025-06-22 11:00:00,41,96,2,Tarjeta,15
2176,2025-11-08 02:00:00,100,55,3,Tarjeta,10
2177,2025-03-26 03:00:00,445,116,2,Efectivo,0
2178,2025-04-17 18:00:00,357,78,1,Tarjeta,20
2179,2025-05-15 21:00:00,318,79,1,Bizum,5
2180,2025-11-16 04:00:00,139,17,2,Bizum,0
2181,2025-06-22 14:00:00,156,5,1,Tarjeta,0
2182,2025-11-24 06:00:00,168,77,1,Tarjeta,0
2183,2025-09-29 00:00:00,357,122,2,Tarjeta,0
2184,2025-09-12 02:00:00,358,32,2,Tarjeta,0
2185,2025-09-15 05:00:00,139,114,1,Tarjeta,0
2186,2025-05-18 17:00:00,38,141,2,Tarjeta,0
2187,2025-08-20 03:00:00,338,121,1,Tarjeta,10
2188,2025-12-21 05:00:00,278,46,3,Tarjeta,0
2189,2025-03-27 04:00:00,312,57,2,Efectivo,0
2190,2025-11-25 00:00:00,275,37,2,Tarjeta,5
2191,2025-10-04 04:00:00,451,84,5,Bizum,0
2192,2025-10-03 09:00:00,479,17,4,Bizum,0
2193,2025-05-11 17:00:00,250,29,1,Tarjeta,0
2194,2025-12-25 22:00:00,139,112,3,Efectivo,5
2195,2025-03-15 01:00:00,366,14,3,Tarjeta,5
2196,2025-01-07 02:00:00,450,73,2,Tarjeta,0
2197,2025-12-21 07:00:00,277,35,3,Cheque regalo,0
2198,2025-05-03 02:00:00,78,102,1,Tarjeta,0
2199,2025-02-11 22:00:00,405,88,3,Tarjeta,5
2200,2025-10-06 20:00:00,145,21,3,Tarjeta,15
2201,2025-09-12 11:00:00,216,32,3,Tarjeta,5
2202,2025-09-14 21:00:00,181,102,2,Tarjeta,0
2203,2025-01-16 04:00:00,357,91,3,Bizum,5
2204,2025-07-17 17:00:00,145,84,3,Tarjeta,15
2205,2025-11-10 07:00:00,80,102,2,Tarjeta,5
2206,2025-11-09 12:00:00,212,134,2,Bizum,10
2207,2025-10-10 15:00:00,349,121,3,Bizum,0
2208,2025-09-19 13:00:00,103,143,4,Tarjeta,0
2209,2025-08-23 02:00:00,129,115,3,Tarjeta,0
2210,2025-06-23 06:00:00,145,69,2,Tarjeta,0
2211,2025-06-14 17:00:00,44,114,2,Tarjeta,0
2212,2025-12-15 04:00:00,318,86,2,Efectivo,5
2213,2025-03-26 22:00:00,373,7,2,Tarjeta,0
2214,2025-03-26 14:00:00,432,108,3,Tarjeta,0
2215,2025-03-24 14:00:00,34,62,2,Tarjeta,0
2216,2025-01-22 22:00:00,310,107,1,Tarjeta,0
2217,2025-04-22 09:00:00,57,36,2,Tarjeta,0
2218,2025-03-10 02:00:00,98,10,2,Bizum,0
2219,2025-09-21 23:00:00,410,14,1,Bizum,0
2220,2025-08-22 01:00:00,11,8,4,Bizum,5
2221,2025-11-30 18:00:00,191,92,2,Bizum,10
2222,2025-06-25 11:00:00,30,22,4,Tarjeta,0
2223,2025-10-10 17:00:00,424,42,2,Tarjeta,0
2224,2025-07-30 08:00:00,372,109,1,Tarjeta,0
2225,2025-04-01 13:00:00,194,84,2,Tarjeta,0
2226,2025-01-01 01:00:00,247,104,2,Tarjeta,0
2227,2025-09-28 15:00:00,94,84,3,Tarjeta,0
2228,2025-08-02 22:00:00,237,124,3,Tarjeta,0
2229,2025-10-03 02:00:00,24,22,4,Bizum,0
2230,2025-12-29 22:00:00,467,76,2,Tarjeta,0
2231,2025-02-28 02:00:00,296,135,3,Tarjeta,0
2232,2025-12-26 22:00:00,316,69,4,Efectivo,10
2233,2025-09-11 18:00:00,335,104,1,Bizum,5
2234,2025-03-29 15:00:00,79,144,2,Tarjeta,20
2235,2025-07-17 06:00:00,127,106,2,Bizum,5
2236,2025-10-07 11:00:00,100,50,2,Tarjeta,5
2237,2025-02-14 19:00:00,388,37,2,Tarjeta,0
2238,2025-11-06 12:00:00,135,128,2,Efectivo,0
2239,2025-10-29 03:00:00,90,3,1,Tarjeta,0
2240,2025-03-24 10:00:00,368,1,1,Tarjeta,5
2241,2025-11-07 05:00:00,408,53,3,Tarjeta,15
2242,2025-02-01 15:00:00,360,86,2,Tarjeta,0
2243,2025-03-11 09:00:00,382,20,1,Tarjeta,5
2244,2025-09-17 12:00:00,295,130,2,Tarjeta,0
2245,2025-09-11 19:00:00,67,145,2,Tarjeta,5
2246,2025-05-11 14:00:00,378,88,1,Efectivo,0
2247,2025-04-28 15:00:00,203,108,1,Tarjeta,0
2248,2025-12-26 14:00:00,33,147,5,Bizum,0
2249,2025-08-03 01:00:00,65,96,3,Tarjeta,5
2250,2025-12-30 00:00:00,254,130,2,Bizum,0
2251,2025-05-26 21:00:00,279,145,4,Efectivo,0
2252,2025-08-07 13:00:00,373,32,4,Bizum,0
2253,2025-07-26 06:00:00,414,140,2,Tarjeta,0
2254,2025-06-12 06:00:00,258,33,1,Tarjeta,0
2255,2025-04-02 16:00:00,157,74,2,Tarjeta,0
2256,2025-02-15 16:00:00,69,121,1,Bizum,0
2257,2025-05-14 22:00:00,208,19,1,Tarjeta,0
2258,2025-05-22 15:00:00,441,35,1,Tarjeta,0
2259,2025-04-05 05:00:00,165,47,1,Tarjeta,10
2260,2025-05-20 00:00:00,224,33,1,Tarjeta,0
2261,2025-05-30 05:00:00,66,60,1,Efectivo,0
2262,2025-02-18 02:00:00,297,23,3,Tarjeta,0
2263,2025-04-04 00:00:00,459,110,3,Tarjeta,5
2264,2025-12-11 15:00:00,348,8,3,Tarjeta,0
2265,2025-11-26 18:00:00,33,5,2,Tarjeta,15
2266,2025-08-05 19:00:00,286,82,3,Tarjeta,0
2267,2025-10-30 10:00:00,360,98,3,Bizum,0
2268,2025-04-06 08:00:00,195,113,2,Tarjeta,0
2269,2025-10-28 08:00:00,348,19,1,Tarjeta,5
2270,2025-01-09 16:00:00,295,141,1,Tarjeta,0
2271,2025-01-06 13:00:00,180,18,2,Tarjeta,0
2272,2025-02-10 15:00:00,381,149,2,Tarjeta,0
2273,2025-04-24 22:00:00,365,48,1,Bizum,10
2274,2025-12-13 19:00:00,452,24,1,Tarjeta,5
2275,2025-01-20 05:00:00,35,146,1,Cheque regalo,5
2276,2025-12-06 09:00:00,291,99,1,Tarjeta,5
2277,2025-08-28 07:00:00,129,52,3,Efectivo,15
2278,2025-08-26 16:00:00,119,44,2,Tarjeta,10
2279,2025-09-04 19:00:00,177,150,3,Bizum,0
2280,2025-01-24 17:00:00,58,18,2,Tarjeta,5
2281,2025-08-14 02:00:00,494,11,3,Tarjeta,5
2282,2025-04-21 21:00:00,357,67,2,Tarjeta,15
2283,2025-12-08 18:00:00,15,6,2,Tarjeta,5
2284,2025-10-18 21:00:00,319,37,3,Tarjeta,0
2285,2025-12-04 19:00:00,60,147,1,Efectivo,0
2286,2025-01-20 05:00:00,97,37,1,Efectivo,15
2287,2025-01-04 16:00:00,36,124,3,Tarjeta,10
2288,2025-01-18 13:00:00,355,142,4,Efectivo,0
2289,2025-10-26 05:00:00,244,104,4,Bizum,20
2290,2025-05-17 10:00:00,59,17,3,Tarjeta,0
2291,2025-04-16 23:00:00,355,31,2,Tarjeta,5
2292,2025-03-30 10:00:00,317,29,1,Efectivo,0
2293,2025-04-25 15:00:00,475,52,3,Tarjeta,0
2294,2025-09-01 16:00:00,58,80,1,Efectivo,10
2295,2025-10-24 23:00:00,289,102,4,Tarjeta,5
2296,2025-07-01 10:00:00,188,135,2,Efectivo,0
2297,2025-08-06 00:00:00,46,135,3,Tarjeta,0
2298,2025-08-02 18:00:00,146,133,2,Tarjeta,0
2299,2025-03-12 22:00:00,395,50,1,Tarjeta,0
2300,2025-11-16 20:00:00,429,33,1,Tarjeta,0
2301,2025-01-12 05:00:00,33,143,1,Bizum,0
2302,2025-12-13 21:00:00,290,128,4,Tarjeta,5
2303,2025-07-31 19:00:00,24,73,3,Bizum,5
2304,2025-11-19 11:00:00,130,60,3,Tarjeta,0
2305,2025-11-06 16:00:00,240,59,2,Tarjeta,5
2306,2025-06-16 19:00:00,378,13,2,Tarjeta,0
2307,2025-08-06 06:00:00,10,103,4,Efectivo,0
2308,2025-06-16 04:00:00,139,47,2,Tarjeta,10
2309,2025-04-30 08:00:00,295,13,2,Tarjeta,0
2310,2025-04-13 03:00:00,139,104,1,Efectivo,0
2311,2025-11-04 13:00:00,93,36,1,Tarjeta,0
2312,2025-07-19 01:00:00,297,48,5,Tarjeta,15
2313,2025-07-15 05:00:00,106,106,2,Tarjeta,0
2314,2025-06-02 23:00:00,438,49,4,Tarjeta,0
2315,2025-04-08 21:00:00,14,60,3,Efectivo,0
2316,2025-09-18 03:00:00,110,112,2,Bizum,0
2317,2025-12-23 06:00:00,101,81,2,Tarjeta,5
2318,2025-10-06 09:00:00,85,40,3,Tarjeta,0
2319,2025-10-21 23:00:00,284,111,2,Tarjeta,10
2320,2025-11-06 10:00:00,482,2,4,Tarjeta,0
2321,2025-11-11 00:00:00,173,88,3,Cheque regalo,5
2322,2025-01-20 20:00:00,311,10,1,Tarjeta,20
2323,2025-09-21 11:00:00,350,22,3,Efectivo,5
2324,2025-12-30 10:00:00,498,83,1,Tarjeta,0
2325,2025-12-11 11:00:00,259,5,2,Tarjeta,15
2326,2025-02-19 10:00:00,5,91,1,Tarjeta,0
2327,2025-09-23 21:00:00,73,72,3,Bizum,0
2328,2025-02-24 11:00:00,88,80,1,Bizum,0
2329,2025-12-17 07:00:00,381,59,3,Bizum,15
2330,2025-11-03 03:00:00,48,42,3,Bizum,0
2331,2025-04-24 09:00:00,357,120,1,Efectivo,0
2332,2025-06-17 17:00:00,476,1,1,Tarjeta,15
2333,2025-10-27 00:00:00,113,149,2,Efectivo,0
2334,2025-12-31 02:00:00,54,105,2,Tarjeta,5
2335,2025-06-07 06:00:00,388,50,2,Bizum,10
2336,2025-10-24 13:00:00,260,19,4,Bizum,5
2337,2025-01-10 05:00:00,232,120,4,Tarjeta,5
2338,2025-05-18 21:00:00,312,147,2,Tarjeta,0
2339,2025-01-10 08:00:00,127,109,4,Tarjeta,5
2340,2025-06-09 11:00:00,353,23,3,Cheque regalo,0
2341,2025-06-19 11:00:00,117,7,2,Tarjeta,0
2342,2025-11-27 14:00:00,398,90,1,Tarjeta,0
2343,2025-04-21 22:00:00,70,81,2,Tarjeta,0
2344,2025-08-12 16:00:00,342,35,1,Tarjeta,0
2345,2025-10-14 14:00:00,333,25,1,Tarjeta,0
2346,2025-09-09 10:00:00,158,33,2,Tarjeta,0
2347,2025-04-01 03:00:00,354,98,2,Tarjeta,15
2348,2025-10-27 03:00:00,89,96,2,Tarjeta,0
2349,2025-12-24 15:00:00,357,33,4,Tarjeta,0
2350,2025-08-30 21:00:00,198,75,3,Tarjeta,0
2351,2025-01-31 00:00:00,122,135,2,Tarjeta,10
2352,2025-08-10 01:00:00,43,83,4,Efectivo,5
2353,2025-03-25 13:00:00,223,90,3,Tarjeta,5
2354,2025-08-26 03:00:00,317,41,1,Efectivo,0
2355,2025-06-01 17:00:00,245,110,1,Tarjeta,5
2356,2025-02-06 21:00:00,477,104,1,Efectivo,15
2357,2025-12-08 17:00:00,455,149,2,Efectivo,0
2358,2025-10-24 04:00:00,371,125,1,Efectivo,10
2359,2025-09-17 12:00:00,498,140,2,Tarjeta,5
2360,2025-08-29 14:00:00,380,22,2,Efectivo,5
2361,2025-06-06 04:00:00,59,4,4,Tarjeta,0
2362,2025-01-14 06:00:00,137,95,3,Tarjeta,0
2363,2025-10-27 04:00:00,455,97,2,Cheque regalo,10
2364,2025-01-20 22:00:00,191,141,4,Tarjeta,0
2365,2025-08-20 18:00:00,149,29,1,Tarjeta,5
2366,2025-03-17 11:00:00,449,146,1,Bizum,0
2367,2025-12-21 10:00:00,91,29,1,Tarjeta,0
2368,2025-04-07 05:00:00,118,27,2,Efectivo,10
2369,2025-12-26 13:00:00,36,56,3,Cheque regalo,0
2370,2025-04-26 09:00:00,202,25,3,Tarjeta,10
2371,2025-04-16 22:00:00,392,35,1,Tarjeta,0
2372,2025-02-27 19:00:00,19,128,3,Tarjeta,20
2373,2025-02-24 20:00:00,166,102,1,Tarjeta,0
2374,2025-03-30 01:00:00,360,16,1,Tarjeta,0
2375,2025-02-06 23:00:00,454,53,1,Efectivo,0
2376,2025-11-09 20:00:00,351,150,2,Bizum,10
2377,2025-09-30 19:00:00,342,97,4,Tarjeta,0
2378,2025-10-06 19:00:00,67,121,2,Tarjeta,0
2379,2025-05-09 15:00:00,410,73,3,Bizum,0
2380,2025-11-12 06:00:00,458,1,1,Tarjeta,0
2381,2025-05-31 22:00:00,375,124,1,Tarjeta,0
2382,2025-05-02 21:00:00,366,104,3,Tarjeta,0
2383,2025-01-23 19:00:00,484,58,1,Bizum,0
2384,2025-08-16 20:00:00,174,35,3,Tarjeta,5
2385,2025-02-06 03:00:00,390,50,1,Bizum,0
2386,2025-04-17 11:00:00,162,121,1,Tarjeta,0
2387,2025-08-30 02:00:00,189,108,3,Bizum,5
2388,2025-06-05 13:00:00,389,64,4,Bizum,0
2389,2025-03-16 19:00:00,128,61,1,Tarjeta,0
2390,2025-09-16 22:00:00,300,31,3,Efectivo,15
2391,2025-09-05 02:00:00,372,8,2,Cheque regalo,0
2392,2025-11-11 10:00:00,361,139,1,Efectivo,5
2393,2025-12-01 09:00:00,238,9,2,Tarjeta,0
2394,2025-08-08 23:00:00,467,38,3,Tarjeta,0
2395,2025-02-12 12:00:00,324,21,2,Tarjeta,5
2396,2025-12-22 00:00:00,28,99,2,Bizum,0
2397,2025-05-19 21:00:00,473,148,1,Efectivo,0
2398,2025-03-28 18:00:00,283,77,5,Tarjeta,10
2399,2025-09-07 06:00:00,459,57,2,Tarjeta,15
2400,2025-04-23 18:00:00,336,91,2,Tarjeta,10
2401,2025-07-29 00:00:00,172,109,2,Tarjeta,10
2402,2025-02-13 08:00:00,370,98,1,Tarjeta,0
2403,2025-12-06 12:00:00,378,62,3,Tarjeta,0
2404,2025-06-05 06:00:00,347,109,2,Tarjeta,0
2405,2025-08-15 15:00:00,340,117,3,Tarjeta,0
2406,2025-04-20 07:00:00,191,63,4,Tarjeta,0
2407,2025-05-01 15:00:00,373,88,3,Tarjeta,5
2408,2025-01-13 12:00:00,430,78,3,Tarjeta,15
2409,2025-01-04 10:00:00,129,26,4,Tarjeta,15
2410,2025-05-09 12:00:00,318,13,2,Tarjeta,0
2411,2025-11-22 16:00:00,318,17,3,Tarjeta,0
2412,2025-08-05 13:00:00,374,122,3,Bizum,5
2413,2025-11-13 11:00:00,320,116,1,Efectivo,20
2414,2025-04-23 06:00:00,298,139,1,Cheque regalo,0
2415,2025-10-25 01:00:00,269,53,4,Tarjeta,0
2416,2025-11-01 20:00:00,369,59,2,Tarjeta,0
2417,2025-07-27 11:00:00,304,129,2,Tarjeta,0
2418,2025-01-02 19:00:00,332,81,3,Bizum,0
2419,2025-04-01 10:00:00,150,148,2,Cheque regalo,0
2420,2025-05-03 11:00:00,473,132,4,Tarjeta,15
2421,2025-09-03 00:00:00,418,38,2,Tarjeta,0
2422,2025-08-07 15:00:00,343,111,4,Tarjeta,0
2423,2025-03-16 01:00:00,363,21,3,Tarjeta,0
2424,2025-12-22 07:00:00,255,103,2,Tarjeta,5
2425,2025-06-23 14:00:00,386,86,1,Efectivo,5
2426,2025-02-13 14:00:00,160,143,2,Tarjeta,0
2427,2025-11-01 04:00:00,73,108,4,Tarjeta,5
2428,2025-01-21 20:00:00,473,19,2,Tarjeta,0
2429,2025-06-13 20:00:00,403,92,2,Efectivo,0
2430,2025-12-01 01:00:00,484,25,3,Bizum,5
2431,2025-01-22 00:00:00,378,7,2,Bizum,0
2432,2025-10-18 10:00:00,292,7,3,Tarjeta,5
2433,2025-06-17 04:00:00,407,37,1,Bizum,0
2434,2025-04-07 12:00:00,498,18,1,Tarjeta,0
2435,2025-11-27 11:00:00,30,14,1,Bizum,0
2436,2025-10-29 04:00:00,182,100,2,Bizum,5
2437,2025-03-09 20:00:00,280,78,2,Tarjeta,0
2438,2025-05-11 19:00:00,401,43,3,Bizum,0
2439,2025-08-27 13:00:00,196,28,1,Tarjeta,0
2440,2025-06-19 19:00:00,475,25,3,Tarjeta,0
2441,2025-10-22 16:00:00,260,142,4,Tarjeta,0
2442,2025-10-02 10:00:00,463,76,1,Bizum,5
2443,2025-06-12 00:00:00,480,98,1,Tarjeta,5
2444,2025-11-12 06:00:00,214,136,1,Bizum,0
2445,2025-03-06 18:00:00,41,150,1,Bizum,0
2446,2025-04-23 15:00:00,463,141,2,Tarjeta,0
2447,2025-01-02 14:00:00,66,91,2,Bizum,5
2448,2025-06-04 13:00:00,255,88,2,Bizum,0
2449,2025-09-17 22:00:00,347,121,2,Efectivo,5
2450,2025-09-12 04:00:00,146,52,1,Tarjeta,0
2451,2025-09-17 19:00:00,187,140,1,Cheque regalo,0
2452,2025-08-15 18:00:00,147,47,2,Tarjeta,0
2453,2025-11-27 19:00:00,388,14,2,Tarjeta,0
2454,2025-02-15 18:00:00,5,81,2,Tarjeta,5
2455,2025-06-27 23:00:00,383,53,1,Tarjeta,15
2456,2025-08-02 04:00:00,150,100,1,Tarjeta,0
2457,2025-12-20 07:00:00,76,81,2,Bizum,20
2458,2025-10-17 13:00:00,457,121,3,Tarjeta,5
2459,2025-02-12 12:00:00,282,36,3,Efectivo,10
2460,2025-12-14 09:00:00,401,107,3,Tarjeta,0
2461,2025-04-29 14:00:00,255,7,2,Tarjeta,0
2462,2025-03-23 03:00:00,477,93,1,Tarjeta,0
2463,2025-08-16 21:00:00,276,67,3,Tarjeta,0
2464,2025-05-05 15:00:00,306,113,2,Bizum,0
2465,2025-08-14 07:00:00,431,34,2,Tarjeta,10
2466,2025-05-29 06:00:00,255,141,3,Bizum,5
2467,2025-09-14 18:00:00,82,94,2,Tarjeta,0
2468,2025-05-22 08:00:00,50,100,2,Tarjeta,15
2469,2025-12-23 12:00:00,1,22,2,Bizum,0
2470,2025-10-17 05:00:00,176,110,2,Tarjeta,5
2471,2025-08-14 06:00:00,190,105,2,Bizum,10
2472,2025-10-07 23:00:00,482,37,4,Tarjeta,0
2473,2025-05-14 09:00:00,173,104,1,Tarjeta,0
2474,2025-10-09 11:00:00,101,103,2,Bizum,0
2475,2025-11-27 10:00:00,165,126,1,Bizum,5
2476,2025-11-15 03:00:00,234,36,2,Efectivo,0
2477,2025-08-13 23:00:00,222,3,1,Bizum,15
2478,2025-03-20 01:00:00,48,38,3,Efectivo,0
2479,2025-10-14 16:00:00,299,48,1,Efectivo,0
2480,2025-02-05 22:00:00,86,134,1,Bizum,0
2481,2025-12-11 03:00:00,393,48,3,Efectivo,0
2482,2025-02-27 14:00:00,223,47,1,Tarjeta,0
2483,2025-09-10 15:00:00,58,110,3,Tarjeta,5
2484,2025-12-06 03:00:00,72,36,4,Cheque regalo,5
2485,2025-01-06 04:00:00,54,136,3,Tarjeta,20
2486,2025-02-03 22:00:00,418,142,1,Bizum,10
2487,2025-07-12 20:00:00,366,130,3,Efectivo,10
2488,2025-10-02 13:00:00,209,100,1,Tarjeta,0
2489,2025-10-02 19:00:00,475,116,2,Bizum,5
2490,2025-04-02 08:00:00,417,106,2,Bizum,0
2491,2025-12-29 16:00:00,361,21,1,Tarjeta,5
2492,2025-02-23 07:00:00,72,40,3,Tarjeta,0
2493,2025-10-29 04:00:00,176,50,3,Cheque regalo,5
2494,2025-06-10 23:00:00,343,8,1,Tarjeta,0
2495,2025-01-02 12:00:00,190,139,2,Efectivo,0
2496,2025-04-21 15:00:00,273,53,4,Tarjeta,5
2497,2025-08-24 08:00:00,292,88,1,Tarjeta,0
2498,2025-01-24 19:00:00,89,70,3,Tarjeta,0
2499,2025-01-08 02:00:00,310,146,1,Bizum,0
2500,2025-01-25 23:00:00,165,40,2,Tarjeta,0
2501,2025-08-05 09:00:00,129,22,1,Tarjeta,10
2502,2025-03-18 03:00:00,298,78,2,Bizum,0
2503,2025-05-28 09:00:00,411,108,3,Tarjeta,0
2504,2025-03-29 01:00:00,215,132,2,Bizum,0
2505,2025-10-15 05:00:00,73,139,2,Tarjeta,0
2506,2025-04-27 13:00:00,49,7,4,Tarjeta,0
2507,2025-12-02 06:00:00,342,38,1,Bizum,0
2508,2025-11-29 08:00:00,66,67,3,Tarjeta,0
2509,2025-02-11 18:00:00,196,50,3,Bizum,10
2510,2025-07-22 18:00:00,425,51,2,Tarjeta,0
2511,2025-01-02 07:00:00,469,28,4,Bizum,0
2512,2025-06-12 21:00:00,295,87,1,Bizum,10
2513,2025-03-01 06:00:00,124,20,3,Efectivo,0
2514,2025-12-27 10:00:00,169,88,3,Tarjeta,5
2515,2025-09-26 12:00:00,107,37,1,Tarjeta,15
2516,2025-12-26 03:00:00,494,104,3,Tarjeta,5
2517,2025-08-19 01:00:00,440,136,1,Tarjeta,0
2518,2025-10-31 06:00:00,158,124,1,Tarjeta,0
2519,2025-08-09 04:00:00,191,47,3,Tarjeta,10
2520,2025-11-27 20:00:00,107,44,2,Tarjeta,10
2521,2025-04-22 01:00:00,97,49,2,Bizum,5
2522,2025-09-15 12:00:00,64,91,1,Bizum,5
2523,2025-01-02 02:00:00,136,110,1,Tarjeta,0
2524,2025-11-01 03:00:00,48,117,3,Tarjeta,15
2525,2025-05-19 19:00:00,340,125,2,Tarjeta,0
2526,2025-10-30 14:00:00,461,80,1,Bizum,0
2527,2025-05-03 12:00:00,288,44,4,Cheque regalo,5
2528,2025-10-28 22:00:00,124,44,2,Efectivo,20
2529,2025-06-21 21:00:00,486,150,2,Bizum,0
2530,2025-11-09 00:00:00,491,52,2,Tarjeta,0
2531,2025-08-01 15:00:00,457,15,1,Bizum,15
2532,2025-10-14 22:00:00,260,124,1,Tarjeta,0
2533,2025-02-02 09:00:00,233,59,2,Tarjeta,15
2534,2025-11-28 23:00:00,360,46,4,Efectivo,0
2535,2025-04-22 09:00:00,459,61,3,Tarjeta,0
2536,2025-01-21 17:00:00,31,49,1,Tarjeta,0
2537,2025-04-10 10:00:00,149,44,1,Efectivo,5
2538,2025-10-29 18:00:00,75,112,1,Tarjeta,20
2539,2025-05-21 06:00:00,109,36,2,Tarjeta,0
2540,2025-03-31 01:00:00,176,82,1,Tarjeta,0
2541,2025-03-17 05:00:00,424,83,3,Efectivo,5
2542,2025-06-20 09:00:00,358,68,2,Tarjeta,0
2543,2025-08-18 19:00:00,362,8,1,Efectivo,0
2544,2025-04-21 00:00:00,440,50,2,Tarjeta,5
2545,2025-04-12 22:00:00,59,116,3,Bizum,5
2546,2025-08-20 22:00:00,158,143,1,Tarjeta,15
2547,2025-03-04 01:00:00,146,15,2,Tarjeta,0
2548,2025-05-04 10:00:00,102,136,2,Tarjeta,15
2549,2025-08-29 06:00:00,395,78,3,Tarjeta,0
2550,2025-05-28 04:00:00,263,60,2,Efectivo,0
2551,2025-10-23 05:00:00,131,86,4,Bizum,15
2552,2025-01-28 08:00:00,408,15,2,Cheque regalo,5
2553,2025-10-21 06:00:00,276,141,2,Tarjeta,20
2554,2025-01-05 14:00:00,161,35,3,Efectivo,0
2555,2025-03-08 20:00:00,399,30,3,Tarjeta,0
2556,2025-08-20 22:00:00,358,29,1,Tarjeta,0
2557,2025-06-21 09:00:00,435,112,3,Bizum,0
2558,2025-04-27 04:00:00,478,132,2,Cheque regalo,0
2559,2025-12-26 17:00:00,301,80,4,Tarjeta,15
2560,2025-06-23 23:00:00,487,116,3,Tarjeta,5
2561,2025-05-02 05:00:00,271,135,5,Efectivo,20
2562,2025-10-30 07:00:00,30,23,2,Tarjeta,0
2563,2025-07-12 08:00:00,69,143,2,Bizum,0
2564,2025-02-10 23:00:00,343,125,1,Efectivo,15
2565,2025-10-02 11:00:00,15,90,1,Cheque regalo,0
2566,2025-03-13 12:00:00,140,147,3,Tarjeta,0
2567,2025-04-29 17:00:00,218,113,2,Cheque regalo,0
2568,2025-01-03 11:00:00,302,96,2,Efectivo,0
2569,2025-01-24 06:00:00,451,22,3,Efectivo,20
2570,2025-06-17 14:00:00,417,27,2,Tarjeta,10
2571,2025-04-28 15:00:00,347,126,2,Bizum,0
2572,2025-06-10 06:00:00,176,55,4,Tarjeta,15
2573,2025-12-02 08:00:00,7,14,3,Tarjeta,0
2574,2025-10-25 03:00:00,12,102,2,Efectivo,0
2575,2025-06-11 04:00:00,288,135,1,Tarjeta,15
2576,2025-07-24 14:00:00,278,45,1,Efectivo,0
2577,2025-07-19 21:00:00,300,30,3,Tarjeta,20
2578,2025-06-07 23:00:00,322,129,3,Bizum,10
2579,2025-08-22 14:00:00,401,127,2,Tarjeta,0
2580,2025-05-11 15:00:00,139,74,2,Efectivo,15
2581,2025-11-10 08:00:00,84,23,1,Efectivo,0
2582,2025-12-13 19:00:00,455,117,2,Cheque regalo,0
2583,2025-12-20 12:00:00,30,109,2,Tarjeta,0
2584,2025-04-27 11:00:00,231,107,2,Bizum,0
2585,2025-09-17 05:00:00,71,86,3,Bizum,0
2586,2025-08-20 00:00:00,24,118,2,Tarjeta,0
2587,2025-10-10 22:00:00,431,73,3,Tarjeta,20
2588,2025-11-30 00:00:00,390,127,2,Bizum,0
2589,2025-07-30 04:00:00,250,13,2,Tarjeta,5
2590,2025-03-27 17:00:00,69,123,3,Tarjeta,0
2591,2025-12-16 11:00:00,8,77,2,Efectivo,0
2592,2025-02-13 03:00:00,86,127,2,Tarjeta,0
2593,2025-07-21 16:00:00,382,147,3,Tarjeta,0
2594,2025-08-09 00:00:00,227,141,2,Tarjeta,0
2595,2025-07-06 20:00:00,383,7,2,Tarjeta,10
2596,2025-11-16 05:00:00,295,28,1,Efectivo,0
2597,2025-06-10 08:00:00,445,123,3,Tarjeta,5
2598,2025-01-13 00:00:00,172,127,4,Tarjeta,10
2599,2025-06-28 02:00:00,363,40,3,Efectivo,0
2600,2025-04-15 12:00:00,354,85,1,Bizum,0
2601,2025-04-11 03:00:00,482,63,2,Efectivo,0
2602,2025-02-27 07:00:00,364,49,3,Bizum,0
2603,2025-03-31 20:00:00,337,99,1,Efectivo,5
2604,2025-07-17 03:00:00,211,129,2,Efectivo,0
2605,2025-09-08 22:00:00,457,3,1,Bizum,0
2606,2025-06-16 07:00:00,190,122,1,Efectivo,10
2607,2025-08-08 22:00:00,484,105,2,Tarjeta,0
2608,2025-03-13 12:00:00,5,150,1,Bizum,0
2609,2025-01-10 15:00:00,447,143,3,Bizum,0
2610,2025-06-05 21:00:00,382,27,4,Bizum,5
2611,2025-11-30 05:00:00,43,137,1,Tarjeta,0
2612,2025-07-15 10:00:00,220,62,1,Tarjeta,20
2613,2025-01-23 01:00:00,309,138,3,Tarjeta,5
2614,2025-01-27 19:00:00,6,61,2,Tarjeta,15
2615,2025-01-24 02:00:00,348,51,5,Bizum,0
2616,2025-07-10 08:00:00,443,112,3,Bizum,0
2617,2025-12-19 03:00:00,38,56,4,Bizum,0
2618,2025-11-06 07:00:00,91,26,1,Tarjeta,10
2619,2025-07-28 07:00:00,41,46,1,Efectivo,5
2620,2025-02-13 06:00:00,451,111,3,Tarjeta,5
2621,2025-09-01 18:00:00,77,120,1,Cheque regalo,0
2622,2025-11-22 18:00:00,210,7,2,Tarjeta,0
2623,2025-07-22 16:00:00,350,149,3,Bizum,0
2624,2025-02-08 12:00:00,301,51,3,Tarjeta,15
2625,2025-09-05 17:00:00,149,5,2,Bizum,5
2626,2025-11-08 15:00:00,384,56,2,Bizum,0
2627,2025-04-12 03:00:00,223,133,4,Bizum,0
2628,2025-08-07 04:00:00,320,39,4,Tarjeta,0
2629,2025-06-10 01:00:00,202,120,1,Efectivo,0
2630,2025-05-04 07:00:00,182,30,2,Tarjeta,10
2631,2025-11-27 09:00:00,351,35,1,Bizum,0
2632,2025-11-30 04:00:00,222,10,2,Tarjeta,10
2633,2025-02-01 16:00:00,182,26,3,Tarjeta,0
2634,2025-11-09 05:00:00,3,34,2,Tarjeta,5
2635,2025-07-24 20:00:00,96,137,2,Tarjeta,0
2636,2025-08-01 00:00:00,474,124,4,Tarjeta,5
2637,2025-09-12 05:00:00,455,150,2,Bizum,10
2638,2025-10-04 16:00:00,491,4,1,Bizum,0
2639,2025-08-14 02:00:00,96,12,2,Bizum,0
2640,2025-06-11 01:00:00,343,147,2,Tarjeta,0
2641,2025-05-13 19:00:00,84,112,2,Tarjeta,5
2642,2025-03-04 14:00:00,191,100,4,Tarjeta,5
2643,2025-03-28 06:00:00,226,7,3,Bizum,0
2644,2025-07-27 01:00:00,163,53,1,Bizum,0
2645,2025-03-25 22:00:00,335,107,2,Tarjeta,0
2646,2025-02-03 12:00:00,194,35,2,Bizum,5
2647,2025-11-18 22:00:00,185,13,1,Efectivo,0
2648,2025-09-17 14:00:00,57,98,1,Tarjeta,10
2649,2025-07-16 00:00:00,492,135,1,Tarjeta,0
2650,2025-02-14 19:00:00,297,17,3,Tarjeta,5
2651,2025-09-01 02:00:00,357,21,2,Tarjeta,0
2652,2025-12-11 01:00:00,245,26,2,Efectivo,10
2653,2025-08-11 06:00:00,11,2,2,Efectivo,5
2654,2025-01-01 14:00:00,308,32,1,Tarjeta,5
2655,2025-10-02 03:00:00,284,144,3,Bizum,0
2656,2025-06-11 00:00:00,78,12,2,Bizum,0
2657,2025-05-26 10:00:00,372,69,2,Tarjeta,0
2658,2025-04-23 16:00:00,31,33,2,Bizum,0
2659,2025-05-02 00:00:00,317,31,1,Tarjeta,20
2660,2025-06-01 22:00:00,348,23,3,Efectivo,0
2661,2025-05-25 07:00:00,249,63,3,Tarjeta,0
2662,2025-02-07 09:00:00,338,139,2,Bizum,15
2663,2025-08-17 19:00:00,415,137,3,Tarjeta,15
2664,2025-05-27 14:00:00,22,135,2,Tarjeta,5
2665,2025-06-05 07:00:00,235,92,2,Tarjeta,0
2666,2025-07-01 01:00:00,6,109,1,Tarjeta,0
2667,2025-11-17 04:00:00,132,81,3,Bizum,15
2668,2025-09-27 20:00:00,369,138,4,Bizum,5
2669,2025-12-12 18:00:00,55,11,3,Tarjeta,5
2670,2025-12-30 02:00:00,174,6,1,Tarjeta,0
2671,2025-04-28 07:00:00,180,75,3,Bizum,5
2672,2025-08-03 00:00:00,80,94,1,Efectivo,0
2673,2025-03-13 18:00:00,22,63,2,Tarjeta,0
2674,2025-10-30 23:00:00,371,140,2,Tarjeta,15
2675,2025-03-18 10:00:00,101,131,1,Tarjeta,0
2676,2025-05-08 07:00:00,211,55,2,Bizum,10
2677,2025-07-20 08:00:00,267,19,2,Efectivo,0
2678,2025-06-19 09:00:00,168,128,3,Tarjeta,0
2679,2025-05-07 02:00:00,294,87,2,Efectivo,0
2680,2025-01-10 02:00:00,201,126,2,Tarjeta,10
2681,2025-12-02 18:00:00,133,6,3,Tarjeta,5
2682,2025-06-18 05:00:00,263,48,4,Tarjeta,10
2683,2025-09-30 20:00:00,271,109,2,Cheque regalo,0
2684,2025-05-16 16:00:00,305,17,4,Tarjeta,0
2685,2025-11-02 06:00:00,263,26,1,Cheque regalo,0
2686,2025-05-31 20:00:00,283,71,1,Tarjeta,15
2687,2025-11-08 08:00:00,150,117,4,Tarjeta,0
2688,2025-05-02 06:00:00,41,76,2,Bizum,5
2689,2025-07-14 10:00:00,364,132,2,Bizum,0
2690,2025-01-03 02:00:00,405,17,4,Tarjeta,0
2691,2025-09-09 06:00:00,73,110,1,Tarjeta,5
2692,2025-10-19 16:00:00,170,22,2,Tarjeta,15
2693,2025-08-01 01:00:00,355,97,1,Tarjeta,0
2694,2025-01-28 02:00:00,169,105,4,Tarjeta,0
2695,2025-12-27 13:00:00,162,87,4,Tarjeta,0
2696,2025-05-16 00:00:00,249,136,2,Tarjeta,5
2697,2025-03-18 08:00:00,149,125,1,Bizum,5
2698,2025-07-26 13:00:00,101,16,4,Bizum,0
2699,2025-02-27 16:00:00,355,50,1,Tarjeta,0
2700,2025-10-08 11:00:00,455,85,2,Bizum,0
2701,2025-12-23 02:00:00,481,31,3,Tarjeta,15
2702,2025-05-25 17:00:00,355,16,1,Efectivo,0
2703,2025-11-19 11:00:00,168,144,2,Tarjeta,0
2704,2025-11-06 12:00:00,234,147,2,Tarjeta,0
2705,2025-09-09 13:00:00,101,59,2,Bizum,15
2706,2025-11-10 09:00:00,165,79,1,Tarjeta,0
2707,2025-10-05 19:00:00,250,4,2,Tarjeta,5
2708,2025-04-14 17:00:00,319,35,2,Tarjeta,15
2709,2025-09-18 17:00:00,452,87,2,Bizum,5
2710,2025-04-08 00:00:00,440,57,3,Tarjeta,20
2711,2025-04-18 21:00:00,57,126,3,Tarjeta,0
2712,2025-07-22 23:00:00,230,24,2,Cheque regalo,5
2713,2025-11-22 12:00:00,480,150,3,Bizum,0
2714,2025-10-29 03:00:00,32,55,4,Tarjeta,10
2715,2025-02-09 15:00:00,165,57,4,Tarjeta,20
2716,2025-02-28 16:00:00,437,72,3,Bizum,5
2717,2025-09-20 08:00:00,303,109,2,Cheque regalo,0
2718,2025-06-15 18:00:00,432,44,4,Bizum,0
2719,2025-12-05 02:00:00,355,102,3,Tarjeta,0
2720,2025-01-19 17:00:00,284,141,2,Bizum,0
2721,2025-01-30 21:00:00,376,29,1,Tarjeta,0
2722,2025-04-24 06:00:00,16,72,3,Tarjeta,0
2723,2025-04-05 11:00:00,206,20,2,Tarjeta,10
2724,2025-11-27 08:00:00,267,77,3,Tarjeta,5
2725,2025-06-16 07:00:00,12,47,2,Bizum,10
2726,2025-01-02 02:00:00,114,123,3,Tarjeta,0
2727,2025-03-26 02:00:00,450,128,2,Efectivo,0
2728,2025-03-13 18:00:00,267,11,1,Tarjeta,0
2729,2025-04-18 14:00:00,206,114,3,Tarjeta,5
2730,2025-09-04 05:00:00,3,2,3,Tarjeta,5
2731,2025-01-30 19:00:00,107,22,2,Efectivo,0
2732,2025-04-02 10:00:00,431,30,1,Efectivo,5
2733,2025-07-05 00:00:00,316,47,2,Bizum,0
2734,2025-04-12 06:00:00,203,7,4,Efectivo,0
2735,2025-06-30 03:00:00,188,116,3,Tarjeta,5
2736,2025-08-03 20:00:00,431,76,2,Bizum,5
2737,2025-06-24 14:00:00,300,139,2,Tarjeta,10
2738,2025-08-01 03:00:00,164,69,4,Tarjeta,5
2739,2025-11-29 20:00:00,215,15,1,Bizum,5
2740,2025-01-08 08:00:00,235,93,3,Bizum,5
2741,2025-07-01 21:00:00,373,149,3,Bizum,10
2742,2025-06-14 22:00:00,306,84,4,Tarjeta,15
2743,2025-05-08 02:00:00,430,95,3,Bizum,0
2744,2025-10-28 02:00:00,18,30,2,Tarjeta,0
2745,2025-02-01 11:00:00,272,12,2,Tarjeta,0
2746,2025-05-30 22:00:00,473,115,1,Bizum,5
2747,2025-11-06 13:00:00,59,75,2,Tarjeta,0
2748,2025-08-18 02:00:00,449,19,1,Tarjeta,5
2749,2025-08-20 22:00:00,308,59,2,Tarjeta,0
2750,2025-04-10 18:00:00,168,131,2,Tarjeta,0
2751,2025-07-11 14:00:00,457,105,3,Tarjeta,0
2752,2025-09-06 17:00:00,83,110,1,Efectivo,15
2753,2025-09-11 15:00:00,34,17,1,Tarjeta,10
2754,2025-06-07 11:00:00,303,109,5,Tarjeta,0
2755,2025-10-14 22:00:00,495,116,3,Tarjeta,0
2756,2025-03-08 16:00:00,59,6,2,Tarjeta,0
2757,2025-09-27 13:00:00,223,128,2,Tarjeta,10
2758,2025-01-24 11:00:00,148,100,1,Tarjeta,0
2759,2025-09-23 18:00:00,329,139,1,Tarjeta,0
2760,2025-10-03 19:00:00,132,14,2,Tarjeta,0
2761,2025-07-28 11:00:00,423,69,2,Efectivo,0
2762,2025-05-09 09:00:00,355,94,3,Tarjeta,0
2763,2025-11-16 05:00:00,334,121,2,Bizum,0
2764,2025-08-25 07:00:00,99,46,3,Tarjeta,10
2765,2025-09-21 20:00:00,202,82,1,Tarjeta,5
2766,2025-04-11 21:00:00,206,33,1,Efectivo,0
2767,2025-04-15 07:00:00,203,122,3,Bizum,5
2768,2025-07-25 15:00:00,146,66,2,Tarjeta,5
2769,2025-06-14 13:00:00,340,64,4,Tarjeta,5
2770,2025-02-22 18:00:00,419,130,3,Tarjeta,5
2771,2025-11-21 15:00:00,277,14,3,Tarjeta,0
2772,2025-03-27 02:00:00,440,72,1,Tarjeta,10
2773,2025-03-08 21:00:00,64,150,4,Efectivo,0
2774,2025-07-27 23:00:00,335,49,3,Bizum,0
2775,2025-03-11 03:00:00,154,34,3,Efectivo,0
2776,2025-03-05 03:00:00,157,112,3,Tarjeta,5
2777,2025-04-19 13:00:00,486,2,3,Tarjeta,15
2778,2025-04-09 21:00:00,11,9,1,Tarjeta,0
2779,2025-04-09 15:00:00,30,83,1,Bizum,0
2780,2025-05-20 00:00:00,439,37,2,Bizum,20
2781,2025-02-12 08:00:00,307,128,1,Cheque regalo,15
2782,2025-04-06 23:00:00,247,124,3,Bizum,0
2783,2025-03-28 14:00:00,410,123,5,Efectivo,20
2784,2025-03-23 02:00:00,247,29,2,Tarjeta,0
2785,2025-12-07 00:00:00,209,38,2,Bizum,5
2786,2025-03-26 20:00:00,442,120,2,Tarjeta,0
2787,2025-08-23 07:00:00,294,59,4,Tarjeta,15
2788,2025-10-27 03:00:00,239,18,2,Bizum,0
2789,2025-10-29 00:00:00,202,84,1,Tarjeta,0
2790,2025-03-22 18:00:00,22,52,3,Bizum,0
2791,2025-02-27 08:00:00,168,84,1,Tarjeta,5
2792,2025-01-24 00:00:00,261,95,4,Tarjeta,5
2793,2025-02-05 20:00:00,357,14,2,Tarjeta,0
2794,2025-07-13 00:00:00,378,10,2,Tarjeta,10
2795,2025-05-29 09:00:00,270,83,3,Bizum,0
2796,2025-07-22 05:00:00,457,15,1,Tarjeta,10
2797,2025-02-04 17:00:00,319,137,2,Tarjeta,5
2798,2025-06-23 21:00:00,69,128,3,Efectivo,0
2799,2025-11-01 16:00:00,424,96,2,Tarjeta,0
2800,2025-11-27 01:00:00,124,31,1,Tarjeta,0
2801,2025-12-09 00:00:00,399,77,3,Efectivo,15
2802,2025-03-02 04:00:00,470,45,2,Bizum,10
2803,2025-04-18 00:00:00,63,140,2,Tarjeta,10
2804,2025-08-29 21:00:00,165,29,1,Efectivo,0
2805,2025-10-15 22:00:00,30,143,1,Bizum,5
2806,2025-12-15 01:00:00,326,52,2,Tarjeta,10
2807,2025-05-20 10:00:00,240,9,4,Tarjeta,0
2808,2025-11-10 10:00:00,66,25,2,Tarjeta,20
2809,2025-05-13 15:00:00,263,58,2,Tarjeta,0
2810,2025-01-02 02:00:00,426,4,2,Tarjeta,0
2811,2025-09-17 22:00:00,200,132,1,Tarjeta,0
2812,2025-11-26 11:00:00,155,65,1,Efectivo,15
2813,2025-09-13 19:00:00,492,43,2,Bizum,0
2814,2025-02-16 15:00:00,491,67,2,Tarjeta,5
2815,2025-02-21 14:00:00,303,112,2,Efectivo,0
2816,2025-03-24 05:00:00,282,77,2,Tarjeta,15
2817,2025-02-27 14:00:00,152,83,3,Efectivo,0
2818,2025-09-20 11:00:00,169,106,2,Tarjeta,0
2819,2025-03-09 04:00:00,82,119,2,Efectivo,0
2820,2025-12-19 05:00:00,6,112,3,Tarjeta,0
2821,2025-12-15 04:00:00,100,126,2,Cheque regalo,5
2822,2025-02-21 22:00:00,326,23,3,Efectivo,0
2823,2025-01-19 02:00:00,410,113,2,Tarjeta,15
2824,2025-04-27 14:00:00,172,31,3,Tarjeta,0
2825,2025-05-06 17:00:00,40,116,3,Tarjeta,0
2826,2025-01-10 07:00:00,461,97,3,Tarjeta,0
2827,2025-06-05 03:00:00,47,78,1,Cheque regalo,10
2828,2025-07-11 20:00:00,180,7,3,Efectivo,0
2829,2025-03-29 05:00:00,202,146,3,Tarjeta,5
2830,2025-01-30 09:00:00,254,99,1,Tarjeta,15
2831,2025-09-07 02:00:00,79,112,2,Efectivo,5
2832,2025-04-10 14:00:00,180,123,3,Tarjeta,0
2833,2025-12-20 11:00:00,273,141,3,Efectivo,0
2834,2025-04-18 05:00:00,223,68,1,Tarjeta,0
2835,2025-04-11 23:00:00,345,84,3,Efectivo,0
2836,2025-03-17 06:00:00,25,129,2,Bizum,15
2837,2025-06-06 18:00:00,140,120,1,Bizum,0
2838,2025-10-15 22:00:00,169,49,1,Tarjeta,0
2839,2025-09-06 20:00:00,331,76,2,Cheque regalo,20
2840,2025-11-12 22:00:00,467,12,1,Cheque regalo,5
2841,2025-07-03 06:00:00,335,52,2,Cheque regalo,0
2842,2025-10-07 16:00:00,210,71,2,Tarjeta,15
2843,2025-01-09 03:00:00,377,44,1,Efectivo,10
2844,2025-07-19 08:00:00,435,27,3,Tarjeta,0
2845,2025-12-08 02:00:00,301,98,2,Tarjeta,0
2846,2025-05-21 23:00:00,345,12,2,Tarjeta,5
2847,2025-12-12 07:00:00,440,58,4,Efectivo,0
2848,2025-03-07 05:00:00,200,12,1,Tarjeta,0
2849,2025-03-18 11:00:00,167,111,2,Efectivo,10
2850,2025-01-28 23:00:00,280,7,1,Tarjeta,0
2851,2025-06-12 13:00:00,393,89,2,Tarjeta,0
2852,2025-09-10 22:00:00,355,43,1,Bizum,0
2853,2025-05-20 11:00:00,269,113,1,Bizum,15
2854,2025-09-16 22:00:00,111,4,3,Tarjeta,10
2855,2025-04-05 08:00:00,17,120,3,Bizum,5
2856,2025-10-21 18:00:00,9,80,1,Cheque regalo,0
2857,2025-02-20 20:00:00,477,93,3,Tarjeta,0
2858,2025-09-10 23:00:00,300,94,1,Cheque regalo,0
2859,2025-07-26 09:00:00,494,44,3,Cheque regalo,0
2860,2025-02-07 04:00:00,348,121,2,Efectivo,0
2861,2025-05-16 06:00:00,71,26,3,Tarjeta,15
2862,2025-06-22 23:00:00,357,55,2,Cheque regalo,0
2863,2025-08-25 09:00:00,347,132,2,Tarjeta,0
2864,2025-08-06 12:00:00,361,42,1,Tarjeta,0
2865,2025-04-19 21:00:00,5,62,3,Tarjeta,5
2866,2025-05-08 04:00:00,304,33,2,Efectivo,0
2867,2025-11-14 22:00:00,153,101,2,Tarjeta,5
2868,2025-05-06 12:00:00,393,58,1,Efectivo,0
2869,2025-11-11 11:00:00,33,40,2,Efectivo,0
2870,2025-03-24 21:00:00,32,145,2,Bizum,0
2871,2025-06-17 19:00:00,460,6,2,Tarjeta,0
2872,2025-02-19 04:00:00,425,64,2,Tarjeta,0
2873,2025-01-17 20:00:00,345,143,4,Tarjeta,0
2874,2025-06-14 23:00:00,129,130,1,Tarjeta,20
2875,2025-11-25 00:00:00,322,41,4,Tarjeta,0
2876,2025-09-02 06:00:00,69,56,4,Tarjeta,0
2877,2025-10-06 22:00:00,101,112,2,Tarjeta,0
2878,2025-02-21 11:00:00,477,134,4,Tarjeta,0
2879,2025-03-03 11:00:00,235,141,2,Tarjeta,0
2880,2025-11-17 16:00:00,320,61,1,Tarjeta,5
2881,2025-12-07 15:00:00,121,40,2,Bizum,5
2882,2025-09-27 20:00:00,43,17,2,Bizum,15
2883,2025-12-02 16:00:00,149,73,1,Cheque regalo,0
2884,2025-10-09 20:00:00,435,93,2,Tarjeta,0
2885,2025-04-18 18:00:00,56,55,3,Bizum,0
2886,2025-03-25 05:00:00,203,63,2,Tarjeta,0
2887,2025-11-07 11:00:00,63,107,3,Tarjeta,0
2888,2025-12-01 09:00:00,456,73,1,Tarjeta,0
2889,2025-09-16 11:00:00,208,149,1,Bizum,0
2890,2025-04-22 21:00:00,357,7,3,Tarjeta,10
2891,2025-02-03 18:00:00,395,127,3,Tarjeta,0
2892,2025-08-27 12:00:00,328,71,3,Efectivo,0
2893,2025-01-08 10:00:00,55,122,1,Tarjeta,0
2894,2025-08-18 16:00:00,90,147,2,Tarjeta,0
2895,2025-11-29 20:00:00,165,71,1,Tarjeta,0
2896,2025-10-01 09:00:00,407,19,2,Tarjeta,20
2897,2025-12-24 06:00:00,30,55,3,Tarjeta,0
2898,2025-04-02 00:00:00,226,114,3,Efectivo,0
2899,2025-02-19 04:00:00,292,44,4,Tarjeta,5
2900,2025-03-18 08:00:00,353,61,2,Efectivo,0
2901,2025-08-30 23:00:00,123,95,3,Cheque regalo,0
2902,2025-11-13 14:00:00,432,72,1,Bizum,20
2903,2025-02-26 14:00:00,306,71,1,Tarjeta,0
2904,2025-03-11 08:00:00,335,13,3,Tarjeta,0
2905,2025-07-06 08:00:00,41,1,1,Tarjeta,0
2906,2025-06-02 03:00:00,295,93,3,Tarjeta,0
2907,2025-10-14 19:00:00,99,94,3,Bizum,0
2908,2025-06-27 16:00:00,427,76,3,Tarjeta,0
2909,2025-05-30 00:00:00,78,9,2,Tarjeta,0
2910,2025-02-02 17:00:00,380,114,2,Tarjeta,0
2911,2025-03-31 21:00:00,198,117,2,Tarjeta,0
2912,2025-12-07 12:00:00,249,87,3,Tarjeta,0
2913,2025-04-12 00:00:00,76,22,3,Tarjeta,0
2914,2025-04-10 00:00:00,176,34,2,Tarjeta,20
2915,2025-01-06 01:00:00,182,61,2,Tarjeta,0
2916,2025-10-08 03:00:00,373,147,2,Tarjeta,0
2917,2025-08-21 20:00:00,319,21,1,Efectivo,0
2918,2025-05-22 18:00:00,2,75,3,Tarjeta,0
2919,2025-04-26 15:00:00,309,21,4,Efectivo,0
2920,2025-11-22 20:00:00,6,15,2,Efectivo,0
2921,2025-02-12 07:00:00,133,147,2,Tarjeta,0
2922,2025-05-11 00:00:00,408,24,3,Bizum,0
2923,2025-02-07 12:00:00,57,90,4,Efectivo,0
2924,2025-07-12 20:00:00,494,138,4,Tarjeta,0
2925,2025-03-10 02:00:00,376,41,1,Cheque regalo,0
2926,2025-08-23 07:00:00,349,23,5,Tarjeta,15
2927,2025-09-27 19:00:00,452,8,2,Efectivo,0
2928,2025-09-27 04:00:00,6,95,1,Tarjeta,0
2929,2025-05-02 14:00:00,90,14,2,Efectivo,0
2930,2025-09-25 14:00:00,344,14,1,Efectivo,0
2931,2025-08-02 20:00:00,160,102,3,Tarjeta,5
2932,2025-07-15 17:00:00,70,5,1,Tarjeta,20
2933,2025-09-12 13:00:00,317,84,3,Tarjeta,0
2934,2025-07-13 16:00:00,383,25,1,Efectivo,0
2935,2025-11-20 13:00:00,138,133,1,Bizum,5
2936,2025-09-22 05:00:00,459,39,3,Tarjeta,0
2937,2025-06-27 06:00:00,283,126,3,Tarjeta,0
2938,2025-02-22 13:00:00,39,138,4,Efectivo,10
2939,2025-08-05 12:00:00,72,67,1,Efectivo,0
2940,2025-09-20 12:00:00,490,59,5,Cheque regalo,0
2941,2025-06-27 10:00:00,444,109,2,Efectivo,0
2942,2025-10-26 12:00:00,376,38,1,Tarjeta,20
2943,2025-02-01 23:00:00,276,31,2,Tarjeta,0
2944,2025-06-25 06:00:00,71,20,1,Tarjeta,10
2945,2025-04-17 12:00:00,435,4,3,Tarjeta,10
2946,2025-08-01 11:00:00,457,123,2,Efectivo,15
2947,2025-02-26 12:00:00,78,126,3,Cheque regalo,5
2948,2025-07-31 09:00:00,109,29,3,Efectivo,0
2949,2025-09-01 18:00:00,364,143,1,Tarjeta,0
2950,2025-05-16 14:00:00,459,61,4,Efectivo,0
2951,2025-09-26 17:00:00,118,85,2,Efectivo,5
2952,2025-12-22 05:00:00,491,77,4,Tarjeta,10
2953,2025-08-26 08:00:00,291,17,1,Bizum,0
2954,2025-04-06 17:00:00,465,36,1,Tarjeta,5
2955,2025-02-23 22:00:00,336,99,1,Tarjeta,5
2956,2025-04-29 09:00:00,210,30,1,Tarjeta,15
2957,2025-04-26 08:00:00,60,17,1,Tarjeta,0
2958,2025-09-19 02:00:00,67,130,2,Efectivo,0
2959,2025-06-22 09:00:00,80,57,2,Tarjeta,0
2960,2025-04-10 12:00:00,58,85,4,Bizum,0
2961,2025-05-03 02:00:00,16,138,3,Efectivo,5
2962,2025-09-26 04:00:00,256,85,4,Tarjeta,0
2963,2025-06-03 18:00:00,231,1,2,Efectivo,0
2964,2025-11-26 20:00:00,57,132,3,Tarjeta,0
2965,2025-11-08 19:00:00,387,25,4,Cheque regalo,5
2966,2025-07-21 11:00:00,498,84,5,Tarjeta,0
2967,2025-10-14 12:00:00,372,52,2,Tarjeta,0
2968,2025-04-23 06:00:00,312,23,2,Tarjeta,0
2969,2025-12-01 01:00:00,354,22,2,Tarjeta,20
2970,2025-11-20 16:00:00,370,60,2,Tarjeta,0
2971,2025-06-17 19:00:00,62,51,1,Tarjeta,5
2972,2025-01-04 00:00:00,408,12,1,Tarjeta,10
2973,2025-07-07 07:00:00,333,3,3,Tarjeta,0
2974,2025-07-01 17:00:00,269,119,2,Tarjeta,0
2975,2025-02-18 01:00:00,286,28,3,Tarjeta,0
2976,2025-05-26 00:00:00,350,103,1,Bizum,10
2977,2025-11-13 17:00:00,155,132,1,Tarjeta,0
2978,2025-09-18 08:00:00,91,58,2,Tarjeta,5
2979,2025-05-09 14:00:00,417,35,3,Tarjeta,10
2980,2025-01-29 13:00:00,209,24,2,Tarjeta,15
2981,2025-01-27 21:00:00,315,142,2,Tarjeta,15
2982,2025-10-23 17:00:00,479,125,1,Tarjeta,5
2983,2025-09-22 19:00:00,217,22,2,Bizum,0
2984,2025-01-26 15:00:00,40,144,1,Bizum,15
2985,2025-09-26 23:00:00,73,58,2,Tarjeta,5
2986,2025-01-06 23:00:00,423,112,2,Bizum,0
2987,2025-10-28 03:00:00,336,28,1,Tarjeta,0
2988,2025-11-26 21:00:00,419,40,2,Tarjeta,0
2989,2025-10-28 06:00:00,256,97,2,Bizum,0
2990,2025-02-19 19:00:00,83,20,1,Tarjeta,0
2991,2025-08-28 09:00:00,380,131,1,Tarjeta,10
2992,2025-03-07 17:00:00,491,139,2,Bizum,5
2993,2025-04-10 19:00:00,450,40,2,Bizum,10
2994,2025-10-23 23:00:00,195,5,3,Tarjeta,0
2995,2025-08-14 16:00:00,245,93,1,Tarjeta,5
2996,2025-08-25 06:00:00,341,25,4,Bizum,0
2997,2025-06-16 05:00:00,110,60,3,Tarjeta,20
2998,2025-02-14 11:00:00,484,139,3,Tarjeta,5
2999,2025-12-19 14:00:00,12,86,2,Tarjeta,20
3000,2025-05-09 06:00:00,217,131,2,Tarjeta,0
3001,2025-11-13 13:00:00,373,102,3,Tarjeta,0
3002,2025-04-05 00:00:00,475,138,3,Tarjeta,0
3003,2025-02-06 11:00:00,488,1,2,Tarjeta,0
3004,2025-02-17 00:00:00,494,131,2,Tarjeta,0
3005,2025-04-29 09:00:00,174,101,4,Bizum,15
3006,2025-10-30 13:00:00,285,1,2,Tarjeta,5
3007,2025-10-22 02:00:00,336,68,2,Tarjeta,0
3008,2025-05-04 10:00:00,9,50,2,Tarjeta,0
3009,2025-06-15 06:00:00,441,48,3,Tarjeta,10
3010,2025-08-24 18:00:00,408,148,2,Tarjeta,5
3011,2025-06-16 07:00:00,258,66,2,Tarjeta,0
3012,2025-12-09 12:00:00,334,64,5,Tarjeta,0
3013,2025-05-19 11:00:00,263,33,2,Tarjeta,0
3014,2025-06-04 13:00:00,152,18,3,Bizum,20
3015,2025-04-15 20:00:00,202,84,3,Tarjeta,0
3016,2025-01-07 22:00:00,383,109,1,Tarjeta,15
3017,2025-09-08 23:00:00,51,27,2,Tarjeta,10
3018,2025-07-09 05:00:00,362,34,1,Bizum,5
3019,2025-06-01 15:00:00,260,103,6,Tarjeta,0
3020,2025-01-17 23:00:00,203,115,3,Tarjeta,0
3021,2025-06-03 11:00:00,234,53,4,Cheque regalo,0
3022,2025-12-19 11:00:00,370,139,1,Tarjeta,0
3023,2025-09-22 08:00:00,19,93,2,Tarjeta,10
3024,2025-12-16 19:00:00,473,20,1,Tarjeta,0
3025,2025-07-22 14:00:00,279,69,2,Bizum,5
3026,2025-01-15 19:00:00,158,144,3,Tarjeta,0
3027,2025-02-05 14:00:00,410,27,2,Bizum,0
3028,2025-08-15 22:00:00,460,20,2,Efectivo,0
3029,2025-03-28 15:00:00,228,23,3,Tarjeta,0
3030,2025-06-06 06:00:00,450,67,2,Efectivo,5
3031,2025-12-16 22:00:00,1,143,4,Tarjeta,0
3032,2025-11-27 14:00:00,372,69,1,Tarjeta,0
3033,2025-04-23 19:00:00,338,80,1,Efectivo,0
3034,2025-12-16 20:00:00,186,33,2,Tarjeta,5
3035,2025-09-28 05:00:00,134,106,2,Cheque regalo,5
3036,2025-12-17 22:00:00,33,23,3,Efectivo,0
3037,2025-08-07 06:00:00,319,121,1,Tarjeta,0
3038,2025-09-19 21:00:00,43,126,2,Tarjeta,0
3039,2025-07-18 22:00:00,425,110,3,Tarjeta,0
3040,2025-07-16 12:00:00,258,43,1,Efectivo,0
3041,2025-08-08 11:00:00,441,147,2,Tarjeta,10
3042,2025-02-06 11:00:00,306,117,2,Efectivo,0
3043,2025-10-29 09:00:00,40,148,3,Tarjeta,0
3044,2025-04-13 22:00:00,478,101,2,Tarjeta,0
3045,2025-04-02 16:00:00,212,111,2,Efectivo,0
3046,2025-03-10 16:00:00,245,107,4,Bizum,0
3047,2025-02-06 06:00:00,292,47,2,Tarjeta,0
3048,2025-09-28 19:00:00,182,105,2,Cheque regalo,5
3049,2025-03-24 09:00:00,469,70,2,Tarjeta,0
3050,2025-05-04 21:00:00,296,125,4,Tarjeta,20
3051,2025-01-18 15:00:00,381,122,2,Tarjeta,5
3052,2025-05-24 00:00:00,107,68,2,Tarjeta,0
3053,2025-12-27 13:00:00,358,89,2,Tarjeta,0
3054,2025-05-05 07:00:00,185,39,2,Tarjeta,5
3055,2025-11-06 02:00:00,393,52,2,Tarjeta,15
3056,2025-06-10 16:00:00,294,2,2,Tarjeta,0
3057,2025-03-08 02:00:00,39,79,3,Tarjeta,15
3058,2025-07-11 03:00:00,208,17,2,Tarjeta,5
3059,2025-12-12 14:00:00,455,80,5,Efectivo,0
3060,2025-08-26 23:00:00,126,10,2,Tarjeta,5
3061,2025-11-19 14:00:00,16,144,2,Tarjeta,0
3062,2025-04-26 04:00:00,29,24,3,Cheque regalo,5
3063,2025-06-11 10:00:00,89,96,4,Tarjeta,10
3064,2025-12-12 21:00:00,479,102,3,Tarjeta,0
3065,2025-11-02 11:00:00,286,137,1,Tarjeta,0
3066,2025-10-29 10:00:00,133,122,1,Tarjeta,10
3067,2025-10-04 02:00:00,58,106,3,Tarjeta,0
3068,2025-10-14 14:00:00,182,89,1,Bizum,5
3069,2025-01-30 20:00:00,224,88,2,Tarjeta,15
3070,2025-11-24 12:00:00,498,30,2,Bizum,0
3071,2025-11-16 19:00:00,196,103,1,Tarjeta,0
3072,2025-10-02 12:00:00,135,42,1,Tarjeta,0
3073,2025-11-17 09:00:00,243,145,1,Bizum,5
3074,2025-01-08 11:00:00,168,128,3,Tarjeta,0
3075,2025-08-19 07:00:00,371,21,1,Tarjeta,15
3076,2025-01-07 07:00:00,395,41,1,Tarjeta,0
3077,2025-07-08 22:00:00,333,131,2,Tarjeta,5
3078,2025-06-08 21:00:00,30,24,3,Tarjeta,0
3079,2025-10-30 13:00:00,223,45,2,Bizum,0
3080,2025-10-01 11:00:00,159,6,3,Bizum,0
3081,2025-01-30 20:00:00,363,37,1,Tarjeta,0
3082,2025-01-27 13:00:00,223,22,3,Tarjeta,0
3083,2025-12-26 14:00:00,255,51,2,Tarjeta,10
3084,2025-03-04 00:00:00,320,100,3,Bizum,0
3085,2025-03-16 00:00:00,275,18,2,Efectivo,0
3086,2025-01-12 08:00:00,357,46,3,Bizum,0
3087,2025-01-15 20:00:00,348,56,2,Tarjeta,0
3088,2025-01-03 14:00:00,220,69,5,Tarjeta,20
3089,2025-11-25 15:00:00,273,63,3,Tarjeta,5
3090,2025-08-02 01:00:00,459,109,4,Tarjeta,15
3091,2025-01-12 03:00:00,146,92,2,Tarjeta,0
3092,2025-06-20 05:00:00,441,58,4,Efectivo,10
3093,2025-03-18 09:00:00,360,26,2,Efectivo,0
3094,2025-02-23 18:00:00,248,57,1,Bizum,0
3095,2025-11-21 15:00:00,355,18,2,Tarjeta,5
3096,2025-10-26 13:00:00,367,52,1,Tarjeta,10
3097,2025-12-02 11:00:00,487,113,1,Cheque regalo,0
3098,2025-01-31 01:00:00,110,150,3,Tarjeta,20
3099,2025-08-03 20:00:00,320,36,2,Tarjeta,0
3100,2025-04-13 08:00:00,450,115,1,Bizum,0
3101,2025-09-29 18:00:00,490,148,3,Tarjeta,10
3102,2025-12-12 02:00:00,195,86,2,Tarjeta,5
3103,2025-04-25 09:00:00,457,22,4,Efectivo,0
3104,2025-09-28 04:00:00,447,121,2,Tarjeta,0
3105,2025-05-25 17:00:00,61,142,4,Tarjeta,0
3106,2025-01-10 06:00:00,356,24,3,Tarjeta,0
3107,2025-08-12 12:00:00,461,42,2,Efectivo,10
3108,2025-03-18 20:00:00,409,126,1,Tarjeta,20
3109,2025-10-08 21:00:00,478,59,2,Efectivo,0
3110,2025-10-17 22:00:00,6,113,2,Efectivo,0
3111,2025-01-06 17:00:00,91,65,4,Tarjeta,5
3112,2025-02-02 02:00:00,22,59,2,Tarjeta,0
3113,2025-12-26 11:00:00,369,84,5,Bizum,0
3114,2025-12-09 01:00:00,255,6,2,Efectivo,5
3115,2025-11-12 04:00:00,137,115,2,Tarjeta,0
3116,2025-11-28 21:00:00,495,110,3,Efectivo,5
3117,2025-08-30 17:00:00,470,99,3,Tarjeta,0
3118,2025-09-20 03:00:00,137,88,2,Bizum,0
3119,2025-02-20 03:00:00,311,105,1,Tarjeta,0
3120,2025-04-02 11:00:00,312,99,1,Efectivo,10
3121,2025-09-14 03:00:00,177,87,2,Tarjeta,0
3122,2025-05-17 11:00:00,64,40,1,Bizum,0
3123,2025-09-24 18:00:00,7,133,1,Tarjeta,5
3124,2025-12-18 00:00:00,378,21,4,Tarjeta,10
3125,2025-01-15 14:00:00,336,83,1,Tarjeta,5
3126,2025-01-19 08:00:00,398,127,2,Tarjeta,10
3127,2025-03-22 17:00:00,168,38,3,Tarjeta,10
3128,2025-06-08 19:00:00,354,107,1,Tarjeta,5
3129,2025-04-17 02:00:00,121,45,3,Cheque regalo,0
3130,2025-06-29 17:00:00,370,90,2,Efectivo,20
3131,2025-04-02 21:00:00,238,136,3,Tarjeta,0
3132,2025-03-18 12:00:00,91,73,3,Tarjeta,0
3133,2025-12-23 00:00:00,72,22,4,Efectivo,5
3134,2025-10-22 09:00:00,207,91,4,Tarjeta,0
3135,2025-05-19 12:00:00,498,67,2,Tarjeta,5
3136,2025-08-14 06:00:00,359,86,3,Efectivo,10
3137,2025-09-02 11:00:00,221,127,2,Tarjeta,0
3138,2025-08-02 10:00:00,371,121,1,Tarjeta,5
3139,2025-04-01 15:00:00,225,101,2,Bizum,10
3140,2025-03-08 21:00:00,283,149,1,Tarjeta,0
3141,2025-09-24 11:00:00,111,88,2,Tarjeta,5
3142,2025-06-12 22:00:00,159,79,3,Tarjeta,5
3143,2025-06-19 08:00:00,376,44,2,Tarjeta,0
3144,2025-08-26 01:00:00,109,53,3,Tarjeta,0
3145,2025-01-26 02:00:00,210,120,4,Tarjeta,0
3146,2025-08-18 06:00:00,228,124,2,Efectivo,20
3147,2025-06-21 16:00:00,499,130,3,Bizum,5
3148,2025-05-22 03:00:00,1,129,1,Tarjeta,10
3149,2025-01-23 23:00:00,335,147,1,Tarjeta,10
3150,2025-02-14 04:00:00,300,5,2,Tarjeta,0
3151,2025-04-21 06:00:00,83,8,3,Efectivo,0
3152,2025-01-26 17:00:00,498,141,1,Tarjeta,0
3153,2025-06-08 16:00:00,99,51,2,Tarjeta,0
3154,2025-03-09 01:00:00,492,62,3,Tarjeta,0
3155,2025-09-26 16:00:00,109,130,2,Tarjeta,0
3156,2025-01-31 17:00:00,493,3,3,Bizum,10
3157,2025-03-24 18:00:00,71,67,1,Bizum,5
3158,2025-10-22 02:00:00,247,40,3,Bizum,0
3159,2025-06-16 18:00:00,173,112,4,Tarjeta,0
3160,2025-10-26 12:00:00,213,107,1,Bizum,0
3161,2025-10-16 01:00:00,498,138,2,Bizum,0
3162,2025-12-05 14:00:00,21,27,2,Tarjeta,0
3163,2025-06-16 13:00:00,338,70,3,Tarjeta,0
3164,2025-09-27 00:00:00,180,60,4,Bizum,0
3165,2025-04-12 22:00:00,291,120,1,Tarjeta,15
3166,2025-04-16 04:00:00,258,86,2,Tarjeta,0
3167,2025-07-12 17:00:00,354,142,2,Tarjeta,0
3168,2025-02-20 14:00:00,65,67,1,Tarjeta,0
3169,2025-10-11 20:00:00,370,96,3,Bizum,0
3170,2025-07-02 00:00:00,498,120,3,Tarjeta,0
3171,2025-01-11 20:00:00,31,63,2,Efectivo,0
3172,2025-01-23 03:00:00,483,55,3,Cheque regalo,5
3173,2025-11-20 06:00:00,348,145,1,Bizum,5
3174,2025-07-17 16:00:00,457,56,3,Tarjeta,0
3175,2025-01-04 12:00:00,6,2,5,Tarjeta,10
3176,2025-01-07 09:00:00,11,64,3,Tarjeta,0
3177,2025-12-14 12:00:00,377,73,3,Tarjeta,0
3178,2025-06-02 07:00:00,173,80,2,Bizum,0
3179,2025-09-29 08:00:00,96,17,2,Efectivo,0
3180,2025-12-21 15:00:00,452,49,3,Tarjeta,0
3181,2025-11-03 02:00:00,402,60,2,Tarjeta,15
3182,2025-02-02 14:00:00,277,76,2,Tarjeta,0
3183,2025-10-02 02:00:00,235,75,2,Bizum,0
3184,2025-06-30 00:00:00,146,121,3,Efectivo,5
3185,2025-04-26 06:00:00,118,110,2,Tarjeta,5
3186,2025-05-26 16:00:00,369,119,1,Tarjeta,5
3187,2025-10-20 18:00:00,485,146,3,Efectivo,0
3188,2025-05-21 14:00:00,91,105,2,Tarjeta,5
3189,2025-02-07 12:00:00,143,82,2,Tarjeta,0
3190,2025-07-29 22:00:00,285,23,1,Tarjeta,0
3191,2025-05-12 15:00:00,16,123,2,Tarjeta,5
3192,2025-08-01 11:00:00,425,44,3,Bizum,5
3193,2025-10-17 11:00:00,43,129,3,Efectivo,0
3194,2025-06-21 08:00:00,112,20,4,Tarjeta,0
3195,2025-04-22 14:00:00,240,66,3,Tarjeta,5
3196,2025-07-01 05:00:00,441,13,1,Tarjeta,5
3197,2025-03-07 12:00:00,5,118,1,Efectivo,5
3198,2025-10-14 03:00:00,483,145,2,Efectivo,5
3199,2025-12-03 03:00:00,149,28,2,Tarjeta,15
3200,2025-12-13 06:00:00,132,38,3,Tarjeta,0
3201,2025-09-26 20:00:00,270,64,4,Tarjeta,0
3202,2025-08-30 10:00:00,284,21,2,Tarjeta,0
3203,2025-10-24 19:00:00,355,143,2,Tarjeta,20
3204,2025-01-24 00:00:00,438,34,2,Tarjeta,10
3205,2025-08-25 20:00:00,168,26,4,Tarjeta,0
3206,2025-12-05 07:00:00,470,59,4,Tarjeta,0
3207,2025-09-13 05:00:00,410,59,4,Tarjeta,15
3208,2025-04-23 20:00:00,410,108,2,Tarjeta,10
3209,2025-11-08 12:00:00,301,134,5,Tarjeta,10
3210,2025-09-24 21:00:00,355,87,1,Cheque regalo,0
3211,2025-06-15 00:00:00,32,11,2,Bizum,5
3212,2025-02-26 20:00:00,423,141,3,Bizum,10
3213,2025-12-26 06:00:00,114,51,2,Tarjeta,0
3214,2025-06-26 12:00:00,369,92,3,Efectivo,0
3215,2025-01-06 16:00:00,496,147,2,Cheque regalo,5
3216,2025-09-16 08:00:00,430,57,1,Bizum,5
3217,2025-09-13 02:00:00,58,127,2,Tarjeta,0
3218,2025-01-11 19:00:00,469,143,3,Bizum,5
3219,2025-11-21 20:00:00,370,93,4,Tarjeta,0
3220,2025-09-27 06:00:00,443,85,2,Tarjeta,5
3221,2025-07-22 12:00:00,32,45,2,Efectivo,10
3222,2025-07-27 15:00:00,445,72,1,Tarjeta,0
3223,2025-02-15 23:00:00,400,108,1,Tarjeta,0
3224,2025-07-10 01:00:00,165,45,2,Tarjeta,10
3225,2025-01-31 02:00:00,492,91,3,Tarjeta,0
3226,2025-06-04 05:00:00,378,7,2,Efectivo,15
3227,2025-04-17 12:00:00,5,31,3,Tarjeta,15
3228,2025-07-14 05:00:00,292,105,2,Tarjeta,15
3229,2025-12-08 03:00:00,390,125,2,Tarjeta,15
3230,2025-09-11 18:00:00,15,91,3,Tarjeta,10
3231,2025-03-25 20:00:00,115,94,1,Bizum,0
3232,2025-07-07 14:00:00,226,128,2,Tarjeta,5
3233,2025-02-11 12:00:00,398,132,3,Tarjeta,0
3234,2025-04-15 23:00:00,97,15,1,Tarjeta,15
3235,2025-01-20 06:00:00,180,147,2,Efectivo,5
3236,2025-05-31 11:00:00,167,55,4,Efectivo,0
3237,2025-05-15 06:00:00,125,106,2,Efectivo,10
3238,2025-08-31 05:00:00,292,15,2,Tarjeta,0
3239,2025-10-26 08:00:00,157,61,2,Tarjeta,10
3240,2025-03-02 19:00:00,238,133,1,Tarjeta,15
3241,2025-03-22 01:00:00,401,115,4,Bizum,15
3242,2025-04-15 07:00:00,449,46,2,Tarjeta,5
3243,2025-02-23 02:00:00,370,47,3,Bizum,0
3244,2025-03-28 12:00:00,228,12,2,Tarjeta,0
3245,2025-06-20 14:00:00,312,81,5,Bizum,0
3246,2025-02-07 07:00:00,73,37,2,Tarjeta,0
3247,2025-03-05 10:00:00,54,53,1,Bizum,5
3248,2025-12-10 05:00:00,103,120,2,Tarjeta,0
3249,2025-12-08 15:00:00,297,121,1,Tarjeta,0
3250,2025-04-26 11:00:00,399,17,4,Tarjeta,0
3251,2025-03-13 22:00:00,288,133,1,Tarjeta,0
3252,2025-02-08 21:00:00,298,18,3,Efectivo,0
3253,2025-05-31 02:00:00,158,68,2,Bizum,5
3254,2025-11-27 03:00:00,203,37,3,Tarjeta,0
3255,2025-09-06 17:00:00,488,127,1,Bizum,0
3256,2025-05-27 04:00:00,252,69,1,Cheque regalo,5
3257,2025-07-24 09:00:00,51,60,1,Tarjeta,5
3258,2025-01-20 03:00:00,112,65,2,Tarjeta,10
3259,2025-09-24 00:00:00,27,10,1,Bizum,0
3260,2025-05-02 22:00:00,300,71,5,Efectivo,0
3261,2025-04-10 21:00:00,295,114,2,Tarjeta,15
3262,2025-07-09 11:00:00,433,81,4,Tarjeta,5
3263,2025-01-03 03:00:00,6,24,2,Cheque regalo,0
3264,2025-02-26 17:00:00,336,50,4,Tarjeta,0
3265,2025-04-03 02:00:00,327,65,2,Tarjeta,0
3266,2025-09-27 13:00:00,74,68,3,Tarjeta,5
3267,2025-07-16 06:00:00,144,113,2,Tarjeta,0
3268,2025-01-30 02:00:00,78,129,2,Tarjeta,5
3269,2025-10-29 09:00:00,196,32,4,Tarjeta,15
3270,2025-03-09 09:00:00,411,21,1,Efectivo,0
3271,2025-10-27 14:00:00,388,139,1,Tarjeta,0
3272,2025-11-18 09:00:00,223,123,1,Tarjeta,0
3273,2025-05-10 11:00:00,241,13,2,Bizum,0
3274,2025-11-26 08:00:00,285,141,1,Tarjeta,10
3275,2025-02-13 10:00:00,129,37,2,Tarjeta,0
3276,2025-03-08 07:00:00,423,34,3,Tarjeta,0
3277,2025-01-13 05:00:00,37,91,2,Efectivo,0
3278,2025-08-06 01:00:00,279,60,2,Efectivo,0
3279,2025-05-09 16:00:00,482,80,2,Tarjeta,5
3280,2025-03-29 09:00:00,363,74,4,Tarjeta,0
3281,2025-07-30 17:00:00,205,104,1,Tarjeta,0
3282,2025-05-31 11:00:00,449,132,3,Tarjeta,15
3283,2025-07-27 15:00:00,333,5,3,Bizum,0
3284,2025-08-04 18:00:00,430,131,2,Tarjeta,0
3285,2025-07-28 02:00:00,394,103,5,Tarjeta,0
3286,2025-12-21 13:00:00,95,114,3,Tarjeta,0
3287,2025-11-10 15:00:00,339,77,1,Bizum,0
3288,2025-06-02 23:00:00,485,93,2,Efectivo,0
3289,2025-05-21 23:00:00,381,114,1,Efectivo,0
3290,2025-01-14 09:00:00,3,122,2,Tarjeta,10
3291,2025-06-08 19:00:00,347,15,1,Tarjeta,0
3292,2025-04-11 16:00:00,30,105,1,Efectivo,0
3293,2025-07-07 14:00:00,225,84,3,Tarjeta,10
3294,2025-06-26 18:00:00,37,140,3,Tarjeta,0
3295,2025-01-22 20:00:00,300,145,3,Efectivo,5
3296,2025-11-08 03:00:00,77,81,3,Tarjeta,0
3297,2025-12-16 11:00:00,314,102,2,Cheque regalo,0
3298,2025-04-11 22:00:00,147,12,3,Efectivo,5
3299,2025-06-28 09:00:00,378,80,3,Tarjeta,0
3300,2025-01-11 16:00:00,21,25,2,Bizum,15
3301,2025-01-29 21:00:00,200,16,4,Tarjeta,5
3302,2025-01-15 14:00:00,324,115,1,Tarjeta,0
3303,2025-07-23 17:00:00,298,30,2,Cheque regalo,0
3304,2025-04-16 18:00:00,110,38,1,Tarjeta,0
3305,2025-05-22 06:00:00,498,89,2,Bizum,10
3306,2025-12-25 03:00:00,177,48,3,Tarjeta,0
3307,2025-09-07 10:00:00,482,100,2,Tarjeta,10
3308,2025-02-06 08:00:00,182,88,1,Tarjeta,5
3309,2025-11-25 09:00:00,109,30,4,Tarjeta,10
3310,2025-04-30 20:00:00,456,118,3,Tarjeta,0
3311,2025-08-25 05:00:00,332,67,1,Tarjeta,10
3312,2025-08-14 20:00:00,306,79,3,Bizum,0
3313,2025-03-31 08:00:00,40,6,4,Tarjeta,0
3314,2025-12-06 05:00:00,206,3,4,Tarjeta,0
3315,2025-08-15 09:00:00,243,106,4,Tarjeta,15
3316,2025-07-13 05:00:00,378,59,2,Tarjeta,0
3317,2025-05-08 21:00:00,100,51,2,Tarjeta,15
3318,2025-06-24 00:00:00,228,94,1,Tarjeta,10
3319,2025-12-17 16:00:00,463,107,2,Cheque regalo,5
3320,2025-06-25 23:00:00,223,108,2,Cheque regalo,0
3321,2025-12-25 20:00:00,180,83,1,Tarjeta,0
3322,2025-03-28 16:00:00,223,107,2,Bizum,20
3323,2025-05-08 10:00:00,376,62,2,Efectivo,0
3324,2025-01-17 18:00:00,84,8,3,Efectivo,0
3325,2025-04-10 08:00:00,110,53,2,Efectivo,0
3326,2025-12-20 23:00:00,213,44,1,Efectivo,0
3327,2025-08-19 09:00:00,400,131,2,Tarjeta,5
3328,2025-08-12 05:00:00,260,80,1,Tarjeta,5
3329,2025-07-17 04:00:00,285,13,1,Bizum,5
3330,2025-03-17 23:00:00,361,60,1,Tarjeta,5
3331,2025-11-23 16:00:00,94,37,2,Bizum,0
3332,2025-03-15 00:00:00,370,122,4,Efectivo,0
3333,2025-11-15 20:00:00,136,63,5,Cheque regalo,0
3334,2025-05-04 06:00:00,39,45,2,Bizum,20
3335,2025-08-25 06:00:00,462,142,2,Tarjeta,0
3336,2025-08-08 13:00:00,157,52,1,Tarjeta,0
3337,2025-01-27 03:00:00,4,127,1,Tarjeta,0
3338,2025-07-09 04:00:00,412,35,3,Cheque regalo,15
3339,2025-02-16 01:00:00,336,123,2,Efectivo,5
3340,2025-03-17 13:00:00,182,5,4,Bizum,15
3341,2025-03-10 20:00:00,161,23,1,Tarjeta,0
3342,2025-07-24 14:00:00,20,12,1,Tarjeta,20
3343,2025-10-06 09:00:00,112,2,1,Tarjeta,0
3344,2025-03-22 12:00:00,103,30,1,Tarjeta,5
3345,2025-04-20 04:00:00,207,28,1,Efectivo,0
3346,2025-01-01 18:00:00,177,138,1,Bizum,20
3347,2025-06-17 12:00:00,223,144,1,Tarjeta,0
3348,2025-05-21 20:00:00,358,50,3,Tarjeta,0
3349,2025-09-22 07:00:00,382,75,1,Tarjeta,0
3350,2025-11-15 04:00:00,362,105,1,Tarjeta,0
3351,2025-05-18 06:00:00,192,124,2,Tarjeta,5
3352,2025-10-24 12:00:00,471,109,1,Bizum,0
3353,2025-10-03 10:00:00,190,8,3,Bizum,0
3354,2025-12-02 04:00:00,65,131,2,Efectivo,0
3355,2025-01-12 20:00:00,295,38,1,Bizum,0
3356,2025-07-22 13:00:00,172,110,4,Tarjeta,0
3357,2025-09-14 20:00:00,91,56,3,Tarjeta,10
3358,2025-12-31 14:00:00,300,79,1,Tarjeta,0
3359,2025-06-12 09:00:00,338,143,2,Bizum,0
3360,2025-08-22 05:00:00,407,1,4,Tarjeta,0
3361,2025-09-10 07:00:00,208,94,3,Tarjeta,5
3362,2025-12-09 06:00:00,362,128,2,Bizum,5
3363,2025-04-17 03:00:00,312,103,2,Tarjeta,10
3364,2025-07-16 11:00:00,440,114,2,Tarjeta,5
3365,2025-04-12 16:00:00,284,91,2,Bizum,5
3366,2025-04-10 14:00:00,293,47,2,Tarjeta,0
3367,2025-07-10 18:00:00,94,15,1,Tarjeta,5
3368,2025-11-19 05:00:00,5,90,1,Tarjeta,0
3369,2025-10-06 21:00:00,11,141,1,Efectivo,0
3370,2025-01-03 10:00:00,261,75,2,Tarjeta,0
3371,2025-07-13 12:00:00,430,66,2,Tarjeta,0
3372,2025-01-14 23:00:00,162,81,4,Tarjeta,0
3373,2025-10-24 07:00:00,16,118,3,Tarjeta,0
3374,2025-08-11 23:00:00,169,31,1,Tarjeta,0
3375,2025-08-17 12:00:00,309,23,2,Bizum,0
3376,2025-02-11 00:00:00,112,11,3,Tarjeta,0
3377,2025-01-24 09:00:00,144,93,3,Efectivo,0
3378,2025-11-11 23:00:00,459,73,1,Bizum,20
3379,2025-02-02 07:00:00,425,52,2,Tarjeta,5
3380,2025-12-03 05:00:00,175,11,3,Tarjeta,0
3381,2025-08-18 12:00:00,431,142,3,Tarjeta,0
3382,2025-02-07 09:00:00,109,82,3,Cheque regalo,0
3383,2025-03-16 22:00:00,291,119,2,Tarjeta,0
3384,2025-01-25 22:00:00,34,128,3,Tarjeta,0
3385,2025-10-21 10:00:00,401,33,1,Tarjeta,0
3386,2025-09-04 07:00:00,436,134,1,Tarjeta,0
3387,2025-03-27 16:00:00,336,124,1,Tarjeta,0
3388,2025-03-21 17:00:00,372,3,5,Tarjeta,5
3389,2025-09-06 21:00:00,99,114,5,Tarjeta,0
3390,2025-05-25 13:00:00,346,100,3,Bizum,0
3391,2025-02-21 12:00:00,410,84,2,Efectivo,0
3392,2025-12-08 15:00:00,187,11,2,Bizum,5
3393,2025-01-16 01:00:00,368,74,2,Tarjeta,0
3394,2025-07-08 04:00:00,35,90,1,Tarjeta,5
3395,2025-08-11 23:00:00,81,25,2,Efectivo,0
3396,2025-08-10 20:00:00,61,87,4,Tarjeta,0
3397,2025-02-20 05:00:00,373,42,1,Bizum,10
3398,2025-05-10 02:00:00,331,141,2,Bizum,15
3399,2025-02-04 22:00:00,304,124,2,Tarjeta,5
3400,2025-04-25 16:00:00,308,91,3,Tarjeta,10
3401,2025-11-17 08:00:00,2,10,1,Tarjeta,0
3402,2025-08-05 07:00:00,124,83,3,Efectivo,0
3403,2025-05-01 04:00:00,92,6,2,Tarjeta,0
3404,2025-05-07 21:00:00,319,58,2,Tarjeta,20
3405,2025-09-14 22:00:00,481,131,1,Tarjeta,0
3406,2025-02-09 05:00:00,384,127,2,Tarjeta,15
3407,2025-01-28 02:00:00,106,11,2,Tarjeta,5
3408,2025-10-03 03:00:00,59,122,2,Tarjeta,0
3409,2025-03-14 01:00:00,377,114,4,Cheque regalo,0
3410,2025-11-16 12:00:00,488,41,4,Tarjeta,0
3411,2025-05-14 15:00:00,41,84,1,Tarjeta,5
3412,2025-02-14 10:00:00,421,114,4,Efectivo,0
3413,2025-09-16 18:00:00,432,48,2,Tarjeta,0
3414,2025-03-06 16:00:00,185,59,4,Efectivo,0
3415,2025-04-10 00:00:00,431,6,1,Efectivo,5
3416,2025-05-29 05:00:00,173,27,2,Efectivo,0
3417,2025-07-05 23:00:00,326,92,6,Tarjeta,10
3418,2025-03-28 11:00:00,286,56,4,Tarjeta,5
3419,2025-11-05 02:00:00,441,31,2,Tarjeta,0
3420,2025-03-14 02:00:00,92,32,2,Efectivo,0
3421,2025-01-18 03:00:00,286,25,2,Tarjeta,0
3422,2025-07-11 11:00:00,29,62,2,Cheque regalo,0
3423,2025-07-23 03:00:00,378,51,1,Tarjeta,0
3424,2025-05-18 11:00:00,362,150,1,Tarjeta,0
3425,2025-07-09 11:00:00,461,26,2,Efectivo,15
3426,2025-03-19 04:00:00,321,133,1,Tarjeta,15
3427,2025-03-20 22:00:00,287,32,3,Tarjeta,0
3428,2025-03-28 06:00:00,369,10,3,Efectivo,0
3429,2025-09-14 04:00:00,91,103,2,Tarjeta,5
3430,2025-07-23 23:00:00,77,83,2,Efectivo,0
3431,2025-12-08 07:00:00,69,142,3,Tarjeta,0
3432,2025-01-09 13:00:00,170,125,2,Bizum,0
3433,2025-05-06 12:00:00,440,16,2,Bizum,0
3434,2025-08-30 05:00:00,401,127,3,Tarjeta,10
3435,2025-09-07 09:00:00,267,91,1,Bizum,0
3436,2025-04-16 02:00:00,205,108,2,Tarjeta,0
3437,2025-02-16 13:00:00,172,87,3,Bizum,0
3438,2025-07-19 01:00:00,291,4,1,Tarjeta,0
3439,2025-12-04 11:00:00,482,87,1,Tarjeta,0
3440,2025-10-18 00:00:00,384,99,3,Tarjeta,0
3441,2025-11-23 10:00:00,319,149,3,Bizum,0
3442,2025-03-11 06:00:00,216,4,3,Tarjeta,5
3443,2025-04-23 03:00:00,185,120,2,Tarjeta,0
3444,2025-06-16 08:00:00,102,5,1,Tarjeta,0
3445,2025-09-20 10:00:00,425,87,2,Tarjeta,5
3446,2025-12-17 22:00:00,32,59,5,Tarjeta,0
3447,2025-05-01 23:00:00,416,53,3,Efectivo,5
3448,2025-03-28 01:00:00,161,146,2,Tarjeta,5
3449,2025-02-09 20:00:00,126,123,1,Tarjeta,5
3450,2025-10-12 09:00:00,168,134,3,Tarjeta,0
3451,2025-04-28 16:00:00,101,104,2,Efectivo,0
3452,2025-08-20 06:00:00,466,10,1,Efectivo,10
3453,2025-08-20 07:00:00,471,79,3,Cheque regalo,5
3454,2025-01-19 21:00:00,330,3,3,Bizum,0
3455,2025-03-25 10:00:00,26,123,1,Tarjeta,0
3456,2025-08-07 09:00:00,498,40,3,Tarjeta,0
3457,2025-04-10 08:00:00,86,123,1,Tarjeta,5
3458,2025-02-27 05:00:00,73,131,1,Tarjeta,0
3459,2025-12-29 16:00:00,299,102,1,Efectivo,0
3460,2025-09-03 21:00:00,216,105,1,Bizum,0
3461,2025-02-23 03:00:00,178,137,2,Bizum,0
3462,2025-11-13 14:00:00,196,16,2,Bizum,5
3463,2025-08-26 17:00:00,169,30,2,Tarjeta,5
3464,2025-04-14 12:00:00,38,143,2,Efectivo,0
3465,2025-08-23 12:00:00,424,88,2,Efectivo,5
3466,2025-06-21 06:00:00,254,121,4,Tarjeta,0
3467,2025-10-22 00:00:00,176,6,2,Tarjeta,0
3468,2025-03-09 05:00:00,423,37,1,Tarjeta,0
3469,2025-07-31 03:00:00,380,49,2,Tarjeta,0
3470,2025-01-19 23:00:00,345,139,2,Tarjeta,5
3471,2025-01-03 11:00:00,408,64,2,Cheque regalo,20
3472,2025-05-26 07:00:00,322,55,3,Tarjeta,10
3473,2025-05-29 01:00:00,408,94,1,Bizum,5
3474,2025-11-07 06:00:00,86,51,2,Bizum,5
3475,2025-09-12 19:00:00,124,112,3,Tarjeta,0
3476,2025-01-06 19:00:00,235,21,2,Tarjeta,5
3477,2025-12-22 16:00:00,261,123,2,Tarjeta,5
3478,2025-03-30 10:00:00,72,79,1,Efectivo,5
3479,2025-01-31 15:00:00,462,118,3,Tarjeta,10
3480,2025-12-02 22:00:00,351,108,1,Tarjeta,0
3481,2025-09-15 12:00:00,446,80,2,Bizum,0
3482,2025-06-21 23:00:00,395,94,4,Tarjeta,5
3483,2025-01-03 09:00:00,188,29,2,Tarjeta,0
3484,2025-03-08 03:00:00,496,63,1,Efectivo,5
3485,2025-02-11 14:00:00,447,128,1,Tarjeta,5
3486,2025-08-10 23:00:00,372,48,1,Tarjeta,0
3487,2025-04-21 21:00:00,260,81,1,Tarjeta,0
3488,2025-07-16 13:00:00,55,86,1,Tarjeta,0
3489,2025-11-15 13:00:00,111,90,4,Efectivo,0
3490,2025-05-11 00:00:00,123,82,1,Tarjeta,15
3491,2025-07-14 11:00:00,27,122,1,Tarjeta,15
3492,2025-01-28 10:00:00,205,90,1,Tarjeta,0
3493,2025-10-04 10:00:00,407,122,4,Tarjeta,0
3494,2025-06-27 20:00:00,485,142,3,Tarjeta,10
3495,2025-04-14 20:00:00,496,67,2,Tarjeta,10
3496,2025-03-03 18:00:00,366,40,1,Tarjeta,0
3497,2025-05-30 21:00:00,489,55,4,Tarjeta,0
3498,2025-05-10 01:00:00,251,134,2,Tarjeta,10
3499,2025-07-25 06:00:00,216,85,2,Tarjeta,0
3500,2025-01-06 01:00:00,344,39,2,Tarjeta,0
3501,2025-03-21 00:00:00,490,38,2,Efectivo,0
3502,2025-06-12 16:00:00,387,16,4,Efectivo,0
3503,2025-07-28 04:00:00,319,136,3,Bizum,0
3504,2025-01-11 03:00:00,500,150,2,Bizum,5
3505,2025-12-26 08:00:00,319,70,2,Tarjeta,0
3506,2025-10-19 23:00:00,129,17,1,Efectivo,0
3507,2025-02-27 22:00:00,276,91,1,Tarjeta,0
3508,2025-12-04 17:00:00,461,114,3,Tarjeta,0
3509,2025-10-02 21:00:00,370,15,1,Tarjeta,10
3510,2025-08-26 12:00:00,258,79,1,Tarjeta,5
3511,2025-04-30 03:00:00,138,135,2,Tarjeta,5
3512,2025-12-17 22:00:00,378,148,2,Bizum,0
3513,2025-06-15 12:00:00,481,58,1,Tarjeta,0
3514,2025-12-24 12:00:00,455,48,2,Efectivo,5
3515,2025-10-07 14:00:00,84,53,2,Tarjeta,20
3516,2025-06-19 09:00:00,5,59,2,Efectivo,10
3517,2025-11-23 01:00:00,97,62,1,Bizum,10
3518,2025-02-11 05:00:00,291,142,2,Tarjeta,5
3519,2025-07-13 17:00:00,76,85,2,Tarjeta,0
3520,2025-09-14 05:00:00,450,125,3,Efectivo,0
3521,2025-07-13 14:00:00,418,78,2,Tarjeta,0
3522,2025-11-06 22:00:00,339,59,2,Tarjeta,10
3523,2025-01-26 20:00:00,107,115,2,Bizum,0
3524,2025-02-01 18:00:00,227,135,4,Bizum,0
3525,2025-12-16 12:00:00,16,78,5,Efectivo,0
3526,2025-09-12 03:00:00,169,136,3,Bizum,0
3527,2025-10-08 09:00:00,380,79,1,Efectivo,0
3528,2025-10-24 13:00:00,316,73,2,Tarjeta,10
3529,2025-10-13 20:00:00,3,74,2,Tarjeta,0
3530,2025-01-18 06:00:00,115,35,2,Tarjeta,10
3531,2025-01-31 21:00:00,404,39,2,Tarjeta,0
3532,2025-07-05 20:00:00,492,22,5,Efectivo,5
3533,2025-01-12 00:00:00,41,117,1,Cheque regalo,0
3534,2025-09-16 05:00:00,49,133,1,Tarjeta,0
3535,2025-04-30 03:00:00,73,121,4,Bizum,0
3536,2025-11-17 15:00:00,330,108,2,Tarjeta,0
3537,2025-08-19 01:00:00,57,136,1,Tarjeta,0
3538,2025-12-26 07:00:00,219,9,3,Tarjeta,5
3539,2025-08-06 14:00:00,437,74,2,Tarjeta,15
3540,2025-04-20 12:00:00,224,87,3,Bizum,0
3541,2025-11-11 15:00:00,93,4,2,Cheque regalo,0
3542,2025-11-11 10:00:00,11,86,1,Tarjeta,0
3543,2025-05-26 00:00:00,112,127,3,Bizum,5
3544,2025-08-09 01:00:00,219,103,3,Tarjeta,0
3545,2025-03-16 02:00:00,80,95,3,Tarjeta,0
3546,2025-02-10 03:00:00,216,109,3,Tarjeta,0
3547,2025-01-06 01:00:00,342,47,3,Tarjeta,5
3548,2025-11-02 06:00:00,372,36,3,Bizum,0
3549,2025-09-07 10:00:00,107,23,2,Tarjeta,0
3550,2025-06-27 15:00:00,23,53,2,Tarjeta,0
3551,2025-05-13 23:00:00,33,115,2,Tarjeta,0
3552,2025-04-29 00:00:00,124,114,3,Tarjeta,5
3553,2025-03-01 17:00:00,425,106,3,Efectivo,0
3554,2025-06-13 02:00:00,89,120,4,Cheque regalo,5
3555,2025-05-04 08:00:00,42,128,2,Tarjeta,15
3556,2025-03-14 00:00:00,24,37,2,Efectivo,0
3557,2025-10-13 19:00:00,260,37,1,Efectivo,0
3558,2025-02-04 17:00:00,266,40,1,Tarjeta,5
3559,2025-10-13 04:00:00,143,123,1,Bizum,0
3560,2025-07-20 01:00:00,142,28,3,Tarjeta,5
3561,2025-03-05 14:00:00,100,95,2,Tarjeta,5
3562,2025-12-29 19:00:00,362,39,1,Tarjeta,0
3563,2025-05-16 16:00:00,321,58,3,Tarjeta,0
3564,2025-02-10 18:00:00,473,47,3,Tarjeta,0
3565,2025-12-19 23:00:00,50,97,3,Cheque regalo,0
3566,2025-11-13 18:00:00,310,98,2,Tarjeta,0
3567,2025-07-07 23:00:00,169,38,3,Tarjeta,0
3568,2025-09-17 07:00:00,104,13,2,Cheque regalo,15
3569,2025-12-09 08:00:00,354,72,1,Efectivo,0
3570,2025-08-26 10:00:00,87,117,1,Tarjeta,10
3571,2025-03-05 05:00:00,494,148,2,Bizum,0
3572,2025-08-20 14:00:00,60,94,3,Tarjeta,5
3573,2025-09-04 12:00:00,319,49,1,Efectivo,0
3574,2025-10-18 20:00:00,5,122,3,Bizum,0
3575,2025-05-20 21:00:00,25,103,1,Tarjeta,0
3576,2025-11-03 04:00:00,184,50,2,Tarjeta,0
3577,2025-08-18 06:00:00,436,38,1,Tarjeta,10
3578,2025-09-30 00:00:00,335,78,2,Tarjeta,5
3579,2025-04-04 02:00:00,465,79,1,Bizum,5
3580,2025-11-02 00:00:00,431,11,3,Tarjeta,15
3581,2025-10-24 10:00:00,172,128,4,Efectivo,0
3582,2025-01-30 16:00:00,362,58,2,Bizum,0
3583,2025-08-02 12:00:00,201,65,4,Tarjeta,5
3584,2025-11-07 08:00:00,477,37,4,Efectivo,5
3585,2025-06-01 18:00:00,292,27,1,Tarjeta,0
3586,2025-12-01 06:00:00,398,63,2,Cheque regalo,0
3587,2025-06-30 21:00:00,385,136,1,Tarjeta,0
3588,2025-10-14 16:00:00,58,127,1,Bizum,0
3589,2025-08-24 07:00:00,206,128,1,Bizum,10
3590,2025-09-30 04:00:00,245,17,1,Tarjeta,0
3591,2025-04-07 03:00:00,172,38,2,Tarjeta,5
3592,2025-09-28 06:00:00,5,48,2,Tarjeta,0
3593,2025-08-11 22:00:00,327,137,1,Bizum,0
3594,2025-10-03 01:00:00,323,148,5,Bizum,0
3595,2025-10-08 23:00:00,381,135,1,Tarjeta,0
3596,2025-04-26 09:00:00,470,115,3,Tarjeta,5
3597,2025-09-11 18:00:00,192,78,2,Cheque regalo,0
3598,2025-09-20 08:00:00,375,141,2,Tarjeta,0
3599,2025-05-16 22:00:00,291,146,2,Tarjeta,5
3600,2025-10-05 16:00:00,173,46,2,Tarjeta,0
3601,2025-12-15 00:00:00,71,145,3,Efectivo,0
3602,2025-03-15 09:00:00,481,27,2,Efectivo,0
3603,2025-01-19 14:00:00,442,134,1,Efectivo,0
3604,2025-01-16 18:00:00,97,134,4,Tarjeta,5
3605,2025-08-15 12:00:00,137,150,4,Tarjeta,0
3606,2025-07-17 07:00:00,112,33,1,Efectivo,0
3607,2025-09-17 19:00:00,99,96,2,Tarjeta,0
3608,2025-01-02 10:00:00,450,13,1,Efectivo,5
3609,2025-05-13 08:00:00,226,120,3,Tarjeta,5
3610,2025-08-14 22:00:00,176,121,1,Tarjeta,0
3611,2025-05-05 02:00:00,258,73,1,Tarjeta,0
3612,2025-05-04 18:00:00,41,100,1,Tarjeta,0
3613,2025-04-19 23:00:00,19,147,3,Efectivo,15
3614,2025-10-14 20:00:00,216,115,2,Bizum,0
3615,2025-07-16 18:00:00,273,111,3,Bizum,0
3616,2025-11-30 05:00:00,100,67,1,Efectivo,5
3617,2025-04-11 22:00:00,339,121,2,Bizum,0
3618,2025-03-02 22:00:00,375,124,2,Tarjeta,5
3619,2025-04-05 07:00:00,401,16,3,Tarjeta,20
3620,2025-06-27 06:00:00,326,128,2,Efectivo,5
3621,2025-02-27 15:00:00,381,35,2,Bizum,0
3622,2025-02-22 12:00:00,21,5,3,Bizum,0
3623,2025-06-14 19:00:00,240,130,2,Tarjeta,0
3624,2025-01-11 09:00:00,479,103,2,Efectivo,15
3625,2025-09-06 16:00:00,258,80,2,Tarjeta,5
3626,2025-08-03 05:00:00,176,63,1,Tarjeta,0
3627,2025-12-04 01:00:00,66,130,3,Tarjeta,0
3628,2025-08-27 01:00:00,372,116,2,Efectivo,15
3629,2025-10-07 20:00:00,470,92,1,Tarjeta,15
3630,2025-08-26 12:00:00,18,120,1,Tarjeta,5
3631,2025-12-03 16:00:00,11,28,3,Efectivo,15
3632,2025-11-23 04:00:00,202,4,1,Tarjeta,0
3633,2025-02-18 19:00:00,440,46,1,Bizum,10
3634,2025-01-29 11:00:00,4,36,2,Tarjeta,15
3635,2025-02-12 14:00:00,80,93,2,Bizum,15
3636,2025-01-01 17:00:00,497,118,2,Efectivo,5
3637,2025-10-02 14:00:00,43,115,3,Tarjeta,0
3638,2025-02-04 17:00:00,430,105,3,Efectivo,0
3639,2025-10-11 21:00:00,153,93,2,Tarjeta,5
3640,2025-03-12 10:00:00,53,89,1,Efectivo,5
3641,2025-12-05 04:00:00,58,107,4,Tarjeta,0
3642,2025-07-17 19:00:00,266,25,1,Tarjeta,0
3643,2025-08-10 23:00:00,77,109,1,Bizum,0
3644,2025-10-20 08:00:00,29,32,3,Tarjeta,0
3645,2025-03-14 00:00:00,307,103,5,Tarjeta,0
3646,2025-11-08 22:00:00,401,92,2,Tarjeta,0
3647,2025-07-11 23:00:00,341,64,2,Tarjeta,10
3648,2025-10-26 20:00:00,196,75,1,Bizum,0
3649,2025-06-15 04:00:00,341,133,2,Tarjeta,0
3650,2025-04-23 08:00:00,84,31,3,Efectivo,0
3651,2025-07-13 09:00:00,202,7,3,Tarjeta,10
3652,2025-09-09 13:00:00,399,27,2,Bizum,5
3653,2025-07-21 14:00:00,33,59,1,Tarjeta,0
3654,2025-11-02 03:00:00,137,25,4,Tarjeta,5
3655,2025-09-28 06:00:00,410,85,1,Efectivo,20
3656,2025-03-12 03:00:00,467,150,4,Bizum,0
3657,2025-04-05 16:00:00,285,29,1,Tarjeta,0
3658,2025-04-05 07:00:00,203,78,3,Tarjeta,10
3659,2025-12-15 11:00:00,71,45,1,Tarjeta,0
3660,2025-06-07 22:00:00,473,79,4,Tarjeta,15
3661,2025-10-26 17:00:00,387,12,1,Tarjeta,0
3662,2025-12-21 01:00:00,146,85,1,Tarjeta,0
3663,2025-03-12 05:00:00,366,5,2,Tarjeta,0
3664,2025-12-01 16:00:00,69,144,3,Tarjeta,5
3665,2025-01-11 02:00:00,256,31,2,Tarjeta,0
3666,2025-11-15 04:00:00,150,104,2,Bizum,0
3667,2025-04-02 11:00:00,11,87,3,Tarjeta,0
3668,2025-04-22 19:00:00,389,99,3,Efectivo,5
3669,2025-06-20 23:00:00,498,134,1,Tarjeta,0
3670,2025-03-27 14:00:00,47,34,2,Bizum,15
3671,2025-11-24 01:00:00,126,41,2,Tarjeta,0
3672,2025-09-14 19:00:00,343,80,1,Bizum,0
3673,2025-04-28 04:00:00,488,32,1,Tarjeta,0
3674,2025-02-08 12:00:00,209,116,4,Tarjeta,0
3675,2025-02-07 00:00:00,41,111,3,Tarjeta,0
3676,2025-03-27 20:00:00,348,31,2,Efectivo,0
3677,2025-12-03 23:00:00,268,95,1,Tarjeta,15
3678,2025-07-17 06:00:00,497,94,1,Tarjeta,0
3679,2025-09-09 15:00:00,446,62,3,Tarjeta,5
3680,2025-10-12 18:00:00,431,16,1,Tarjeta,0
3681,2025-08-21 18:00:00,268,45,1,Tarjeta,5
3682,2025-05-01 03:00:00,226,21,1,Tarjeta,15
3683,2025-06-16 09:00:00,149,54,3,Tarjeta,10
3684,2025-07-23 08:00:00,355,76,1,Cheque regalo,5
3685,2025-10-16 21:00:00,84,94,1,Efectivo,0
3686,2025-02-17 22:00:00,110,54,3,Tarjeta,0
3687,2025-09-21 13:00:00,300,76,3,Tarjeta,0
3688,2025-04-02 08:00:00,455,145,2,Bizum,0
3689,2025-04-30 01:00:00,412,81,2,Tarjeta,0
3690,2025-11-24 08:00:00,356,33,3,Tarjeta,0
3691,2025-02-06 14:00:00,412,60,3,Efectivo,10
3692,2025-07-28 13:00:00,152,118,1,Efectivo,0
3693,2025-12-08 02:00:00,403,73,2,Tarjeta,0
3694,2025-02-26 06:00:00,498,92,2,Tarjeta,5
3695,2025-03-23 20:00:00,372,77,1,Tarjeta,5
3696,2025-08-17 22:00:00,130,3,2,Tarjeta,0
3697,2025-10-23 08:00:00,373,116,1,Bizum,0
3698,2025-12-25 21:00:00,277,54,3,Tarjeta,0
3699,2025-04-13 04:00:00,286,61,3,Tarjeta,0
3700,2025-05-20 04:00:00,380,146,3,Tarjeta,0
3701,2025-12-16 01:00:00,433,138,4,Tarjeta,0
3702,2025-02-25 04:00:00,238,32,4,Tarjeta,0
3703,2025-12-28 02:00:00,421,53,4,Tarjeta,10
3704,2025-05-22 16:00:00,286,75,3,Tarjeta,0
3705,2025-02-12 17:00:00,411,4,3,Efectivo,20
3706,2025-01-12 11:00:00,370,72,1,Tarjeta,5
3707,2025-10-05 22:00:00,291,121,1,Tarjeta,10
3708,2025-04-11 19:00:00,153,18,1,Tarjeta,0
3709,2025-07-21 11:00:00,425,51,1,Bizum,10
3710,2025-02-15 12:00:00,250,35,2,Bizum,0
3711,2025-11-15 12:00:00,496,48,3,Tarjeta,20
3712,2025-04-21 07:00:00,207,131,1,Tarjeta,5
3713,2025-02-12 16:00:00,182,80,4,Tarjeta,0
3714,2025-04-19 20:00:00,61,85,2,Tarjeta,15
3715,2025-02-20 22:00:00,418,48,4,Tarjeta,10
3716,2025-01-23 12:00:00,408,83,2,Tarjeta,15
3717,2025-09-23 12:00:00,225,148,1,Tarjeta,0
3718,2025-10-08 22:00:00,126,68,1,Tarjeta,0
3719,2025-08-19 03:00:00,361,13,3,Bizum,0
3720,2025-04-13 17:00:00,185,27,3,Tarjeta,0
3721,2025-04-19 00:00:00,45,13,3,Efectivo,0
3722,2025-07-21 11:00:00,298,79,1,Tarjeta,0
3723,2025-08-09 12:00:00,388,52,5,Efectivo,5
3724,2025-08-05 07:00:00,309,22,2,Tarjeta,0
3725,2025-11-06 03:00:00,378,36,2,Tarjeta,0
3726,2025-01-29 17:00:00,217,118,2,Tarjeta,0
3727,2025-08-24 07:00:00,388,87,1,Efectivo,0
3728,2025-09-29 06:00:00,69,52,2,Tarjeta,0
3729,2025-07-21 12:00:00,455,133,3,Bizum,0
3730,2025-07-18 16:00:00,313,120,2,Tarjeta,0
3731,2025-12-24 17:00:00,375,74,3,Tarjeta,0
3732,2025-01-18 00:00:00,375,83,4,Bizum,5
3733,2025-06-09 18:00:00,123,142,1,Cheque regalo,0
3734,2025-01-29 03:00:00,30,49,1,Tarjeta,10
3735,2025-10-12 00:00:00,480,148,2,Tarjeta,0
3736,2025-12-11 04:00:00,124,74,1,Cheque regalo,0
3737,2025-12-16 01:00:00,173,111,2,Efectivo,15
3738,2025-01-16 22:00:00,396,131,1,Efectivo,5
3739,2025-04-09 16:00:00,316,127,2,Tarjeta,20
3740,2025-04-10 22:00:00,370,28,2,Tarjeta,15
3741,2025-06-29 13:00:00,10,102,1,Cheque regalo,0
3742,2025-04-16 03:00:00,371,111,1,Bizum,0
3743,2025-01-23 10:00:00,138,16,3,Tarjeta,0
3744,2025-03-21 22:00:00,162,56,2,Bizum,0
3745,2025-03-13 09:00:00,346,9,3,Efectivo,0
3746,2025-01-31 12:00:00,188,60,4,Bizum,0
3747,2025-10-27 03:00:00,408,118,1,Tarjeta,0
3748,2025-07-03 14:00:00,293,108,1,Bizum,5
3749,2025-04-12 16:00:00,168,3,1,Tarjeta,0
3750,2025-11-26 10:00:00,259,27,2,Bizum,5
3751,2025-05-18 12:00:00,363,102,1,Tarjeta,0
3752,2025-04-10 22:00:00,247,82,2,Tarjeta,5
3753,2025-02-02 11:00:00,232,6,3,Efectivo,0
3754,2025-12-16 22:00:00,31,92,2,Tarjeta,0
3755,2025-06-29 10:00:00,460,133,2,Tarjeta,20
3756,2025-03-13 13:00:00,427,110,2,Tarjeta,0
3757,2025-05-15 00:00:00,32,150,2,Bizum,0
3758,2025-08-28 19:00:00,132,93,1,Tarjeta,10
3759,2025-12-23 08:00:00,324,122,2,Tarjeta,0
3760,2025-07-29 02:00:00,69,49,3,Tarjeta,0
3761,2025-11-16 20:00:00,258,98,2,Tarjeta,0
3762,2025-03-09 22:00:00,288,148,2,Tarjeta,5
3763,2025-07-25 01:00:00,160,7,1,Tarjeta,5
3764,2025-02-03 01:00:00,403,106,2,Tarjeta,5
3765,2025-03-07 09:00:00,292,78,3,Tarjeta,0
3766,2025-08-07 22:00:00,161,26,3,Efectivo,0
3767,2025-02-03 22:00:00,487,116,1,Tarjeta,10
3768,2025-12-30 23:00:00,428,54,1,Tarjeta,5
3769,2025-05-22 22:00:00,203,35,1,Tarjeta,0
3770,2025-10-21 05:00:00,338,43,2,Tarjeta,0
3771,2025-11-22 09:00:00,487,104,2,Bizum,0
3772,2025-05-17 07:00:00,184,55,2,Tarjeta,0
3773,2025-04-02 14:00:00,72,7,2,Tarjeta,5
3774,2025-03-14 04:00:00,29,115,4,Tarjeta,0
3775,2025-10-19 23:00:00,414,134,2,Bizum,5
3776,2025-03-09 12:00:00,29,56,2,Bizum,0
3777,2025-08-01 08:00:00,383,30,2,Tarjeta,0
3778,2025-06-29 12:00:00,152,137,1,Tarjeta,5
3779,2025-05-16 05:00:00,9,121,4,Tarjeta,5
3780,2025-12-07 00:00:00,260,74,1,Tarjeta,0
3781,2025-02-05 04:00:00,460,37,4,Tarjeta,0
3782,2025-01-09 23:00:00,338,7,2,Tarjeta,0
3783,2025-11-19 22:00:00,431,93,1,Tarjeta,5
3784,2025-05-13 08:00:00,109,125,2,Tarjeta,0
3785,2025-10-19 12:00:00,261,18,1,Tarjeta,0
3786,2025-02-20 03:00:00,396,9,3,Efectivo,5
3787,2025-11-19 07:00:00,253,137,2,Bizum,5
3788,2025-03-16 05:00:00,401,20,2,Tarjeta,15
3789,2025-01-09 04:00:00,57,24,2,Tarjeta,0
3790,2025-07-29 05:00:00,297,57,2,Tarjeta,0
3791,2025-10-19 17:00:00,357,107,2,Bizum,0
3792,2025-12-24 23:00:00,254,117,1,Tarjeta,0
3793,2025-02-04 15:00:00,210,82,1,Tarjeta,0
3794,2025-10-09 16:00:00,30,41,2,Tarjeta,0
3795,2025-01-18 02:00:00,300,17,3,Tarjeta,15
3796,2025-08-06 09:00:00,148,94,2,Bizum,10
3797,2025-01-02 19:00:00,361,113,1,Tarjeta,0
3798,2025-08-22 23:00:00,43,9,4,Tarjeta,0
3799,2025-05-17 20:00:00,120,72,2,Tarjeta,0
3800,2025-07-23 15:00:00,395,55,3,Efectivo,0
3801,2025-05-23 16:00:00,107,64,1,Tarjeta,5
3802,2025-05-21 08:00:00,336,44,3,Tarjeta,5
3803,2025-07-02 12:00:00,91,139,3,Tarjeta,0
3804,2025-07-12 04:00:00,463,91,3,Tarjeta,0
3805,2025-01-02 09:00:00,336,4,1,Tarjeta,0
3806,2025-09-19 07:00:00,73,136,2,Efectivo,0
3807,2025-08-10 01:00:00,324,52,2,Bizum,0
3808,2025-03-03 07:00:00,459,99,3,Tarjeta,0
3809,2025-02-10 16:00:00,94,89,1,Tarjeta,15
3810,2025-07-05 21:00:00,226,14,2,Efectivo,0
3811,2025-09-24 15:00:00,300,76,3,Tarjeta,15
3812,2025-06-30 08:00:00,364,65,2,Bizum,0
3813,2025-04-13 03:00:00,300,79,2,Bizum,5
3814,2025-05-30 09:00:00,198,88,1,Bizum,0
3815,2025-08-01 10:00:00,163,86,3,Tarjeta,0
3816,2025-07-11 06:00:00,168,101,2,Tarjeta,0
3817,2025-03-06 22:00:00,373,19,2,Tarjeta,15
3818,2025-04-24 04:00:00,165,9,2,Efectivo,5
3819,2025-03-30 18:00:00,191,116,1,Bizum,0
3820,2025-10-09 01:00:00,331,15,2,Tarjeta,0
3821,2025-12-22 02:00:00,340,16,3,Tarjeta,5
3822,2025-11-28 02:00:00,343,137,2,Efectivo,0
3823,2025-10-25 20:00:00,161,19,2,Bizum,0
3824,2025-04-23 23:00:00,15,140,3,Cheque regalo,0
3825,2025-11-15 23:00:00,84,49,4,Bizum,0
3826,2025-08-13 02:00:00,73,28,1,Tarjeta,10
3827,2025-09-16 03:00:00,348,62,3,Efectivo,0
3828,2025-05-08 00:00:00,92,35,2,Tarjeta,0
3829,2025-08-08 07:00:00,245,16,6,Tarjeta,0
3830,2025-04-06 15:00:00,143,136,1,Bizum,5
3831,2025-12-11 19:00:00,225,12,2,Tarjeta,5
3832,2025-07-15 02:00:00,267,14,2,Cheque regalo,0
3833,2025-12-17 03:00:00,115,32,3,Bizum,0
3834,2025-08-02 23:00:00,124,118,4,Tarjeta,5
3835,2025-02-06 14:00:00,5,115,2,Efectivo,5
3836,2025-08-01 21:00:00,473,72,1,Tarjeta,0
3837,2025-11-20 11:00:00,249,6,4,Tarjeta,10
3838,2025-07-03 22:00:00,129,29,2,Bizum,0
3839,2025-03-20 18:00:00,20,131,1,Bizum,5
3840,2025-11-01 04:00:00,441,93,5,Bizum,0
3841,2025-12-09 15:00:00,333,37,2,Bizum,10
3842,2025-12-17 21:00:00,247,66,3,Bizum,20
3843,2025-07-13 03:00:00,482,16,3,Tarjeta,0
3844,2025-01-10 16:00:00,290,20,3,Bizum,5
3845,2025-05-20 08:00:00,496,5,3,Tarjeta,0
3846,2025-11-01 21:00:00,424,149,2,Tarjeta,0
3847,2025-09-21 14:00:00,11,14,1,Bizum,0
3848,2025-06-10 04:00:00,106,2,2,Efectivo,10
3849,2025-07-25 22:00:00,266,47,4,Bizum,10
3850,2025-01-23 14:00:00,305,13,1,Tarjeta,0
3851,2025-02-10 08:00:00,333,147,3,Tarjeta,0
3852,2025-07-20 19:00:00,408,134,2,Tarjeta,5
3853,2025-06-16 14:00:00,459,64,1,Tarjeta,0
3854,2025-12-06 05:00:00,58,95,1,Cheque regalo,5
3855,2025-06-02 11:00:00,82,26,2,Tarjeta,5
3856,2025-09-23 17:00:00,492,105,1,Tarjeta,15
3857,2025-07-23 15:00:00,263,78,2,Bizum,5
3858,2025-05-21 01:00:00,182,83,1,Bizum,0
3859,2025-07-28 06:00:00,133,53,1,Tarjeta,15
3860,2025-09-17 11:00:00,477,101,1,Tarjeta,0
3861,2025-07-08 02:00:00,435,13,2,Bizum,0
3862,2025-12-16 11:00:00,18,73,1,Tarjeta,0
3863,2025-12-09 23:00:00,447,76,2,Tarjeta,5
3864,2025-06-20 17:00:00,143,20,5,Bizum,0
3865,2025-09-15 18:00:00,417,58,3,Tarjeta,15
3866,2025-02-28 20:00:00,238,128,3,Tarjeta,0
3867,2025-08-14 03:00:00,399,101,1,Tarjeta,5
3868,2025-10-26 00:00:00,120,47,1,Tarjeta,0
3869,2025-11-03 01:00:00,108,40,1,Cheque regalo,0
3870,2025-12-07 05:00:00,84,62,4,Bizum,0
3871,2025-01-31 21:00:00,387,93,2,Bizum,0
3872,2025-08-11 21:00:00,388,22,1,Tarjeta,15
3873,2025-11-18 20:00:00,369,132,1,Tarjeta,0
3874,2025-10-08 13:00:00,41,23,1,Bizum,0
3875,2025-05-10 10:00:00,325,117,3,Bizum,0
3876,2025-09-02 04:00:00,166,101,1,Efectivo,0
3877,2025-08-29 12:00:00,191,32,3,Tarjeta,10
3878,2025-10-21 19:00:00,301,14,1,Tarjeta,0
3879,2025-04-17 01:00:00,209,132,3,Efectivo,0
3880,2025-12-11 17:00:00,433,6,2,Cheque regalo,0
3881,2025-12-11 17:00:00,336,54,1,Tarjeta,0
3882,2025-01-26 23:00:00,386,66,2,Tarjeta,5
3883,2025-12-08 08:00:00,343,34,2,Tarjeta,0
3884,2025-12-23 18:00:00,387,19,2,Tarjeta,10
3885,2025-11-18 16:00:00,423,115,1,Tarjeta,10
3886,2025-07-24 22:00:00,285,48,1,Tarjeta,0
3887,2025-11-04 20:00:00,190,103,2,Tarjeta,10
3888,2025-09-27 00:00:00,288,99,3,Efectivo,5
3889,2025-12-16 15:00:00,236,29,1,Bizum,0
3890,2025-04-10 08:00:00,34,31,3,Tarjeta,15
3891,2025-11-18 17:00:00,147,119,2,Tarjeta,5
3892,2025-02-20 08:00:00,112,105,2,Tarjeta,0
3893,2025-03-30 15:00:00,164,81,1,Bizum,0
3894,2025-12-20 10:00:00,99,117,3,Bizum,5
3895,2025-12-24 04:00:00,354,69,1,Tarjeta,10
3896,2025-05-24 15:00:00,142,142,5,Bizum,0
3897,2025-07-17 11:00:00,371,48,1,Efectivo,0
3898,2025-08-16 02:00:00,303,104,2,Efectivo,0
3899,2025-06-12 06:00:00,120,90,2,Tarjeta,5
3900,2025-11-22 16:00:00,162,147,4,Tarjeta,0
3901,2025-09-07 12:00:00,72,53,1,Bizum,5
3902,2025-03-18 15:00:00,319,53,2,Tarjeta,0
3903,2025-08-03 04:00:00,461,94,3,Bizum,15
3904,2025-06-09 01:00:00,203,112,3,Tarjeta,10
3905,2025-04-20 05:00:00,191,136,1,Tarjeta,0
3906,2025-07-07 20:00:00,101,91,3,Tarjeta,20
3907,2025-09-13 14:00:00,336,57,3,Tarjeta,0
3908,2025-04-27 23:00:00,16,134,1,Tarjeta,0
3909,2025-07-13 20:00:00,372,24,3,Bizum,0
3910,2025-09-06 20:00:00,143,148,3,Tarjeta,0
3911,2025-09-27 09:00:00,244,67,3,Tarjeta,10
3912,2025-08-24 08:00:00,244,32,1,Bizum,0
3913,2025-05-19 02:00:00,14,52,1,Tarjeta,0
3914,2025-01-19 20:00:00,112,87,2,Bizum,5
3915,2025-07-19 18:00:00,371,71,3,Tarjeta,0
3916,2025-03-04 17:00:00,420,1,1,Efectivo,0
3917,2025-06-06 01:00:00,328,72,3,Bizum,10
3918,2025-05-05 19:00:00,321,19,3,Efectivo,0
3919,2025-09-09 19:00:00,455,92,2,Tarjeta,5
3920,2025-04-13 21:00:00,200,126,3,Tarjeta,5
3921,2025-12-19 12:00:00,63,88,3,Tarjeta,10
3922,2025-06-15 13:00:00,47,73,1,Tarjeta,5
3923,2025-03-18 01:00:00,110,132,2,Efectivo,0
3924,2025-01-19 12:00:00,349,145,1,Tarjeta,0
3925,2025-09-19 21:00:00,32,36,1,Tarjeta,0
3926,2025-09-21 16:00:00,401,49,1,Bizum,0
3927,2025-12-22 12:00:00,372,48,2,Tarjeta,0
3928,2025-07-13 03:00:00,408,75,3,Tarjeta,0
3929,2025-03-01 03:00:00,275,96,2,Tarjeta,0
3930,2025-03-31 20:00:00,303,105,2,Bizum,0
3931,2025-12-28 05:00:00,5,78,4,Tarjeta,0
3932,2025-08-30 01:00:00,134,99,2,Efectivo,0
3933,2025-08-15 21:00:00,95,15,4,Tarjeta,0
3934,2025-05-28 14:00:00,349,93,1,Tarjeta,5
3935,2025-07-18 04:00:00,6,85,4,Tarjeta,0
3936,2025-12-12 20:00:00,383,38,2,Tarjeta,0
3937,2025-06-08 21:00:00,32,126,4,Cheque regalo,5
3938,2025-10-03 09:00:00,223,12,3,Efectivo,5
3939,2025-11-18 06:00:00,148,146,3,Bizum,0
3940,2025-05-26 07:00:00,303,2,2,Efectivo,5
3941,2025-05-21 07:00:00,60,80,2,Tarjeta,10
3942,2025-10-20 22:00:00,16,38,2,Tarjeta,20
3943,2025-11-06 08:00:00,209,103,3,Efectivo,5
3944,2025-10-08 08:00:00,58,75,1,Tarjeta,0
3945,2025-10-14 06:00:00,372,137,2,Tarjeta,0
3946,2025-04-08 09:00:00,387,7,3,Efectivo,5
3947,2025-08-06 12:00:00,284,66,2,Bizum,0
3948,2025-09-07 23:00:00,448,131,2,Efectivo,0
3949,2025-01-28 01:00:00,38,46,3,Tarjeta,0
3950,2025-02-23 21:00:00,414,75,1,Bizum,5
3951,2025-04-19 14:00:00,350,11,3,Efectivo,0
3952,2025-11-15 08:00:00,251,141,4,Efectivo,15
3953,2025-11-09 01:00:00,449,84,1,Tarjeta,5
3954,2025-01-07 04:00:00,235,9,2,Tarjeta,0
3955,2025-09-08 10:00:00,163,132,3,Bizum,0
3956,2025-05-10 10:00:00,143,124,2,Tarjeta,20
3957,2025-08-03 12:00:00,269,48,2,Tarjeta,0
3958,2025-08-29 15:00:00,398,134,2,Efectivo,0
3959,2025-07-28 23:00:00,312,5,1,Tarjeta,0
3960,2025-10-05 16:00:00,269,31,2,Tarjeta,15
3961,2025-02-19 23:00:00,282,65,2,Efectivo,0
3962,2025-07-19 10:00:00,316,55,2,Efectivo,0
3963,2025-05-12 18:00:00,188,125,2,Tarjeta,0
3964,2025-11-12 13:00:00,447,60,2,Tarjeta,0
3965,2025-11-06 10:00:00,33,17,3,Efectivo,0
3966,2025-03-16 18:00:00,333,137,3,Bizum,0
3967,2025-08-31 18:00:00,313,97,1,Tarjeta,0
3968,2025-08-11 23:00:00,284,22,2,Tarjeta,15
3969,2025-06-21 10:00:00,288,98,4,Tarjeta,0
3970,2025-01-10 11:00:00,15,112,3,Bizum,0
3971,2025-07-25 08:00:00,263,3,1,Tarjeta,5
3972,2025-09-15 12:00:00,181,124,3,Tarjeta,0
3973,2025-08-08 22:00:00,153,17,3,Efectivo,0
3974,2025-04-24 02:00:00,182,82,3,Tarjeta,0
3975,2025-04-15 09:00:00,33,57,1,Bizum,20
3976,2025-08-29 00:00:00,303,72,2,Bizum,0
3977,2025-10-29 12:00:00,134,53,1,Tarjeta,0
3978,2025-02-14 19:00:00,415,69,2,Tarjeta,5
3979,2025-12-21 22:00:00,258,65,3,Tarjeta,0
3980,2025-04-10 04:00:00,149,140,3,Bizum,0
3981,2025-08-10 11:00:00,306,61,3,Bizum,20
3982,2025-07-01 12:00:00,459,98,2,Bizum,0
3983,2025-12-29 10:00:00,407,101,3,Tarjeta,5
3984,2025-05-31 02:00:00,325,55,3,Tarjeta,5
3985,2025-07-20 15:00:00,439,39,3,Tarjeta,0
3986,2025-10-22 01:00:00,188,122,3,Tarjeta,20
3987,2025-01-14 00:00:00,443,85,2,Tarjeta,0
3988,2025-01-17 14:00:00,272,144,2,Tarjeta,0
3989,2025-09-27 08:00:00,459,55,2,Efectivo,0
3990,2025-02-15 07:00:00,43,53,2,Tarjeta,10
3991,2025-01-06 21:00:00,326,120,3,Tarjeta,0
3992,2025-02-12 20:00:00,214,98,4,Efectivo,0
3993,2025-05-23 21:00:00,69,118,3,Tarjeta,0
3994,2025-09-27 00:00:00,410,58,3,Efectivo,0
3995,2025-02-12 21:00:00,283,37,2,Bizum,0
3996,2025-05-07 21:00:00,9,119,2,Tarjeta,0
3997,2025-10-04 22:00:00,346,71,2,Tarjeta,0
3998,2025-11-30 00:00:00,72,76,2,Efectivo,0
3999,2025-08-10 03:00:00,263,21,1,Bizum,0
4000,2025-04-04 00:00:00,102,9,3,Tarjeta,0
4001,2025-04-09 15:00:00,73,70,1,Tarjeta,0
4002,2025-07-11 13:00:00,489,21,3,Bizum,0
4003,2025-09-13 16:00:00,335,134,3,Tarjeta,0
4004,2025-06-16 11:00:00,423,44,2,Tarjeta,0
4005,2025-03-01 11:00:00,371,139,3,Tarjeta,0
4006,2025-08-26 02:00:00,357,5,1,Tarjeta,0
4007,2025-12-02 07:00:00,16,50,2,Tarjeta,5
4008,2025-12-29 20:00:00,141,49,1,Tarjeta,15
4009,2025-01-21 16:00:00,398,65,1,Efectivo,0
4010,2025-01-04 09:00:00,73,11,2,Efectivo,0
4011,2025-10-25 17:00:00,185,76,2,Tarjeta,5
4012,2025-03-08 05:00:00,56,83,4,Tarjeta,0
4013,2025-10-28 14:00:00,31,89,2,Tarjeta,0
4014,2025-04-30 11:00:00,181,146,4,Tarjeta,5
4015,2025-01-04 06:00:00,163,83,4,Tarjeta,0
4016,2025-12-14 18:00:00,202,54,2,Bizum,10
4017,2025-03-02 23:00:00,327,74,1,Tarjeta,0
4018,2025-02-02 20:00:00,182,27,1,Efectivo,0
4019,2025-07-12 00:00:00,194,50,3,Tarjeta,0
4020,2025-02-10 06:00:00,160,109,2,Tarjeta,0
4021,2025-01-22 05:00:00,58,65,2,Bizum,0
4022,2025-08-18 17:00:00,221,32,3,Bizum,0
4023,2025-06-12 13:00:00,240,3,2,Tarjeta,0
4024,2025-02-10 17:00:00,327,142,4,Bizum,10
4025,2025-07-25 19:00:00,423,54,3,Cheque regalo,0
4026,2025-06-05 05:00:00,298,46,2,Tarjeta,5
4027,2025-05-27 18:00:00,299,27,2,Tarjeta,0
4028,2025-06-24 09:00:00,152,78,1,Efectivo,10
4029,2025-03-29 17:00:00,350,86,4,Bizum,0
4030,2025-05-01 18:00:00,214,131,2,Efectivo,0
4031,2025-05-23 03:00:00,370,22,3,Tarjeta,0
4032,2025-08-30 11:00:00,207,83,2,Tarjeta,0
4033,2025-04-07 04:00:00,388,70,2,Tarjeta,0
4034,2025-07-04 23:00:00,103,2,2,Tarjeta,0
4035,2025-02-05 05:00:00,30,73,1,Tarjeta,5
4036,2025-05-18 06:00:00,460,82,1,Tarjeta,5
4037,2025-12-15 00:00:00,407,47,1,Cheque regalo,0
4038,2025-04-06 01:00:00,130,96,3,Tarjeta,0
4039,2025-06-23 15:00:00,346,18,2,Bizum,15
4040,2025-02-15 23:00:00,61,5,1,Tarjeta,0
4041,2025-09-09 17:00:00,471,150,3,Tarjeta,0
4042,2025-07-05 22:00:00,407,8,4,Bizum,0
4043,2025-01-15 21:00:00,141,69,1,Tarjeta,0
4044,2025-06-08 18:00:00,220,143,3,Tarjeta,5
4045,2025-09-14 02:00:00,33,129,1,Tarjeta,0
4046,2025-10-09 02:00:00,453,3,1,Tarjeta,5
4047,2025-08-31 21:00:00,401,43,1,Cheque regalo,0
4048,2025-04-21 10:00:00,129,102,3,Bizum,0
4049,2025-06-11 12:00:00,388,89,1,Tarjeta,0
4050,2025-10-21 12:00:00,240,140,3,Tarjeta,0
4051,2025-07-29 13:00:00,477,74,2,Efectivo,0
4052,2025-01-09 01:00:00,69,141,1,Tarjeta,0
4053,2025-05-14 08:00:00,495,21,4,Tarjeta,0
4054,2025-07-27 23:00:00,284,88,3,Tarjeta,5
4055,2025-03-09 02:00:00,146,45,1,Tarjeta,0
4056,2025-09-27 17:00:00,354,136,1,Tarjeta,0
4057,2025-10-06 09:00:00,48,102,1,Efectivo,5
4058,2025-02-14 13:00:00,224,150,5,Tarjeta,0
4059,2025-04-04 16:00:00,419,120,4,Tarjeta,0
4060,2025-11-17 17:00:00,315,87,2,Bizum,0
4061,2025-06-13 10:00:00,372,141,4,Bizum,5
4062,2025-06-06 10:00:00,381,73,4,Tarjeta,0
4063,2025-09-03 04:00:00,87,78,2,Efectivo,5
4064,2025-04-15 13:00:00,27,118,2,Tarjeta,10
4065,2025-04-14 09:00:00,354,86,4,Efectivo,5
4066,2025-10-21 17:00:00,288,73,1,Tarjeta,0
4067,2025-06-24 21:00:00,99,88,1,Tarjeta,0
4068,2025-10-06 07:00:00,209,114,2,Tarjeta,0
4069,2025-06-28 19:00:00,235,33,3,Tarjeta,0
4070,2025-01-12 21:00:00,207,96,3,Tarjeta,15
4071,2025-11-09 21:00:00,416,10,3,Bizum,5
4072,2025-07-28 16:00:00,202,134,1,Tarjeta,0
4073,2025-04-04 22:00:00,288,9,3,Tarjeta,10
4074,2025-01-06 09:00:00,292,22,2,Tarjeta,10
4075,2025-10-30 02:00:00,408,87,1,Bizum,5
4076,2025-01-05 00:00:00,169,117,2,Tarjeta,15
4077,2025-06-15 03:00:00,85,26,2,Efectivo,5
4078,2025-02-25 19:00:00,440,45,3,Cheque regalo,0
4079,2025-08-16 15:00:00,263,67,4,Bizum,0
4080,2025-11-28 07:00:00,372,22,3,Efectivo,10
4081,2025-05-05 09:00:00,372,73,2,Efectivo,0
4082,2025-02-11 20:00:00,440,50,4,Cheque regalo,0
4083,2025-01-13 20:00:00,219,78,1,Tarjeta,5
4084,2025-07-23 09:00:00,236,55,2,Bizum,0
4085,2025-01-24 19:00:00,414,59,2,Tarjeta,0
4086,2025-06-27 02:00:00,9,47,1,Tarjeta,0
4087,2025-10-28 21:00:00,366,43,2,Tarjeta,0
4088,2025-02-07 16:00:00,438,86,2,Cheque regalo,0
4089,2025-05-02 18:00:00,108,43,2,Tarjeta,5
4090,2025-07-10 10:00:00,447,68,2,Tarjeta,0
4091,2025-07-25 08:00:00,431,115,2,Tarjeta,0
4092,2025-07-10 22:00:00,103,89,2,Tarjeta,5
4093,2025-01-02 01:00:00,313,109,2,Tarjeta,5
4094,2025-02-17 01:00:00,456,76,1,Bizum,15
4095,2025-11-04 01:00:00,335,78,1,Tarjeta,0
4096,2025-06-13 02:00:00,255,48,2,Bizum,0
4097,2025-07-12 04:00:00,440,37,4,Tarjeta,20
4098,2025-02-27 14:00:00,162,20,2,Tarjeta,0
4099,2025-08-18 10:00:00,389,40,2,Cheque regalo,0
4100,2025-08-16 12:00:00,151,26,2,Tarjeta,5
4101,2025-04-10 19:00:00,61,47,1,Tarjeta,0
4102,2025-12-20 22:00:00,401,91,2,Tarjeta,10
4103,2025-07-09 04:00:00,312,121,1,Tarjeta,0
4104,2025-01-08 12:00:00,473,49,1,Efectivo,0
4105,2025-11-27 20:00:00,429,72,4,Efectivo,5
4106,2025-04-19 19:00:00,169,59,3,Cheque regalo,10
4107,2025-09-20 21:00:00,50,25,5,Tarjeta,0
4108,2025-05-02 23:00:00,146,27,3,Efectivo,0
4109,2025-07-09 23:00:00,191,65,1,Tarjeta,5
4110,2025-05-11 15:00:00,410,74,1,Cheque regalo,0
4111,2025-03-05 17:00:00,158,30,1,Tarjeta,0
4112,2025-04-25 18:00:00,257,149,2,Bizum,5
4113,2025-09-17 06:00:00,129,70,1,Tarjeta,5
4114,2025-08-31 01:00:00,318,90,1,Tarjeta,0
4115,2025-03-23 05:00:00,164,60,1,Tarjeta,20
4116,2025-07-25 10:00:00,382,121,3,Tarjeta,0
4117,2025-11-29 13:00:00,444,124,3,Tarjeta,0
4118,2025-09-26 10:00:00,78,102,2,Tarjeta,0
4119,2025-02-19 12:00:00,166,11,1,Efectivo,0
4120,2025-08-16 20:00:00,251,85,5,Tarjeta,0
4121,2025-11-23 11:00:00,393,115,1,Bizum,0
4122,2025-12-04 17:00:00,155,125,2,Tarjeta,0
4123,2025-04-14 17:00:00,18,80,2,Cheque regalo,0
4124,2025-09-19 19:00:00,335,143,4,Efectivo,20
4125,2025-06-11 19:00:00,265,82,1,Tarjeta,0
4126,2025-11-06 00:00:00,69,73,2,Tarjeta,10
4127,2025-11-12 14:00:00,372,11,2,Bizum,0
4128,2025-01-17 17:00:00,389,109,3,Bizum,0
4129,2025-05-15 22:00:00,210,72,2,Efectivo,5
4130,2025-04-29 06:00:00,459,107,2,Tarjeta,0
4131,2025-11-22 12:00:00,441,65,3,Tarjeta,0
4132,2025-06-22 21:00:00,298,143,2,Bizum,0
4133,2025-10-19 00:00:00,129,112,2,Cheque regalo,10
4134,2025-07-09 00:00:00,89,15,3,Tarjeta,5
4135,2025-04-28 11:00:00,96,145,4,Tarjeta,0
4136,2025-05-12 03:00:00,138,76,1,Tarjeta,0
4137,2025-12-26 12:00:00,255,134,2,Tarjeta,0
4138,2025-08-02 16:00:00,78,98,4,Tarjeta,0
4139,2025-09-14 16:00:00,386,75,1,Efectivo,0
4140,2025-07-18 12:00:00,85,131,3,Bizum,5
4141,2025-12-30 22:00:00,15,22,3,Efectivo,20
4142,2025-06-03 08:00:00,146,132,4,Tarjeta,5
4143,2025-01-30 20:00:00,30,26,3,Bizum,15
4144,2025-04-06 00:00:00,363,58,1,Tarjeta,15
4145,2025-06-17 21:00:00,370,114,3,Bizum,5
4146,2025-10-23 00:00:00,43,125,2,Efectivo,0
4147,2025-04-06 07:00:00,422,94,2,Bizum,5
4148,2025-06-05 13:00:00,162,13,2,Tarjeta,0
4149,2025-01-01 10:00:00,209,26,4,Tarjeta,0
4150,2025-10-13 20:00:00,207,45,2,Efectivo,5
4151,2025-11-10 11:00:00,189,132,3,Bizum,0
4152,2025-01-24 01:00:00,184,76,2,Efectivo,0
4153,2025-08-13 18:00:00,39,29,2,Tarjeta,0
4154,2025-08-10 09:00:00,202,80,1,Tarjeta,10
4155,2025-07-21 03:00:00,209,14,1,Bizum,0
4156,2025-02-24 16:00:00,349,28,2,Tarjeta,0
4157,2025-04-28 00:00:00,328,132,4,Tarjeta,0
4158,2025-07-18 19:00:00,380,136,3,Tarjeta,0
4159,2025-04-11 19:00:00,458,132,3,Tarjeta,0
4160,2025-09-17 21:00:00,370,96,1,Tarjeta,0
4161,2025-10-19 08:00:00,339,26,1,Tarjeta,0
4162,2025-01-27 14:00:00,79,38,2,Cheque regalo,0
4163,2025-01-23 22:00:00,181,112,2,Tarjeta,0
4164,2025-09-11 19:00:00,432,105,3,Efectivo,20
4165,2025-06-18 19:00:00,344,65,1,Tarjeta,5
4166,2025-01-26 11:00:00,488,121,1,Tarjeta,0
4167,2025-12-30 03:00:00,348,108,2,Tarjeta,0
4168,2025-12-21 17:00:00,471,44,1,Tarjeta,5
4169,2025-12-27 01:00:00,24,133,5,Tarjeta,0
4170,2025-09-08 10:00:00,407,98,2,Tarjeta,5
4171,2025-06-09 17:00:00,15,5,1,Tarjeta,5
4172,2025-05-01 02:00:00,491,137,1,Bizum,0
4173,2025-05-06 19:00:00,314,30,1,Tarjeta,10
4174,2025-07-29 22:00:00,411,68,2,Tarjeta,5
4175,2025-02-26 02:00:00,329,50,2,Tarjeta,5
4176,2025-01-11 08:00:00,326,22,3,Tarjeta,15
4177,2025-07-27 16:00:00,333,43,2,Efectivo,10
4178,2025-03-04 03:00:00,333,112,1,Tarjeta,0
4179,2025-05-03 06:00:00,64,102,3,Tarjeta,0
4180,2025-04-30 21:00:00,403,139,3,Tarjeta,0
4181,2025-06-15 23:00:00,74,10,1,Tarjeta,10
4182,2025-01-31 02:00:00,450,62,4,Bizum,0
4183,2025-02-11 08:00:00,352,54,1,Tarjeta,5
4184,2025-11-11 16:00:00,189,85,2,Tarjeta,5
4185,2025-02-12 00:00:00,417,110,3,Tarjeta,10
4186,2025-09-03 02:00:00,372,112,3,Bizum,0
4187,2025-02-21 00:00:00,36,47,3,Efectivo,5
4188,2025-09-21 20:00:00,390,13,3,Bizum,0
4189,2025-06-03 14:00:00,440,143,3,Tarjeta,5
4190,2025-12-21 05:00:00,152,132,1,Bizum,0
4191,2025-02-22 01:00:00,149,93,3,Tarjeta,0
4192,2025-06-17 15:00:00,477,14,2,Bizum,0
4193,2025-07-15 00:00:00,334,105,1,Tarjeta,0
4194,2025-09-14 23:00:00,185,58,2,Tarjeta,0
4195,2025-08-12 06:00:00,440,116,1,Tarjeta,10
4196,2025-05-15 22:00:00,98,54,3,Bizum,5
4197,2025-08-30 00:00:00,409,43,3,Bizum,0
4198,2025-01-23 09:00:00,309,21,2,Efectivo,0
4199,2025-06-10 16:00:00,235,143,3,Tarjeta,0
4200,2025-05-02 21:00:00,6,83,1,Tarjeta,0
4201,2025-03-06 01:00:00,144,94,3,Tarjeta,0
4202,2025-06-11 11:00:00,180,127,3,Tarjeta,0
4203,2025-07-03 08:00:00,318,107,1,Tarjeta,0
4204,2025-12-05 10:00:00,148,77,3,Tarjeta,0
4205,2025-05-08 00:00:00,239,69,3,Efectivo,0
4206,2025-01-10 14:00:00,394,79,2,Tarjeta,0
4207,2025-07-21 14:00:00,22,131,1,Tarjeta,0
4208,2025-02-24 00:00:00,124,136,2,Efectivo,0
4209,2025-11-01 20:00:00,401,21,2,Bizum,0
4210,2025-02-25 03:00:00,210,46,2,Bizum,0
4211,2025-05-24 15:00:00,210,118,2,Efectivo,0
4212,2025-04-13 14:00:00,59,64,2,Tarjeta,0
4213,2025-07-12 21:00:00,388,91,4,Efectivo,0
4214,2025-02-19 13:00:00,497,132,3,Efectivo,15
4215,2025-10-09 09:00:00,182,33,2,Bizum,0
4216,2025-05-30 19:00:00,100,45,3,Bizum,0
4217,2025-12-12 08:00:00,287,43,1,Bizum,0
4218,2025-05-14 10:00:00,180,113,2,Tarjeta,0
4219,2025-06-01 17:00:00,406,112,2,Bizum,0
4220,2025-05-11 21:00:00,29,48,2,Tarjeta,0
4221,2025-10-02 18:00:00,36,142,1,Tarjeta,0
4222,2025-01-20 00:00:00,143,106,2,Tarjeta,0
4223,2025-07-09 11:00:00,179,94,1,Tarjeta,0
4224,2025-11-12 06:00:00,383,88,3,Cheque regalo,10
4225,2025-08-22 14:00:00,437,98,3,Bizum,0
4226,2025-07-20 11:00:00,302,119,2,Tarjeta,0
4227,2025-02-03 16:00:00,357,138,3,Tarjeta,5
4228,2025-01-29 10:00:00,455,72,1,Efectivo,0
4229,2025-10-28 08:00:00,275,109,2,Tarjeta,0
4230,2025-04-12 03:00:00,305,23,4,Efectivo,5
4231,2025-08-04 08:00:00,494,105,4,Bizum,10
4232,2025-03-12 06:00:00,238,140,1,Efectivo,0
4233,2025-06-26 15:00:00,189,53,1,Tarjeta,0
4234,2025-08-04 23:00:00,127,134,2,Tarjeta,0
4235,2025-04-01 06:00:00,112,82,1,Tarjeta,0
4236,2025-04-21 05:00:00,311,125,2,Tarjeta,0
4237,2025-03-31 00:00:00,461,54,2,Tarjeta,0
4238,2025-03-16 20:00:00,83,110,1,Efectivo,0
4239,2025-03-02 17:00:00,302,82,1,Bizum,5
4240,2025-11-15 22:00:00,182,124,2,Tarjeta,10
4241,2025-08-28 21:00:00,38,61,3,Tarjeta,0
4242,2025-11-27 17:00:00,313,38,3,Bizum,0
4243,2025-06-21 13:00:00,295,31,1,Bizum,0
4244,2025-12-25 08:00:00,452,64,3,Tarjeta,0
4245,2025-03-05 02:00:00,434,110,2,Tarjeta,0
4246,2025-12-13 19:00:00,191,6,3,Efectivo,0
4247,2025-08-02 14:00:00,59,131,4,Tarjeta,5
4248,2025-04-10 13:00:00,485,107,3,Tarjeta,0
4249,2025-08-15 22:00:00,286,51,4,Tarjeta,5
4250,2025-11-17 17:00:00,411,63,2,Tarjeta,10
4251,2025-09-20 02:00:00,441,48,1,Tarjeta,0
4252,2025-03-09 16:00:00,195,28,1,Bizum,0
4253,2025-09-26 04:00:00,274,23,3,Tarjeta,0
4254,2025-11-08 16:00:00,268,29,3,Cheque regalo,0
4255,2025-02-07 03:00:00,50,2,1,Efectivo,10
4256,2025-10-17 21:00:00,15,114,2,Tarjeta,0
4257,2025-05-01 04:00:00,222,72,2,Tarjeta,5
4258,2025-05-23 06:00:00,161,140,2,Tarjeta,15
4259,2025-02-25 18:00:00,424,36,2,Tarjeta,0
4260,2025-03-15 01:00:00,311,15,4,Bizum,5
4261,2025-09-17 00:00:00,261,133,1,Efectivo,0
4262,2025-10-15 06:00:00,74,150,3,Tarjeta,15
4263,2025-06-26 08:00:00,461,17,1,Tarjeta,15
4264,2025-03-13 15:00:00,86,88,3,Bizum,5
4265,2025-09-02 13:00:00,279,76,3,Tarjeta,10
4266,2025-06-09 12:00:00,198,147,1,Tarjeta,5
4267,2025-01-14 06:00:00,409,60,1,Bizum,0
4268,2025-02-13 12:00:00,424,42,1,Tarjeta,15
4269,2025-03-24 20:00:00,466,78,2,Tarjeta,0
4270,2025-02-14 22:00:00,32,99,1,Tarjeta,10
4271,2025-07-18 04:00:00,125,49,3,Bizum,10
4272,2025-11-13 02:00:00,423,104,2,Tarjeta,20
4273,2025-04-06 17:00:00,460,81,3,Tarjeta,0
4274,2025-02-10 19:00:00,264,12,2,Tarjeta,0
4275,2025-05-16 02:00:00,231,60,3,Tarjeta,0
4276,2025-04-29 13:00:00,180,10,1,Tarjeta,5
4277,2025-02-19 00:00:00,231,65,1,Tarjeta,0
4278,2025-02-26 06:00:00,33,79,2,Tarjeta,10
4279,2025-09-01 21:00:00,229,2,2,Bizum,5
4280,2025-06-21 21:00:00,68,30,3,Tarjeta,10
4281,2025-10-29 23:00:00,69,141,1,Bizum,5
4282,2025-05-30 16:00:00,401,89,2,Tarjeta,0
4283,2025-06-26 01:00:00,144,19,1,Tarjeta,0
4284,2025-12-10 17:00:00,477,43,2,Tarjeta,5
4285,2025-09-18 02:00:00,118,100,2,Cheque regalo,0
4286,2025-02-03 13:00:00,380,27,2,Tarjeta,0
4287,2025-07-01 14:00:00,136,84,3,Bizum,15
4288,2025-05-08 14:00:00,20,52,1,Bizum,0
4289,2025-03-25 11:00:00,132,143,1,Bizum,10
4290,2025-01-13 13:00:00,155,121,2,Efectivo,0
4291,2025-03-18 08:00:00,16,31,2,Bizum,5
4292,2025-09-09 16:00:00,482,41,1,Efectivo,20
4293,2025-02-21 14:00:00,133,21,3,Efectivo,0
4294,2025-04-28 18:00:00,35,32,2,Tarjeta,0
4295,2025-07-03 09:00:00,267,117,2,Bizum,5
4296,2025-05-15 18:00:00,129,97,1,Bizum,0
4297,2025-07-12 19:00:00,410,15,2,Tarjeta,5
4298,2025-09-12 02:00:00,409,111,3,Tarjeta,0
4299,2025-01-25 12:00:00,78,18,1,Tarjeta,10
4300,2025-11-15 10:00:00,163,50,3,Bizum,0
4301,2025-07-06 02:00:00,430,33,2,Tarjeta,0
4302,2025-03-08 14:00:00,324,56,2,Tarjeta,0
4303,2025-08-17 18:00:00,124,55,2,Bizum,15
4304,2025-09-17 23:00:00,336,114,3,Bizum,0
4305,2025-03-01 09:00:00,176,115,3,Tarjeta,0
4306,2025-05-10 11:00:00,218,117,3,Efectivo,0
4307,2025-09-01 19:00:00,33,29,1,Bizum,0
4308,2025-02-23 17:00:00,303,138,2,Tarjeta,5
4309,2025-06-04 20:00:00,314,106,1,Bizum,0
4310,2025-12-02 18:00:00,370,140,2,Tarjeta,0
4311,2025-05-27 14:00:00,78,80,2,Tarjeta,0
4312,2025-09-07 23:00:00,28,18,2,Tarjeta,0
4313,2025-09-09 13:00:00,145,41,1,Bizum,10
4314,2025-09-27 07:00:00,355,89,3,Tarjeta,0
4315,2025-06-07 03:00:00,234,23,5,Bizum,5
4316,2025-12-04 15:00:00,332,75,2,Tarjeta,0
4317,2025-07-23 09:00:00,258,115,2,Tarjeta,0
4318,2025-11-27 16:00:00,452,46,4,Tarjeta,0
4319,2025-07-20 04:00:00,3,144,1,Tarjeta,5
4320,2025-04-29 15:00:00,291,44,2,Tarjeta,0
4321,2025-04-23 11:00:00,394,69,2,Tarjeta,0
4322,2025-12-06 17:00:00,345,128,2,Tarjeta,0
4323,2025-03-24 18:00:00,487,87,1,Bizum,15
4324,2025-09-10 06:00:00,52,96,2,Tarjeta,0
4325,2025-04-12 18:00:00,335,16,4,Tarjeta,15
4326,2025-03-15 19:00:00,7,103,3,Tarjeta,10
4327,2025-02-10 13:00:00,222,144,3,Tarjeta,5
4328,2025-08-02 21:00:00,343,63,3,Tarjeta,0
4329,2025-12-03 03:00:00,168,132,1,Bizum,0
4330,2025-03-02 02:00:00,2,45,2,Efectivo,10
4331,2025-12-08 06:00:00,362,118,1,Bizum,0
4332,2025-02-02 00:00:00,25,49,1,Tarjeta,0
4333,2025-02-27 21:00:00,165,4,1,Tarjeta,0
4334,2025-09-18 13:00:00,140,134,3,Tarjeta,0
4335,2025-09-16 13:00:00,372,51,2,Efectivo,0
4336,2025-03-25 00:00:00,495,77,2,Tarjeta,10
4337,2025-04-22 10:00:00,129,47,2,Efectivo,0
4338,2025-12-24 04:00:00,35,113,4,Efectivo,0
4339,2025-01-20 15:00:00,408,53,1,Tarjeta,5
4340,2025-04-02 02:00:00,400,121,3,Efectivo,5
4341,2025-03-24 00:00:00,120,47,2,Tarjeta,10
4342,2025-09-04 02:00:00,431,86,3,Tarjeta,0
4343,2025-06-07 06:00:00,58,68,2,Tarjeta,0
4344,2025-06-14 06:00:00,133,148,2,Cheque regalo,5
4345,2025-03-14 22:00:00,450,83,2,Tarjeta,0
4346,2025-08-19 14:00:00,190,89,2,Bizum,0
4347,2025-10-29 14:00:00,477,95,1,Tarjeta,0
4348,2025-05-10 04:00:00,489,27,1,Tarjeta,5
4349,2025-08-15 21:00:00,313,89,5,Efectivo,0
4350,2025-02-22 08:00:00,169,150,2,Tarjeta,0
4351,2025-04-06 21:00:00,375,64,1,Tarjeta,0
4352,2025-05-14 06:00:00,33,147,2,Efectivo,0
4353,2025-10-04 21:00:00,165,136,3,Bizum,5
4354,2025-02-11 11:00:00,170,56,2,Tarjeta,5
4355,2025-12-09 04:00:00,94,13,1,Tarjeta,0
4356,2025-11-22 11:00:00,189,101,2,Efectivo,10
4357,2025-06-03 06:00:00,330,16,3,Tarjeta,15
4358,2025-04-06 14:00:00,416,148,1,Tarjeta,15
4359,2025-05-21 07:00:00,427,93,1,Cheque regalo,10
4360,2025-01-15 14:00:00,392,44,1,Efectivo,0
4361,2025-12-02 18:00:00,10,90,3,Bizum,0
4362,2025-09-06 15:00:00,52,51,3,Tarjeta,15
4363,2025-04-22 05:00:00,44,135,3,Bizum,0
4364,2025-01-16 09:00:00,459,102,2,Cheque regalo,0
4365,2025-04-26 00:00:00,202,120,3,Tarjeta,0
4366,2025-10-14 21:00:00,286,79,2,Tarjeta,10
4367,2025-07-25 01:00:00,328,137,3,Tarjeta,5
4368,2025-07-13 05:00:00,295,54,3,Bizum,0
4369,2025-10-02 05:00:00,49,118,3,Efectivo,0
4370,2025-07-09 16:00:00,256,15,1,Tarjeta,5
4371,2025-04-19 23:00:00,423,56,4,Tarjeta,10
4372,2025-05-15 13:00:00,65,142,2,Tarjeta,0
4373,2025-01-19 16:00:00,287,125,3,Bizum,10
4374,2025-01-19 14:00:00,7,119,2,Bizum,5
4375,2025-02-28 09:00:00,215,16,3,Tarjeta,15
4376,2025-07-20 19:00:00,99,136,2,Tarjeta,10
4377,2025-06-18 05:00:00,125,130,1,Tarjeta,0
4378,2025-09-09 19:00:00,206,51,3,Bizum,0
4379,2025-06-14 23:00:00,198,119,3,Bizum,10
4380,2025-12-16 04:00:00,16,78,5,Bizum,0
4381,2025-11-30 11:00:00,286,91,2,Efectivo,0
4382,2025-01-27 19:00:00,333,42,4,Bizum,0
4383,2025-10-23 06:00:00,267,88,1,Tarjeta,0
4384,2025-07-03 13:00:00,18,137,2,Tarjeta,0
4385,2025-11-29 07:00:00,75,77,4,Efectivo,0
4386,2025-05-15 09:00:00,399,42,1,Bizum,5
4387,2025-06-25 03:00:00,371,119,2,Efectivo,10
4388,2025-04-04 05:00:00,471,22,2,Tarjeta,0
4389,2025-08-15 06:00:00,143,43,3,Tarjeta,0
4390,2025-04-04 08:00:00,185,23,3,Tarjeta,0
4391,2025-05-25 14:00:00,8,79,2,Bizum,0
4392,2025-11-06 16:00:00,204,38,1,Tarjeta,0
4393,2025-03-15 16:00:00,113,45,1,Tarjeta,0
4394,2025-11-19 14:00:00,286,44,1,Bizum,0
4395,2025-07-29 04:00:00,441,52,2,Tarjeta,0
4396,2025-10-21 02:00:00,106,115,1,Tarjeta,0
4397,2025-01-19 16:00:00,353,127,2,Tarjeta,0
4398,2025-01-07 21:00:00,167,123,3,Tarjeta,5
4399,2025-07-29 04:00:00,38,134,1,Tarjeta,0
4400,2025-10-13 11:00:00,162,119,2,Bizum,15
4401,2025-01-28 13:00:00,419,59,3,Cheque regalo,0
4402,2025-07-22 12:00:00,123,150,4,Bizum,5
4403,2025-05-24 08:00:00,359,126,3,Bizum,0
4404,2025-10-20 15:00:00,84,43,4,Bizum,0
4405,2025-06-18 06:00:00,41,19,2,Efectivo,10
4406,2025-04-15 23:00:00,441,49,2,Tarjeta,0
4407,2025-01-20 14:00:00,67,83,2,Tarjeta,0
4408,2025-12-23 07:00:00,458,145,6,Tarjeta,15
4409,2025-08-30 03:00:00,191,141,1,Bizum,5
4410,2025-06-22 07:00:00,113,75,3,Tarjeta,15
4411,2025-08-31 22:00:00,69,83,2,Tarjeta,0
4412,2025-09-18 10:00:00,172,30,2,Tarjeta,5
4413,2025-12-13 06:00:00,455,91,1,Tarjeta,0
4414,2025-09-23 17:00:00,288,33,2,Cheque regalo,0
4415,2025-03-12 05:00:00,412,14,2,Bizum,0
4416,2025-05-05 14:00:00,202,57,2,Bizum,0
4417,2025-11-02 18:00:00,104,113,3,Tarjeta,5
4418,2025-04-17 16:00:00,257,4,2,Tarjeta,10
4419,2025-11-09 04:00:00,473,118,1,Tarjeta,0
4420,2025-12-08 13:00:00,290,127,2,Tarjeta,0
4421,2025-01-10 10:00:00,165,81,1,Bizum,5
4422,2025-04-21 21:00:00,357,129,2,Efectivo,0
4423,2025-04-17 23:00:00,11,71,1,Bizum,0
4424,2025-12-03 15:00:00,316,99,2,Efectivo,0
4425,2025-06-12 05:00:00,32,99,2,Bizum,0
4426,2025-11-02 21:00:00,65,30,4,Tarjeta,0
4427,2025-10-26 00:00:00,15,132,1,Tarjeta,0
4428,2025-09-22 03:00:00,166,99,1,Tarjeta,5
4429,2025-07-04 00:00:00,457,120,5,Cheque regalo,0
4430,2025-10-23 09:00:00,13,32,2,Efectivo,5
4431,2025-08-28 06:00:00,319,71,1,Tarjeta,0
4432,2025-09-22 14:00:00,400,68,1,Efectivo,0
4433,2025-05-29 14:00:00,233,18,1,Tarjeta,5
4434,2025-03-26 04:00:00,223,144,4,Tarjeta,10
4435,2025-06-06 09:00:00,330,53,4,Cheque regalo,15
4436,2025-07-29 02:00:00,432,117,2,Tarjeta,15
4437,2025-01-22 14:00:00,423,56,2,Tarjeta,0
4438,2025-06-09 11:00:00,55,69,3,Tarjeta,0
4439,2025-01-15 13:00:00,197,59,1,Bizum,0
4440,2025-01-17 17:00:00,38,58,2,Tarjeta,0
4441,2025-01-17 03:00:00,267,90,3,Bizum,0
4442,2025-12-25 16:00:00,237,109,1,Tarjeta,0
4443,2025-12-22 01:00:00,466,89,3,Efectivo,0
4444,2025-09-19 12:00:00,451,5,2,Efectivo,0
4445,2025-09-18 01:00:00,430,52,3,Efectivo,5
4446,2025-06-03 07:00:00,292,132,1,Bizum,10
4447,2025-05-22 07:00:00,249,18,3,Tarjeta,15
4448,2025-06-27 22:00:00,110,96,5,Efectivo,10
4449,2025-01-21 18:00:00,411,66,3,Tarjeta,0
4450,2025-10-06 03:00:00,206,19,2,Tarjeta,0
4451,2025-09-07 00:00:00,43,101,1,Bizum,0
4452,2025-03-17 06:00:00,198,89,3,Tarjeta,0
4453,2025-10-22 02:00:00,375,106,3,Efectivo,15
4454,2025-11-19 10:00:00,223,77,1,Tarjeta,5
4455,2025-02-13 20:00:00,425,24,2,Tarjeta,0
4456,2025-01-20 11:00:00,241,71,1,Tarjeta,0
4457,2025-07-23 16:00:00,260,41,3,Tarjeta,0
4458,2025-12-11 22:00:00,312,10,1,Tarjeta,0
4459,2025-12-02 08:00:00,279,53,1,Cheque regalo,0
4460,2025-03-14 22:00:00,441,122,2,Tarjeta,0
4461,2025-03-27 03:00:00,28,148,1,Tarjeta,15
4462,2025-08-31 18:00:00,434,33,3,Tarjeta,0
4463,2025-03-26 20:00:00,322,111,2,Efectivo,0
4464,2025-10-13 23:00:00,308,23,3,Efectivo,0
4465,2025-12-13 01:00:00,419,33,2,Tarjeta,0
4466,2025-08-01 13:00:00,110,75,4,Tarjeta,0
4467,2025-12-16 19:00:00,154,45,4,Efectivo,0
4468,2025-11-28 07:00:00,124,136,3,Tarjeta,0
4469,2025-09-27 14:00:00,410,44,2,Bizum,0
4470,2025-08-06 11:00:00,129,46,1,Efectivo,0
4471,2025-04-28 16:00:00,284,143,2,Tarjeta,10
4472,2025-10-03 12:00:00,102,114,5,Tarjeta,0
4473,2025-01-13 11:00:00,281,105,1,Tarjeta,0
4474,2025-07-11 05:00:00,348,1,5,Cheque regalo,0
4475,2025-10-26 21:00:00,123,53,3,Bizum,5
4476,2025-06-16 07:00:00,232,34,1,Tarjeta,0
4477,2025-12-29 08:00:00,162,94,3,Tarjeta,5
4478,2025-10-26 14:00:00,318,98,1,Tarjeta,5
4479,2025-11-27 03:00:00,103,11,3,Tarjeta,0
4480,2025-08-01 23:00:00,240,102,3,Bizum,0
4481,2025-04-01 15:00:00,387,94,3,Tarjeta,0
4482,2025-12-31 14:00:00,165,102,1,Tarjeta,0
4483,2025-08-15 19:00:00,273,86,4,Bizum,0
4484,2025-08-14 09:00:00,344,45,3,Tarjeta,0
4485,2025-02-28 17:00:00,358,30,1,Tarjeta,0
4486,2025-12-06 05:00:00,443,142,5,Efectivo,10
4487,2025-04-28 13:00:00,335,37,2,Efectivo,10
4488,2025-05-04 15:00:00,299,116,3,Bizum,15
4489,2025-11-29 18:00:00,5,146,2,Tarjeta,0
4490,2025-02-15 16:00:00,312,13,2,Tarjeta,5
4491,2025-11-11 03:00:00,426,135,1,Cheque regalo,0
4492,2025-05-29 16:00:00,276,108,1,Efectivo,5
4493,2025-11-04 17:00:00,295,21,2,Bizum,0
4494,2025-09-22 10:00:00,245,149,1,Efectivo,15
4495,2025-06-17 16:00:00,101,42,2,Efectivo,0
4496,2025-10-02 22:00:00,245,60,1,Bizum,10
4497,2025-05-11 08:00:00,358,50,2,Tarjeta,5
4498,2025-09-07 22:00:00,73,115,2,Tarjeta,10
4499,2025-12-30 12:00:00,477,15,2,Tarjeta,5
4500,2025-10-16 08:00:00,45,1,2,Tarjeta,0
4501,2025-07-29 22:00:00,275,41,3,Tarjeta,15
4502,2025-07-31 18:00:00,78,92,4,Efectivo,0
4503,2025-04-11 07:00:00,235,62,3,Tarjeta,0
4504,2025-06-30 17:00:00,76,142,3,Tarjeta,0
4505,2025-03-10 15:00:00,217,84,2,Efectivo,10
4506,2025-06-17 17:00:00,388,20,1,Tarjeta,0
4507,2025-06-08 20:00:00,118,52,1,Efectivo,5
4508,2025-09-18 16:00:00,30,71,2,Tarjeta,0
4509,2025-08-15 07:00:00,471,60,3,Tarjeta,0
4510,2025-08-20 04:00:00,443,132,2,Tarjeta,0
4511,2025-12-27 22:00:00,310,90,4,Tarjeta,0
4512,2025-07-06 07:00:00,251,24,1,Tarjeta,0
4513,2025-06-07 22:00:00,322,116,4,Efectivo,5
4514,2025-09-04 15:00:00,164,60,2,Tarjeta,0
4515,2025-12-09 12:00:00,480,126,2,Bizum,0
4516,2025-10-05 09:00:00,69,110,1,Tarjeta,5
4517,2025-01-31 04:00:00,40,50,4,Tarjeta,0
4518,2025-08-02 05:00:00,478,50,2,Tarjeta,0
4519,2025-11-24 17:00:00,116,146,3,Tarjeta,0
4520,2025-10-27 17:00:00,408,100,2,Tarjeta,0
4521,2025-10-22 00:00:00,304,140,2,Tarjeta,10
4522,2025-11-28 15:00:00,360,148,5,Efectivo,0
4523,2025-11-29 06:00:00,86,8,1,Efectivo,0
4524,2025-10-16 23:00:00,394,118,3,Bizum,15
4525,2025-10-06 21:00:00,415,2,2,Tarjeta,5
4526,2025-03-25 02:00:00,226,35,2,Tarjeta,5
4527,2025-03-04 13:00:00,10,42,2,Efectivo,0
4528,2025-05-17 10:00:00,88,57,3,Efectivo,0
4529,2025-02-10 07:00:00,399,93,2,Tarjeta,15
4530,2025-03-26 07:00:00,137,13,3,Tarjeta,0
4531,2025-05-19 12:00:00,146,17,1,Bizum,5
4532,2025-08-04 15:00:00,327,74,2,Tarjeta,0
4533,2025-11-14 10:00:00,41,90,2,Tarjeta,0
4534,2025-11-05 08:00:00,204,30,2,Efectivo,0
4535,2025-09-13 02:00:00,41,39,4,Efectivo,5
4536,2025-07-17 22:00:00,66,17,1,Bizum,15
4537,2025-11-16 07:00:00,165,146,1,Efectivo,0
4538,2025-10-01 22:00:00,152,58,2,Tarjeta,5
4539,2025-01-20 05:00:00,477,53,2,Efectivo,5
4540,2025-07-21 15:00:00,421,75,3,Efectivo,5
4541,2025-03-09 21:00:00,494,90,2,Tarjeta,10
4542,2025-02-05 19:00:00,275,138,3,Tarjeta,20
4543,2025-01-13 15:00:00,380,141,4,Bizum,0
4544,2025-04-01 07:00:00,97,134,3,Tarjeta,0
4545,2025-05-23 03:00:00,473,123,2,Bizum,0
4546,2025-03-18 08:00:00,411,5,1,Tarjeta,5
4547,2025-08-04 03:00:00,206,146,2,Efectivo,20
4548,2025-07-12 18:00:00,130,3,2,Bizum,0
4549,2025-09-20 17:00:00,94,55,1,Bizum,20
4550,2025-09-10 05:00:00,113,38,1,Bizum,0
4551,2025-10-29 11:00:00,41,108,2,Tarjeta,5
4552,2025-12-09 09:00:00,10,144,2,Tarjeta,15
4553,2025-08-27 10:00:00,344,2,3,Tarjeta,0
4554,2025-01-08 07:00:00,106,35,2,Tarjeta,10
4555,2025-02-09 14:00:00,481,118,3,Bizum,0
4556,2025-09-15 04:00:00,348,20,1,Bizum,0
4557,2025-07-02 21:00:00,112,81,4,Tarjeta,15
4558,2025-04-12 03:00:00,410,13,2,Tarjeta,5
4559,2025-04-25 18:00:00,31,146,1,Tarjeta,0
4560,2025-10-05 09:00:00,462,81,2,Bizum,10
4561,2025-12-21 20:00:00,26,145,3,Efectivo,0
4562,2025-07-24 12:00:00,420,38,1,Tarjeta,10
4563,2025-11-19 09:00:00,84,139,2,Tarjeta,0
4564,2025-01-11 19:00:00,471,30,1,Tarjeta,5
4565,2025-10-29 06:00:00,407,85,3,Tarjeta,0
4566,2025-04-06 09:00:00,363,72,3,Tarjeta,0
4567,2025-09-24 23:00:00,56,91,1,Tarjeta,5
4568,2025-06-09 01:00:00,200,119,2,Tarjeta,0
4569,2025-09-21 00:00:00,307,35,1,Bizum,0
4570,2025-03-08 21:00:00,22,27,2,Tarjeta,0
4571,2025-03-28 14:00:00,169,29,3,Tarjeta,0
4572,2025-01-15 00:00:00,255,141,3,Tarjeta,5
4573,2025-12-08 03:00:00,481,47,1,Tarjeta,0
4574,2025-12-29 08:00:00,431,89,2,Bizum,5
4575,2025-12-03 14:00:00,204,21,2,Bizum,10
4576,2025-09-08 03:00:00,11,72,1,Tarjeta,0
4577,2025-11-26 09:00:00,47,129,1,Efectivo,0
4578,2025-04-23 05:00:00,500,53,2,Tarjeta,5
4579,2025-08-21 16:00:00,27,28,1,Tarjeta,20
4580,2025-09-29 10:00:00,355,88,3,Bizum,5
4581,2025-05-02 04:00:00,498,104,3,Tarjeta,5
4582,2025-12-22 21:00:00,226,149,1,Tarjeta,0
4583,2025-04-04 02:00:00,1,37,2,Tarjeta,10
4584,2025-02-03 17:00:00,333,118,4,Tarjeta,0
4585,2025-12-22 05:00:00,292,2,3,Cheque regalo,0
4586,2025-08-14 14:00:00,207,13,3,Tarjeta,5
4587,2025-11-11 23:00:00,331,28,1,Tarjeta,0
4588,2025-06-18 15:00:00,181,42,2,Efectivo,5
4589,2025-09-27 07:00:00,295,16,2,Bizum,5
4590,2025-03-02 16:00:00,177,4,3,Bizum,0
4591,2025-07-10 10:00:00,226,97,1,Tarjeta,0
4592,2025-07-16 07:00:00,165,54,3,Cheque regalo,0
4593,2025-04-24 02:00:00,407,22,2,Efectivo,0
4594,2025-11-11 05:00:00,22,112,2,Efectivo,0
4595,2025-03-31 18:00:00,323,110,1,Tarjeta,5
4596,2025-03-25 15:00:00,451,77,1,Bizum,5
4597,2025-10-13 12:00:00,135,112,1,Tarjeta,0
4598,2025-03-09 02:00:00,269,93,3,Efectivo,10
4599,2025-12-24 03:00:00,29,59,4,Bizum,15
4600,2025-10-20 17:00:00,16,87,1,Bizum,0
4601,2025-08-17 06:00:00,353,63,1,Tarjeta,20
4602,2025-12-17 18:00:00,459,123,2,Bizum,0
4603,2025-05-12 11:00:00,108,84,1,Tarjeta,0
4604,2025-06-03 02:00:00,138,72,1,Tarjeta,5
4605,2025-06-08 20:00:00,281,85,2,Bizum,0
4606,2025-03-30 19:00:00,350,52,2,Bizum,0
4607,2025-05-21 02:00:00,247,56,3,Bizum,0
4608,2025-09-19 03:00:00,59,8,2,Tarjeta,5
4609,2025-05-21 09:00:00,174,80,3,Cheque regalo,0
4610,2025-10-19 00:00:00,182,104,2,Tarjeta,5
4611,2025-03-30 08:00:00,281,123,1,Tarjeta,10
4612,2025-05-10 16:00:00,489,128,1,Efectivo,0
4613,2025-12-19 13:00:00,237,28,3,Cheque regalo,15
4614,2025-08-11 14:00:00,224,24,3,Bizum,0
4615,2025-06-03 20:00:00,37,71,2,Cheque regalo,0
4616,2025-08-22 21:00:00,378,53,2,Bizum,5
4617,2025-11-30 22:00:00,344,68,1,Tarjeta,15
4618,2025-02-07 06:00:00,478,122,4,Bizum,0
4619,2025-07-13 03:00:00,43,130,2,Efectivo,10
4620,2025-12-27 22:00:00,75,119,1,Tarjeta,5
4621,2025-07-14 17:00:00,239,107,1,Bizum,0
4622,2025-06-15 06:00:00,286,19,2,Tarjeta,10
4623,2025-10-27 14:00:00,419,5,2,Bizum,0
4624,2025-09-19 06:00:00,140,60,3,Tarjeta,0
4625,2025-01-08 00:00:00,84,132,2,Tarjeta,0
4626,2025-12-20 21:00:00,10,1,4,Bizum,20
4627,2025-01-04 19:00:00,69,146,2,Tarjeta,0
4628,2025-01-11 06:00:00,79,141,3,Tarjeta,0
4629,2025-09-21 13:00:00,310,38,4,Tarjeta,15
4630,2025-03-05 19:00:00,424,87,2,Tarjeta,0
4631,2025-01-30 14:00:00,340,62,2,Tarjeta,0
4632,2025-05-08 03:00:00,375,142,1,Bizum,0
4633,2025-11-04 08:00:00,269,97,2,Efectivo,0
4634,2025-01-08 03:00:00,210,92,2,Bizum,0
4635,2025-12-17 22:00:00,272,142,4,Bizum,0
4636,2025-04-30 01:00:00,170,37,4,Bizum,0
4637,2025-02-14 18:00:00,357,92,2,Tarjeta,0
4638,2025-02-07 14:00:00,339,91,2,Tarjeta,0
4639,2025-11-24 03:00:00,334,133,2,Tarjeta,5
4640,2025-09-27 06:00:00,473,128,1,Tarjeta,0
4641,2025-04-10 01:00:00,263,79,2,Efectivo,5
4642,2025-06-07 03:00:00,425,15,2,Bizum,5
4643,2025-08-04 07:00:00,371,62,3,Tarjeta,5
4644,2025-01-10 02:00:00,23,44,1,Tarjeta,0
4645,2025-04-26 10:00:00,46,41,2,Efectivo,0
4646,2025-12-04 23:00:00,312,70,1,Tarjeta,5
4647,2025-02-27 03:00:00,235,38,1,Tarjeta,5
4648,2025-11-21 08:00:00,29,127,1,Tarjeta,5
4649,2025-09-21 20:00:00,22,10,3,Tarjeta,0
4650,2025-03-31 22:00:00,245,107,1,Tarjeta,0
4651,2025-03-18 14:00:00,371,148,2,Tarjeta,10
4652,2025-06-02 22:00:00,244,97,3,Efectivo,0
4653,2025-07-14 21:00:00,25,33,2,Tarjeta,0
4654,2025-12-04 00:00:00,64,134,3,Tarjeta,0
4655,2025-09-20 09:00:00,349,96,4,Tarjeta,5
4656,2025-10-29 02:00:00,40,145,3,Tarjeta,0
4657,2025-12-10 18:00:00,385,48,1,Tarjeta,0
4658,2025-08-07 11:00:00,428,66,1,Efectivo,0
4659,2025-03-21 16:00:00,20,57,3,Efectivo,10
4660,2025-11-02 08:00:00,389,77,3,Tarjeta,0
4661,2025-03-26 18:00:00,419,148,1,Cheque regalo,5
4662,2025-02-14 19:00:00,348,8,2,Tarjeta,0
4663,2025-03-28 11:00:00,492,46,2,Efectivo,10
4664,2025-06-17 06:00:00,206,34,4,Efectivo,0
4665,2025-11-13 05:00:00,111,47,3,Tarjeta,0
4666,2025-01-03 17:00:00,410,141,2,Tarjeta,0
4667,2025-10-18 13:00:00,358,61,2,Tarjeta,15
4668,2025-06-10 02:00:00,78,56,2,Tarjeta,0
4669,2025-10-13 02:00:00,410,42,2,Tarjeta,15
4670,2025-08-10 08:00:00,91,1,2,Efectivo,5
4671,2025-06-29 23:00:00,40,59,1,Bizum,15
4672,2025-04-16 23:00:00,153,14,2,Tarjeta,0
4673,2025-02-11 07:00:00,368,44,1,Tarjeta,15
4674,2025-08-26 09:00:00,408,104,3,Tarjeta,0
4675,2025-03-19 11:00:00,303,110,1,Bizum,0
4676,2025-07-15 12:00:00,118,75,4,Efectivo,5
4677,2025-03-30 19:00:00,360,135,2,Tarjeta,0
4678,2025-06-03 22:00:00,125,56,2,Tarjeta,10
4679,2025-10-08 18:00:00,493,81,1,Tarjeta,0
4680,2025-03-01 16:00:00,104,90,5,Tarjeta,5
4681,2025-01-20 03:00:00,203,110,2,Tarjeta,0
4682,2025-11-01 16:00:00,322,125,2,Tarjeta,0
4683,2025-05-02 13:00:00,52,20,3,Bizum,5
4684,2025-10-01 12:00:00,470,34,1,Tarjeta,0
4685,2025-01-29 17:00:00,430,64,2,Tarjeta,5
4686,2025-04-02 16:00:00,485,138,3,Tarjeta,0
4687,2025-03-10 21:00:00,202,58,4,Tarjeta,0
4688,2025-10-08 23:00:00,163,87,1,Tarjeta,15
4689,2025-06-07 03:00:00,484,81,3,Bizum,0
4690,2025-07-11 03:00:00,6,134,4,Tarjeta,15
4691,2025-04-02 19:00:00,118,36,4,Efectivo,0
4692,2025-01-25 08:00:00,255,2,5,Cheque regalo,0
4693,2025-07-19 09:00:00,226,125,4,Tarjeta,0
4694,2025-02-14 06:00:00,260,2,2,Efectivo,5
4695,2025-09-10 18:00:00,252,105,2,Efectivo,15
4696,2025-06-19 11:00:00,408,37,3,Tarjeta,5
4697,2025-06-05 14:00:00,33,70,3,Tarjeta,15
4698,2025-08-19 10:00:00,182,7,2,Tarjeta,5
4699,2025-03-24 14:00:00,10,145,1,Tarjeta,0
4700,2025-12-03 07:00:00,5,67,1,Tarjeta,15
4701,2025-06-25 08:00:00,40,104,2,Tarjeta,0
4702,2025-07-18 14:00:00,201,106,2,Bizum,0
4703,2025-07-19 13:00:00,158,42,3,Efectivo,0
4704,2025-07-28 16:00:00,156,76,2,Tarjeta,0
4705,2025-08-18 12:00:00,88,126,2,Tarjeta,10
4706,2025-06-19 06:00:00,263,6,2,Tarjeta,0
4707,2025-03-08 13:00:00,57,42,1,Tarjeta,0
4708,2025-10-22 05:00:00,387,4,2,Tarjeta,15
4709,2025-11-27 11:00:00,498,115,1,Tarjeta,0
4710,2025-04-13 19:00:00,152,66,2,Efectivo,20
4711,2025-03-05 11:00:00,461,72,2,Bizum,0
4712,2025-05-01 07:00:00,111,73,2,Efectivo,0
4713,2025-03-17 19:00:00,129,2,1,Tarjeta,0
4714,2025-05-09 20:00:00,440,150,2,Tarjeta,0
4715,2025-09-08 02:00:00,47,43,4,Tarjeta,0
4716,2025-09-09 09:00:00,191,41,1,Tarjeta,10
4717,2025-08-15 02:00:00,383,145,2,Tarjeta,0
4718,2025-07-15 19:00:00,42,68,1,Bizum,15
4719,2025-01-23 04:00:00,59,3,2,Cheque regalo,10
4720,2025-03-31 04:00:00,123,96,3,Tarjeta,5
4721,2025-02-28 06:00:00,50,6,3,Cheque regalo,10
4722,2025-05-17 02:00:00,93,82,3,Tarjeta,15
4723,2025-08-14 10:00:00,426,99,1,Bizum,0
4724,2025-04-23 03:00:00,223,110,2,Tarjeta,0
4725,2025-05-09 17:00:00,435,68,4,Efectivo,0
4726,2025-03-18 02:00:00,369,45,1,Bizum,5
4727,2025-05-22 06:00:00,393,19,3,Tarjeta,0
4728,2025-02-27 03:00:00,370,90,4,Efectivo,20
4729,2025-02-01 16:00:00,322,34,3,Tarjeta,0
4730,2025-02-11 12:00:00,348,147,2,Tarjeta,0
4731,2025-04-01 20:00:00,463,79,3,Tarjeta,10
4732,2025-05-17 22:00:00,48,68,2,Tarjeta,0
4733,2025-08-14 07:00:00,457,45,2,Bizum,0
4734,2025-04-07 00:00:00,47,38,3,Efectivo,0
4735,2025-04-20 16:00:00,360,136,3,Tarjeta,0
4736,2025-04-17 04:00:00,494,143,1,Cheque regalo,0
4737,2025-08-14 07:00:00,395,71,2,Bizum,0
4738,2025-09-11 05:00:00,45,137,2,Cheque regalo,0
4739,2025-11-14 03:00:00,149,73,2,Tarjeta,5
4740,2025-02-23 00:00:00,334,69,1,Efectivo,5
4741,2025-03-12 11:00:00,41,145,3,Efectivo,0
4742,2025-09-14 12:00:00,264,3,1,Tarjeta,0
4743,2025-10-20 00:00:00,240,63,1,Tarjeta,0
4744,2025-06-09 00:00:00,381,37,3,Bizum,0
4745,2025-12-04 09:00:00,9,27,4,Bizum,10
4746,2025-11-05 08:00:00,30,73,2,Tarjeta,0
4747,2025-12-18 21:00:00,292,68,3,Tarjeta,15
4748,2025-03-13 03:00:00,326,9,1,Bizum,15
4749,2025-02-09 01:00:00,89,128,3,Tarjeta,0
4750,2025-04-03 07:00:00,469,46,2,Tarjeta,5
4751,2025-03-12 19:00:00,410,144,1,Tarjeta,0
4752,2025-03-17 23:00:00,45,43,4,Tarjeta,0
4753,2025-01-21 20:00:00,301,52,3,Bizum,15
4754,2025-07-17 08:00:00,45,106,2,Tarjeta,0
4755,2025-09-08 22:00:00,487,126,4,Efectivo,15
4756,2025-10-30 11:00:00,20,123,1,Tarjeta,0
4757,2025-05-24 11:00:00,52,101,4,Tarjeta,0
4758,2025-10-22 02:00:00,218,123,2,Bizum,10
4759,2025-03-12 04:00:00,45,71,3,Tarjeta,0
4760,2025-10-28 12:00:00,108,60,1,Tarjeta,5
4761,2025-10-31 04:00:00,209,67,1,Efectivo,10
4762,2025-10-18 00:00:00,349,132,1,Efectivo,5
4763,2025-09-16 19:00:00,370,23,4,Efectivo,5
4764,2025-07-08 08:00:00,336,51,2,Tarjeta,0
4765,2025-08-06 17:00:00,218,78,3,Tarjeta,5
4766,2025-09-12 09:00:00,117,119,1,Bizum,0
4767,2025-04-02 18:00:00,452,100,1,Bizum,0
4768,2025-05-07 21:00:00,354,134,2,Cheque regalo,0
4769,2025-04-16 19:00:00,348,16,1,Bizum,0
4770,2025-07-16 10:00:00,418,8,2,Tarjeta,10
4771,2025-12-12 13:00:00,235,142,2,Cheque regalo,0
4772,2025-04-14 11:00:00,206,147,2,Efectivo,0
4773,2025-09-07 19:00:00,146,95,2,Tarjeta,0
4774,2025-10-17 11:00:00,30,13,3,Efectivo,0
4775,2025-10-05 22:00:00,203,135,3,Tarjeta,10
4776,2025-11-06 10:00:00,341,3,2,Tarjeta,0
4777,2025-05-11 02:00:00,99,62,2,Efectivo,5
4778,2025-05-24 11:00:00,207,62,1,Tarjeta,5
4779,2025-10-07 19:00:00,236,11,1,Tarjeta,0
4780,2025-04-08 13:00:00,5,41,2,Bizum,10
4781,2025-05-13 10:00:00,213,48,2,Tarjeta,5
4782,2025-07-13 01:00:00,382,29,3,Efectivo,0
4783,2025-08-08 04:00:00,312,144,3,Efectivo,15
4784,2025-04-26 00:00:00,353,124,4,Bizum,0
4785,2025-01-31 08:00:00,191,36,3,Tarjeta,0
4786,2025-02-16 15:00:00,432,79,3,Tarjeta,0
4787,2025-08-31 17:00:00,201,28,2,Efectivo,0
4788,2025-02-23 22:00:00,50,9,2,Tarjeta,10
4789,2025-05-16 09:00:00,47,2,2,Tarjeta,0
4790,2025-08-06 04:00:00,102,39,2,Bizum,0
4791,2025-06-01 09:00:00,304,33,1,Efectivo,5
4792,2025-12-20 03:00:00,113,147,1,Bizum,0
4793,2025-04-22 06:00:00,91,148,1,Tarjeta,0
4794,2025-03-09 02:00:00,59,61,2,Tarjeta,5
4795,2025-06-13 17:00:00,289,28,4,Tarjeta,5
4796,2025-07-29 06:00:00,335,98,1,Tarjeta,0
4797,2025-11-30 22:00:00,333,38,3,Tarjeta,0
4798,2025-09-24 10:00:00,360,142,3,Tarjeta,5
4799,2025-07-12 19:00:00,336,100,3,Tarjeta,15
4800,2025-06-14 07:00:00,310,149,4,Bizum,0
4801,2025-07-29 02:00:00,6,74,1,Tarjeta,0
4802,2025-01-24 10:00:00,425,88,4,Tarjeta,0
4803,2025-07-13 22:00:00,425,37,1,Tarjeta,0
4804,2025-07-19 04:00:00,126,25,4,Bizum,0
4805,2025-05-26 08:00:00,460,46,1,Tarjeta,5
4806,2025-08-17 08:00:00,265,17,1,Tarjeta,0
4807,2025-01-03 13:00:00,337,4,2,Tarjeta,0
4808,2025-08-24 22:00:00,99,33,2,Tarjeta,5
4809,2025-08-05 16:00:00,24,30,2,Bizum,15
4810,2025-07-15 10:00:00,101,39,5,Bizum,10
4811,2025-12-24 19:00:00,6,2,1,Tarjeta,5
4812,2025-09-28 19:00:00,55,63,3,Tarjeta,0
4813,2025-12-28 00:00:00,418,61,2,Tarjeta,15
4814,2025-11-17 18:00:00,100,111,2,Tarjeta,0
4815,2025-04-30 09:00:00,83,106,1,Tarjeta,0
4816,2025-01-26 06:00:00,357,145,2,Tarjeta,0
4817,2025-11-12 00:00:00,138,55,2,Bizum,15
4818,2025-08-10 14:00:00,191,7,3,Tarjeta,15
4819,2025-05-19 12:00:00,154,45,4,Bizum,0
4820,2025-02-04 23:00:00,176,60,1,Cheque regalo,5
4821,2025-09-28 15:00:00,124,150,2,Bizum,0
4822,2025-04-29 10:00:00,130,12,1,Bizum,0
4823,2025-03-24 05:00:00,306,70,3,Efectivo,0
4824,2025-07-17 09:00:00,434,52,3,Efectivo,15
4825,2025-12-05 22:00:00,411,42,2,Bizum,15
4826,2025-09-07 18:00:00,137,104,1,Tarjeta,0
4827,2025-06-21 10:00:00,454,143,4,Tarjeta,0
4828,2025-01-19 15:00:00,223,82,2,Bizum,0
4829,2025-10-21 12:00:00,295,76,3,Tarjeta,5
4830,2025-05-28 06:00:00,434,83,2,Tarjeta,0
4831,2025-06-05 19:00:00,442,114,4,Efectivo,5
4832,2025-07-07 23:00:00,139,67,2,Efectivo,0
4833,2025-10-29 00:00:00,330,117,1,Tarjeta,5
4834,2025-12-18 09:00:00,421,64,2,Efectivo,5
4835,2025-07-23 09:00:00,95,64,2,Efectivo,0
4836,2025-06-01 17:00:00,319,149,2,Tarjeta,5
4837,2025-01-13 18:00:00,52,40,2,Tarjeta,5
4838,2025-02-28 04:00:00,388,143,3,Efectivo,0
4839,2025-02-04 11:00:00,484,77,2,Tarjeta,5
4840,2025-08-04 10:00:00,182,102,2,Tarjeta,5
4841,2025-06-24 04:00:00,344,129,3,Bizum,0
4842,2025-08-06 01:00:00,299,6,1,Tarjeta,0
4843,2025-06-15 23:00:00,304,7,4,Tarjeta,0
4844,2025-08-04 12:00:00,16,93,1,Tarjeta,0
4845,2025-09-23 07:00:00,172,75,2,Tarjeta,5
4846,2025-09-12 21:00:00,124,130,1,Efectivo,5
4847,2025-06-28 21:00:00,381,110,1,Tarjeta,0
4848,2025-01-15 20:00:00,409,118,2,Tarjeta,5
4849,2025-12-21 03:00:00,57,72,3,Tarjeta,0
4850,2025-02-28 13:00:00,488,94,1,Tarjeta,15
4851,2025-11-26 00:00:00,381,30,2,Tarjeta,0
4852,2025-07-16 03:00:00,386,26,1,Tarjeta,10
4853,2025-12-18 01:00:00,431,46,3,Tarjeta,0
4854,2025-02-08 23:00:00,284,25,3,Bizum,0
4855,2025-11-05 17:00:00,100,100,3,Bizum,0
4856,2025-07-23 10:00:00,41,36,1,Tarjeta,0
4857,2025-03-26 19:00:00,142,150,3,Tarjeta,5
4858,2025-07-28 23:00:00,432,141,2,Efectivo,15
4859,2025-07-27 20:00:00,29,85,3,Bizum,0
4860,2025-05-20 20:00:00,453,143,2,Bizum,10
4861,2025-09-18 10:00:00,208,126,3,Tarjeta,15
4862,2025-01-22 00:00:00,268,150,3,Cheque regalo,0
4863,2025-05-02 02:00:00,483,84,3,Bizum,0
4864,2025-07-15 03:00:00,157,140,3,Tarjeta,5
4865,2025-09-19 13:00:00,8,93,1,Tarjeta,20
4866,2025-07-25 14:00:00,430,56,3,Tarjeta,0
4867,2025-07-31 19:00:00,414,149,2,Tarjeta,5
4868,2025-07-07 01:00:00,75,117,1,Bizum,0
4869,2025-05-31 12:00:00,463,12,1,Tarjeta,0
4870,2025-02-01 11:00:00,478,70,3,Efectivo,0
4871,2025-03-24 21:00:00,350,3,2,Tarjeta,0
4872,2025-09-07 00:00:00,433,22,2,Tarjeta,0
4873,2025-05-02 16:00:00,487,16,2,Bizum,0
4874,2025-03-02 18:00:00,425,20,3,Tarjeta,0
4875,2025-10-20 00:00:00,245,81,3,Tarjeta,15
4876,2025-04-24 04:00:00,381,141,2,Bizum,5
4877,2025-02-16 15:00:00,30,114,3,Tarjeta,0
4878,2025-11-02 10:00:00,316,26,2,Bizum,0
4879,2025-07-24 15:00:00,339,29,2,Tarjeta,0
4880,2025-04-29 05:00:00,335,138,2,Tarjeta,0
4881,2025-07-18 17:00:00,15,129,2,Tarjeta,0
4882,2025-06-07 07:00:00,337,37,3,Efectivo,0
4883,2025-05-08 03:00:00,133,15,1,Tarjeta,10
4884,2025-01-02 14:00:00,14,143,4,Tarjeta,0
4885,2025-03-30 12:00:00,327,132,3,Tarjeta,0
4886,2025-05-16 17:00:00,312,54,3,Tarjeta,10
4887,2025-11-26 04:00:00,71,115,2,Cheque regalo,15
4888,2025-09-10 20:00:00,388,105,2,Tarjeta,0
4889,2025-09-17 19:00:00,177,76,2,Tarjeta,5
4890,2025-06-02 21:00:00,71,2,4,Tarjeta,5
4891,2025-12-29 16:00:00,146,61,2,Tarjeta,5
4892,2025-04-09 01:00:00,494,94,1,Tarjeta,10
4893,2025-05-04 11:00:00,435,3,2,Tarjeta,0
4894,2025-05-29 00:00:00,301,43,3,Tarjeta,0
4895,2025-10-02 01:00:00,356,25,3,Tarjeta,0
4896,2025-06-14 00:00:00,418,68,3,Efectivo,0
4897,2025-06-16 23:00:00,203,150,3,Cheque regalo,0
4898,2025-12-04 16:00:00,252,71,3,Efectivo,5
4899,2025-04-20 11:00:00,46,60,1,Tarjeta,0
4900,2025-06-01 00:00:00,420,111,2,Bizum,0
4901,2025-01-25 01:00:00,347,64,1,Tarjeta,0
4902,2025-05-22 01:00:00,471,110,2,Bizum,0
4903,2025-11-30 17:00:00,160,144,1,Efectivo,5
4904,2025-01-20 16:00:00,5,61,2,Tarjeta,15
4905,2025-03-31 01:00:00,229,47,1,Tarjeta,0
4906,2025-12-16 01:00:00,146,13,1,Bizum,0
4907,2025-11-13 12:00:00,84,117,2,Tarjeta,0
4908,2025-12-02 01:00:00,132,144,1,Cheque regalo,0
4909,2025-02-19 16:00:00,338,67,3,Tarjeta,0
4910,2025-08-07 11:00:00,14,19,3,Bizum,10
4911,2025-03-20 11:00:00,86,85,3,Efectivo,0
4912,2025-10-04 10:00:00,437,87,1,Bizum,0
4913,2025-10-20 22:00:00,323,128,2,Tarjeta,0
4914,2025-05-15 16:00:00,466,134,1,Efectivo,15
4915,2025-01-15 12:00:00,464,117,2,Tarjeta,10
4916,2025-06-17 00:00:00,254,130,2,Efectivo,0
4917,2025-02-19 14:00:00,27,67,1,Tarjeta,15
4918,2025-12-10 11:00:00,352,51,1,Tarjeta,0
4919,2025-06-30 16:00:00,75,74,3,Tarjeta,0
4920,2025-09-04 05:00:00,286,110,3,Bizum,10
4921,2025-11-26 10:00:00,494,41,1,Tarjeta,0
4922,2025-12-25 00:00:00,488,73,1,Tarjeta,0
4923,2025-06-03 13:00:00,238,96,2,Bizum,0
4924,2025-05-26 07:00:00,189,110,1,Bizum,0
4925,2025-02-28 01:00:00,356,75,1,Tarjeta,0
4926,2025-06-03 15:00:00,171,133,1,Tarjeta,0
4927,2025-05-26 18:00:00,441,2,1,Tarjeta,0
4928,2025-05-27 11:00:00,416,97,3,Efectivo,0
4929,2025-06-26 07:00:00,473,120,3,Tarjeta,20
4930,2025-11-14 03:00:00,476,10,2,Efectivo,20
4931,2025-09-09 21:00:00,347,3,2,Cheque regalo,15
4932,2025-08-14 16:00:00,154,9,2,Bizum,10
4933,2025-07-09 02:00:00,492,89,2,Tarjeta,10
4934,2025-07-05 10:00:00,313,28,4,Tarjeta,0
4935,2025-01-15 18:00:00,163,32,1,Bizum,0
4936,2025-09-18 04:00:00,357,76,1,Tarjeta,10
4937,2025-05-17 19:00:00,324,9,3,Tarjeta,0
4938,2025-10-19 00:00:00,136,111,3,Tarjeta,0
4939,2025-01-24 19:00:00,40,10,1,Tarjeta,0
4940,2025-08-21 11:00:00,320,117,2,Tarjeta,5
4941,2025-06-06 18:00:00,453,7,4,Tarjeta,0
4942,2025-03-19 07:00:00,388,73,2,Bizum,10
4943,2025-07-02 20:00:00,401,146,2,Efectivo,0
4944,2025-04-09 03:00:00,171,100,1,Bizum,5
4945,2025-03-28 22:00:00,230,150,1,Bizum,5
4946,2025-12-11 07:00:00,346,47,2,Tarjeta,0
4947,2025-09-12 17:00:00,112,72,2,Tarjeta,5
4948,2025-10-06 22:00:00,81,80,2,Efectivo,0
4949,2025-07-29 05:00:00,76,146,2,Bizum,5
4950,2025-08-13 17:00:00,99,98,1,Tarjeta,0
4951,2025-12-04 04:00:00,210,2,2,Tarjeta,15
4952,2025-03-24 06:00:00,318,35,1,Tarjeta,0
4953,2025-01-18 11:00:00,83,116,4,Tarjeta,0
4954,2025-12-15 13:00:00,301,111,1,Bizum,0
4955,2025-04-04 10:00:00,202,113,1,Tarjeta,0
4956,2025-12-01 06:00:00,487,128,4,Efectivo,0
4957,2025-12-08 01:00:00,235,118,1,Bizum,15
4958,2025-11-28 07:00:00,449,50,3,Tarjeta,0
4959,2025-12-14 17:00:00,235,28,4,Tarjeta,10
4960,2025-05-08 01:00:00,121,105,2,Bizum,0
4961,2025-06-26 17:00:00,458,141,2,Tarjeta,0
4962,2025-02-17 03:00:00,408,111,3,Bizum,0
4963,2025-10-18 21:00:00,5,115,4,Tarjeta,0
4964,2025-02-05 22:00:00,269,108,2,Tarjeta,0
4965,2025-06-11 09:00:00,176,12,1,Tarjeta,15
4966,2025-02-20 01:00:00,215,49,1,Efectivo,0
4967,2025-11-05 08:00:00,162,18,2,Efectivo,0
4968,2025-09-16 23:00:00,185,87,2,Tarjeta,20
4969,2025-05-11 21:00:00,80,7,1,Tarjeta,5
4970,2025-08-15 07:00:00,147,139,3,Bizum,0
4971,2025-12-22 15:00:00,73,63,1,Tarjeta,0
4972,2025-05-26 01:00:00,375,100,2,Bizum,0
4973,2025-09-08 01:00:00,165,38,2,Tarjeta,20
4974,2025-11-07 12:00:00,1,143,3,Tarjeta,15
4975,2025-11-11 08:00:00,78,49,3,Cheque regalo,5
4976,2025-03-07 13:00:00,41,128,5,Efectivo,0
4977,2025-08-19 23:00:00,84,131,1,Tarjeta,10
4978,2025-02-03 21:00:00,6,131,2,Bizum,5
4979,2025-04-20 08:00:00,400,26,3,Tarjeta,0
4980,2025-11-21 01:00:00,252,40,3,Bizum,0
4981,2025-08-28 09:00:00,95,32,1,Tarjeta,0
4982,2025-08-26 08:00:00,182,137,1,Tarjeta,0
4983,2025-02-20 01:00:00,124,147,4,Bizum,0
4984,2025-12-21 16:00:00,333,60,3,Bizum,0
4985,2025-07-28 13:00:00,171,64,3,Tarjeta,0
4986,2025-11-01 16:00:00,201,41,2,Bizum,0
4987,2025-05-09 10:00:00,84,117,2,Cheque regalo,0
4988,2025-10-19 19:00:00,342,39,3,Tarjeta,5
4989,2025-12-02 17:00:00,11,76,2,Tarjeta,0
4990,2025-03-05 09:00:00,182,128,3,Tarjeta,0
4991,2025-07-20 23:00:00,202,116,1,Tarjeta,5
4992,2025-07-03 14:00:00,420,97,2,Tarjeta,5
4993,2025-12-27 08:00:00,191,96,3,Tarjeta,20
4994,2025-09-23 05:00:00,278,138,2,Efectivo,20
4995,2025-04-28 20:00:00,168,150,1,Tarjeta,15
4996,2025-12-16 17:00:00,102,32,2,Tarjeta,15
4997,2025-12-01 01:00:00,30,87,2,Tarjeta,0
4998,2025-03-22 10:00:00,163,121,1,Tarjeta,5
4999,2025-05-29 19:00:00,298,117,1,Bizum,0
5000,2025-06-07 18:00:00,126,43,2,Tarjeta,15
5001,2025-10-02 17:00:00,462,131,3,Tarjeta,10
5002,2025-10-01 22:00:00,425,125,3,Tarjeta,5
5003,2025-12-17 09:00:00,124,58,1,Tarjeta,10
5004,2025-11-21 13:00:00,92,94,1,Efectivo,15
5005,2025-05-18 08:00:00,191,12,1,Bizum,5
5006,2025-11-21 18:00:00,357,113,2,Efectivo,0
5007,2025-03-15 18:00:00,449,72,1,Tarjeta,10
5008,2025-03-27 17:00:00,164,129,2,Tarjeta,0
5009,2025-01-15 03:00:00,36,18,1,Cheque regalo,0
5010,2025-10-15 13:00:00,7,11,2,Efectivo,0
5011,2025-07-26 00:00:00,277,123,2,Bizum,10
5012,2025-05-24 01:00:00,417,45,3,Bizum,20
5013,2025-05-23 22:00:00,57,32,3,Tarjeta,0
5014,2025-09-02 17:00:00,16,30,2,Bizum,5
5015,2025-07-17 17:00:00,483,70,2,Tarjeta,0
5016,2025-03-09 17:00:00,57,19,2,Bizum,0
5017,2025-05-11 13:00:00,39,83,2,Tarjeta,0
5018,2025-08-14 13:00:00,319,143,1,Tarjeta,0
5019,2025-11-26 20:00:00,291,2,2,Tarjeta,0
5020,2025-02-01 17:00:00,129,112,2,Tarjeta,0
5021,2025-07-09 23:00:00,425,91,2,Tarjeta,0
5022,2025-12-31 10:00:00,457,26,2,Bizum,10
5023,2025-03-19 17:00:00,7,130,2,Tarjeta,0
5024,2025-07-27 06:00:00,475,42,1,Efectivo,0
5025,2025-11-01 20:00:00,30,147,4,Bizum,5
5026,2025-10-26 07:00:00,235,115,2,Bizum,0
5027,2025-04-28 21:00:00,261,23,1,Tarjeta,0
5028,2025-12-23 12:00:00,309,102,3,Tarjeta,0
5029,2025-04-11 17:00:00,444,34,2,Tarjeta,5
5030,2025-03-03 02:00:00,313,92,3,Bizum,0
5031,2025-06-26 07:00:00,495,3,1,Efectivo,0
5032,2025-07-25 05:00:00,12,71,3,Tarjeta,0
5033,2025-11-16 10:00:00,180,42,2,Tarjeta,5
5034,2025-02-17 13:00:00,117,27,1,Tarjeta,0
5035,2025-05-26 11:00:00,84,63,2,Cheque regalo,0
5036,2025-02-28 06:00:00,175,137,4,Tarjeta,5
5037,2025-09-01 17:00:00,290,98,2,Tarjeta,0
5038,2025-09-19 12:00:00,372,86,4,Efectivo,15
5039,2025-04-28 04:00:00,99,136,1,Tarjeta,0
5040,2025-03-31 15:00:00,116,60,3,Bizum,5
5041,2025-04-10 04:00:00,141,90,1,Tarjeta,0
5042,2025-02-14 12:00:00,305,88,5,Tarjeta,0
5043,2025-01-13 09:00:00,381,119,3,Tarjeta,0
5044,2025-12-24 02:00:00,142,10,2,Tarjeta,5
5045,2025-07-05 04:00:00,431,137,3,Tarjeta,5
5046,2025-11-26 22:00:00,224,35,4,Tarjeta,0
5047,2025-08-30 13:00:00,101,11,4,Tarjeta,15
5048,2025-04-07 09:00:00,291,109,2,Bizum,0
5049,2025-05-14 20:00:00,67,55,1,Tarjeta,0
5050,2025-11-15 23:00:00,285,26,2,Bizum,5
5051,2025-08-17 18:00:00,55,116,1,Bizum,5
5052,2025-02-17 18:00:00,280,10,3,Efectivo,5
5053,2025-09-15 06:00:00,344,31,1,Bizum,5
5054,2025-10-15 01:00:00,67,130,1,Tarjeta,0
5055,2025-05-16 14:00:00,251,77,2,Tarjeta,5
5056,2025-02-08 05:00:00,95,122,4,Efectivo,0
5057,2025-06-04 18:00:00,27,64,2,Tarjeta,5
5058,2025-08-16 06:00:00,284,147,3,Tarjeta,0
5059,2025-06-16 12:00:00,263,9,3,Efectivo,5
5060,2025-07-27 18:00:00,49,111,4,Bizum,10
5061,2025-07-25 04:00:00,89,63,1,Bizum,15
5062,2025-05-31 00:00:00,304,50,3,Efectivo,0
5063,2025-07-31 20:00:00,76,137,3,Efectivo,10
5064,2025-06-16 19:00:00,437,58,3,Tarjeta,0
5065,2025-04-12 20:00:00,93,46,2,Tarjeta,5
5066,2025-01-16 18:00:00,215,134,1,Tarjeta,15
5067,2025-08-14 03:00:00,161,73,1,Tarjeta,0
5068,2025-12-18 03:00:00,448,36,2,Tarjeta,0
5069,2025-07-03 17:00:00,10,36,1,Tarjeta,20
5070,2025-05-28 21:00:00,339,9,2,Tarjeta,0
5071,2025-07-29 09:00:00,95,82,1,Cheque regalo,0
5072,2025-11-03 17:00:00,162,94,3,Tarjeta,0
5073,2025-03-31 07:00:00,209,24,2,Tarjeta,0
5074,2025-04-06 10:00:00,332,64,2,Tarjeta,0
5075,2025-01-06 19:00:00,129,5,2,Efectivo,5
5076,2025-02-13 20:00:00,495,75,1,Tarjeta,0
5077,2025-06-13 04:00:00,500,11,3,Bizum,10
5078,2025-05-22 08:00:00,124,135,1,Tarjeta,5
5079,2025-07-09 11:00:00,146,115,2,Cheque regalo,0
5080,2025-07-16 04:00:00,6,129,2,Tarjeta,0
5081,2025-05-02 14:00:00,338,36,3,Efectivo,0
5082,2025-06-21 19:00:00,365,34,4,Tarjeta,10
5083,2025-11-30 00:00:00,31,9,4,Tarjeta,0
5084,2025-05-13 06:00:00,218,130,2,Tarjeta,5
5085,2025-05-31 12:00:00,19,33,1,Tarjeta,0
5086,2025-05-02 15:00:00,221,109,1,Tarjeta,0
5087,2025-03-25 18:00:00,433,75,3,Tarjeta,5
5088,2025-09-16 08:00:00,152,70,1,Cheque regalo,5
5089,2025-03-20 17:00:00,340,79,1,Bizum,0
5090,2025-11-15 11:00:00,126,62,2,Tarjeta,0
5091,2025-11-11 14:00:00,203,8,3,Tarjeta,0
5092,2025-03-31 19:00:00,11,68,2,Tarjeta,0
5093,2025-11-26 22:00:00,126,16,2,Bizum,0
5094,2025-08-30 11:00:00,441,145,2,Tarjeta,0
5095,2025-05-02 19:00:00,9,93,3,Tarjeta,0
5096,2025-12-08 02:00:00,164,105,2,Efectivo,5
5097,2025-05-09 15:00:00,335,22,3,Tarjeta,5
5098,2025-02-28 04:00:00,20,123,3,Tarjeta,0
5099,2025-09-15 10:00:00,112,59,2,Tarjeta,15
5100,2025-07-27 14:00:00,18,45,4,Efectivo,10
5101,2025-11-24 00:00:00,132,121,2,Bizum,0
5102,2025-02-11 00:00:00,195,127,3,Efectivo,0
5103,2025-12-19 17:00:00,260,46,3,Tarjeta,0
5104,2025-09-29 12:00:00,335,41,3,Efectivo,0
5105,2025-07-11 01:00:00,209,70,2,Tarjeta,0
5106,2025-12-28 21:00:00,125,136,2,Tarjeta,0
5107,2025-08-15 19:00:00,485,22,3,Tarjeta,0
5108,2025-09-14 18:00:00,363,85,3,Tarjeta,0
5109,2025-12-11 07:00:00,25,37,1,Tarjeta,0
5110,2025-07-13 20:00:00,263,132,1,Tarjeta,0
5111,2025-04-30 23:00:00,427,24,1,Tarjeta,0
5112,2025-10-02 00:00:00,437,134,2,Tarjeta,15
5113,2025-09-02 12:00:00,87,93,2,Tarjeta,0
5114,2025-09-21 19:00:00,253,52,2,Tarjeta,0
5115,2025-10-08 14:00:00,337,50,1,Efectivo,0
5116,2025-07-19 07:00:00,46,122,4,Tarjeta,10
5117,2025-07-01 16:00:00,357,43,2,Bizum,5
5118,2025-09-23 21:00:00,292,25,1,Efectivo,0
5119,2025-03-28 07:00:00,143,124,1,Tarjeta,0
5120,2025-04-09 20:00:00,405,85,1,Bizum,0
5121,2025-11-19 04:00:00,131,115,2,Cheque regalo,0
5122,2025-11-23 00:00:00,88,110,2,Tarjeta,10
5123,2025-12-22 14:00:00,483,131,2,Tarjeta,0
5124,2025-07-28 18:00:00,336,47,2,Efectivo,20
5125,2025-12-31 12:00:00,474,2,3,Efectivo,5
5126,2025-09-03 10:00:00,110,57,1,Efectivo,0
5127,2025-04-30 04:00:00,35,12,1,Tarjeta,5
5128,2025-04-21 20:00:00,118,84,1,Tarjeta,0
5129,2025-08-01 21:00:00,247,138,4,Tarjeta,5
5130,2025-01-09 15:00:00,182,128,3,Bizum,0
5131,2025-10-02 06:00:00,273,138,1,Tarjeta,0
5132,2025-12-24 17:00:00,244,110,1,Tarjeta,10
5133,2025-03-16 23:00:00,459,75,1,Bizum,5
5134,2025-04-11 20:00:00,182,63,2,Bizum,0
5135,2025-10-10 04:00:00,480,119,4,Bizum,0
5136,2025-06-05 11:00:00,147,50,1,Tarjeta,5
5137,2025-10-04 11:00:00,146,111,3,Tarjeta,0
5138,2025-10-01 18:00:00,471,148,2,Tarjeta,0
5139,2025-04-28 05:00:00,69,1,1,Bizum,0
5140,2025-12-26 09:00:00,318,88,3,Tarjeta,0
5141,2025-07-28 03:00:00,148,110,2,Tarjeta,0
5142,2025-10-28 02:00:00,88,36,1,Tarjeta,5
5143,2025-08-31 21:00:00,300,134,1,Tarjeta,0
5144,2025-11-25 19:00:00,350,50,2,Tarjeta,0
5145,2025-05-18 17:00:00,76,81,1,Bizum,0
5146,2025-02-23 15:00:00,108,136,1,Bizum,0
5147,2025-07-30 04:00:00,164,144,3,Cheque regalo,0
5148,2025-02-04 01:00:00,73,36,2,Efectivo,0
5149,2025-07-16 15:00:00,38,68,1,Tarjeta,15
5150,2025-11-16 02:00:00,443,127,1,Tarjeta,5
5151,2025-02-15 09:00:00,111,105,3,Tarjeta,5
5152,2025-05-16 21:00:00,13,105,2,Tarjeta,0
5153,2025-04-10 11:00:00,6,36,3,Tarjeta,10
5154,2025-01-14 10:00:00,263,53,3,Tarjeta,10
5155,2025-06-26 01:00:00,245,38,2,Tarjeta,0
5156,2025-01-07 04:00:00,281,74,2,Tarjeta,0
5157,2025-12-18 07:00:00,251,103,2,Cheque regalo,0
5158,2025-01-23 19:00:00,33,51,2,Tarjeta,0
5159,2025-06-29 21:00:00,336,13,2,Tarjeta,10
5160,2025-02-05 20:00:00,431,106,1,Tarjeta,0
5161,2025-09-22 10:00:00,125,28,1,Tarjeta,0
5162,2025-01-19 04:00:00,110,53,3,Tarjeta,0
5163,2025-08-10 04:00:00,159,71,3,Bizum,5
5164,2025-05-15 13:00:00,212,94,1,Bizum,0
5165,2025-04-21 12:00:00,449,87,1,Bizum,0
5166,2025-01-15 04:00:00,415,128,3,Tarjeta,5
5167,2025-01-11 02:00:00,437,2,3,Tarjeta,0
5168,2025-04-25 12:00:00,426,121,4,Tarjeta,0
5169,2025-11-25 11:00:00,339,70,1,Tarjeta,0
5170,2025-01-01 10:00:00,318,65,2,Tarjeta,0
5171,2025-04-06 09:00:00,78,105,2,Tarjeta,0
5172,2025-12-19 11:00:00,461,92,5,Efectivo,0
5173,2025-01-22 10:00:00,40,30,3,Bizum,0
5174,2025-03-16 04:00:00,206,8,1,Tarjeta,0
5175,2025-05-27 00:00:00,46,34,1,Bizum,0
5176,2025-04-17 13:00:00,262,140,2,Tarjeta,5
5177,2025-12-04 07:00:00,297,56,2,Tarjeta,10
5178,2025-12-05 08:00:00,169,3,4,Cheque regalo,0
5179,2025-06-24 05:00:00,327,25,2,Tarjeta,0
5180,2025-02-11 10:00:00,28,97,1,Tarjeta,0
5181,2025-03-22 02:00:00,71,1,1,Bizum,0
5182,2025-02-03 05:00:00,96,135,1,Tarjeta,0
5183,2025-08-20 22:00:00,122,78,2,Efectivo,0
5184,2025-04-24 19:00:00,356,5,1,Cheque regalo,0
5185,2025-07-06 15:00:00,224,4,1,Tarjeta,0
5186,2025-12-09 13:00:00,37,142,2,Tarjeta,0
5187,2025-12-06 03:00:00,461,91,3,Tarjeta,0
5188,2025-07-30 00:00:00,429,102,2,Tarjeta,0
5189,2025-04-19 08:00:00,191,104,4,Bizum,0
5190,2025-05-03 15:00:00,171,80,3,Tarjeta,0
5191,2025-11-06 16:00:00,498,117,1,Tarjeta,0
5192,2025-01-21 17:00:00,87,24,2,Bizum,0
5193,2025-12-23 03:00:00,15,143,4,Tarjeta,5
5194,2025-12-31 14:00:00,170,20,1,Tarjeta,0
5195,2025-02-16 03:00:00,287,105,2,Bizum,5
5196,2025-08-25 17:00:00,431,120,1,Efectivo,0
5197,2025-09-06 06:00:00,317,120,2,Bizum,10
5198,2025-12-17 09:00:00,324,32,2,Tarjeta,5
5199,2025-07-15 17:00:00,332,34,1,Tarjeta,5
5200,2025-05-18 03:00:00,103,24,2,Tarjeta,0
5201,2025-06-30 10:00:00,168,52,2,Cheque regalo,10
5202,2025-01-12 11:00:00,462,53,4,Tarjeta,20
5203,2025-02-05 11:00:00,393,118,2,Tarjeta,0
5204,2025-06-29 14:00:00,22,104,2,Bizum,0
5205,2025-09-03 11:00:00,328,103,2,Bizum,0
5206,2025-12-14 09:00:00,257,28,2,Efectivo,0
5207,2025-02-25 19:00:00,11,118,2,Tarjeta,0
5208,2025-12-08 17:00:00,435,23,2,Tarjeta,0
5209,2025-07-28 10:00:00,457,136,1,Tarjeta,0
5210,2025-04-28 16:00:00,446,131,3,Tarjeta,0
5211,2025-09-27 16:00:00,493,20,3,Tarjeta,15
5212,2025-11-18 07:00:00,259,58,4,Tarjeta,10
5213,2025-04-16 13:00:00,129,111,1,Tarjeta,5
5214,2025-03-16 21:00:00,224,27,2,Cheque regalo,5
5215,2025-04-15 22:00:00,85,139,4,Efectivo,0
5216,2025-10-26 01:00:00,7,86,2,Tarjeta,15
5217,2025-08-09 07:00:00,112,2,3,Tarjeta,0
5218,2025-11-20 22:00:00,71,50,2,Efectivo,10
5219,2025-02-25 22:00:00,422,138,2,Bizum,5
5220,2025-05-08 01:00:00,268,65,3,Tarjeta,15
5221,2025-03-22 17:00:00,437,144,1,Tarjeta,5
5222,2025-01-27 15:00:00,145,137,2,Tarjeta,15
5223,2025-10-15 00:00:00,336,88,2,Efectivo,0
5224,2025-07-14 15:00:00,194,71,3,Tarjeta,15
5225,2025-08-17 22:00:00,279,1,2,Efectivo,0
5226,2025-02-17 04:00:00,129,44,2,Tarjeta,0
5227,2025-12-10 22:00:00,344,80,4,Efectivo,0
5228,2025-01-22 15:00:00,465,59,1,Bizum,0
5229,2025-12-19 23:00:00,424,12,2,Tarjeta,5
5230,2025-12-11 10:00:00,163,37,2,Tarjeta,0
5231,2025-07-27 23:00:00,240,49,2,Tarjeta,10
5232,2025-01-05 06:00:00,423,29,1,Tarjeta,10
5233,2025-01-04 10:00:00,253,63,4,Efectivo,20
5234,2025-06-02 20:00:00,336,79,2,Efectivo,0
5235,2025-04-10 22:00:00,280,35,2,Bizum,0
5236,2025-07-29 13:00:00,424,2,3,Efectivo,0
5237,2025-04-20 01:00:00,209,66,1,Cheque regalo,15
5238,2025-11-06 16:00:00,307,103,3,Tarjeta,0
5239,2025-03-08 23:00:00,319,44,5,Tarjeta,0
5240,2025-02-02 00:00:00,369,84,1,Tarjeta,5
5241,2025-03-09 01:00:00,33,45,2,Tarjeta,5
5242,2025-04-01 20:00:00,38,60,1,Cheque regalo,0
5243,2025-08-23 13:00:00,278,103,3,Efectivo,0
5244,2025-08-11 08:00:00,291,55,1,Tarjeta,0
5245,2025-12-11 06:00:00,245,116,2,Tarjeta,5
5246,2025-09-12 09:00:00,355,76,2,Tarjeta,15
5247,2025-11-24 09:00:00,266,20,2,Efectivo,5
5248,2025-11-26 16:00:00,194,147,1,Tarjeta,5
5249,2025-05-19 09:00:00,9,64,2,Tarjeta,0
5250,2025-06-07 17:00:00,373,42,2,Tarjeta,0
5251,2025-03-30 11:00:00,60,22,1,Tarjeta,0
5252,2025-05-06 07:00:00,11,51,1,Tarjeta,0
5253,2025-11-27 03:00:00,298,118,2,Tarjeta,0
5254,2025-06-06 13:00:00,50,108,3,Tarjeta,5
5255,2025-03-08 18:00:00,130,84,3,Cheque regalo,20
5256,2025-01-16 17:00:00,173,51,1,Tarjeta,0
5257,2025-03-19 15:00:00,146,75,3,Tarjeta,0
5258,2025-11-05 18:00:00,335,24,2,Bizum,0
5259,2025-11-22 17:00:00,210,31,3,Efectivo,0
5260,2025-03-09 12:00:00,289,12,3,Tarjeta,0
5261,2025-10-11 21:00:00,209,136,2,Tarjeta,5
5262,2025-12-19 02:00:00,203,42,4,Bizum,0
5263,2025-12-03 02:00:00,96,52,1,Tarjeta,0
5264,2025-12-06 16:00:00,371,50,2,Tarjeta,5
5265,2025-11-15 23:00:00,57,35,2,Tarjeta,0
5266,2025-09-08 16:00:00,149,16,1,Tarjeta,5
5267,2025-11-04 07:00:00,80,150,3,Tarjeta,10
5268,2025-03-01 11:00:00,27,96,2,Tarjeta,15
5269,2025-10-24 18:00:00,256,150,4,Tarjeta,5
5270,2025-04-17 17:00:00,77,69,3,Bizum,5
5271,2025-06-17 12:00:00,5,65,1,Bizum,10
5272,2025-12-13 00:00:00,1,59,5,Tarjeta,15
5273,2025-01-06 23:00:00,45,150,2,Bizum,5
5274,2025-12-05 04:00:00,313,30,3,Cheque regalo,0
5275,2025-05-03 16:00:00,138,127,3,Tarjeta,0
5276,2025-10-01 14:00:00,401,13,2,Bizum,5
5277,2025-09-25 06:00:00,364,119,2,Bizum,5
5278,2025-07-05 02:00:00,148,19,4,Bizum,0
5279,2025-05-15 01:00:00,357,41,3,Bizum,5
5280,2025-10-14 10:00:00,102,71,3,Tarjeta,0
5281,2025-05-18 17:00:00,139,50,1,Tarjeta,0
5282,2025-07-05 19:00:00,388,92,4,Tarjeta,5
5283,2025-09-12 13:00:00,202,20,2,Tarjeta,5
5284,2025-03-18 09:00:00,33,141,2,Tarjeta,0
5285,2025-07-28 17:00:00,461,47,1,Tarjeta,5
5286,2025-10-25 04:00:00,199,117,2,Bizum,0
5287,2025-12-18 23:00:00,240,39,1,Tarjeta,10
5288,2025-05-31 11:00:00,334,57,3,Tarjeta,0
5289,2025-03-01 00:00:00,26,91,3,Tarjeta,5
5290,2025-06-23 06:00:00,428,133,2,Efectivo,0
5291,2025-08-19 21:00:00,212,90,1,Tarjeta,0
5292,2025-11-30 20:00:00,4,67,2,Cheque regalo,0
5293,2025-12-23 14:00:00,23,72,3,Bizum,0
5294,2025-07-05 19:00:00,325,83,4,Tarjeta,0
5295,2025-08-27 13:00:00,69,119,2,Tarjeta,10
5296,2025-05-29 01:00:00,125,24,1,Efectivo,0
5297,2025-01-07 06:00:00,454,60,3,Bizum,15
5298,2025-11-05 08:00:00,82,106,2,Bizum,0
5299,2025-10-14 10:00:00,385,16,1,Bizum,15
5300,2025-03-07 15:00:00,118,8,1,Tarjeta,20
5301,2025-06-01 08:00:00,223,146,1,Tarjeta,0
5302,2025-09-07 03:00:00,330,129,1,Tarjeta,20
5303,2025-04-10 08:00:00,172,10,2,Tarjeta,0
5304,2025-11-27 16:00:00,372,92,3,Tarjeta,0
5305,2025-06-24 17:00:00,67,37,1,Tarjeta,0
5306,2025-11-24 20:00:00,133,66,2,Tarjeta,20
5307,2025-12-03 21:00:00,331,129,2,Tarjeta,0
5308,2025-05-12 16:00:00,312,146,1,Tarjeta,0
5309,2025-09-22 20:00:00,436,70,1,Bizum,10
5310,2025-03-22 08:00:00,294,45,1,Bizum,0
5311,2025-03-20 02:00:00,33,132,1,Efectivo,0
5312,2025-04-12 13:00:00,329,46,4,Bizum,0
5313,2025-02-03 17:00:00,185,3,2,Tarjeta,5
5314,2025-01-05 17:00:00,264,139,1,Bizum,15
5315,2025-07-13 08:00:00,381,17,2,Tarjeta,0
5316,2025-11-29 06:00:00,416,103,3,Tarjeta,0
5317,2025-08-31 22:00:00,165,87,3,Tarjeta,0
5318,2025-08-23 05:00:00,209,119,1,Bizum,5
5319,2025-01-08 06:00:00,498,113,3,Efectivo,15
5320,2025-11-18 03:00:00,286,50,2,Tarjeta,0
5321,2025-10-30 00:00:00,169,125,1,Tarjeta,0
5322,2025-12-01 05:00:00,312,122,1,Cheque regalo,10
5323,2025-01-06 13:00:00,172,136,1,Bizum,0
5324,2025-05-02 07:00:00,240,39,2,Efectivo,0
5325,2025-01-11 04:00:00,38,147,2,Tarjeta,20
5326,2025-12-27 01:00:00,252,19,3,Cheque regalo,10
5327,2025-06-02 17:00:00,327,76,1,Tarjeta,5
5328,2025-05-13 23:00:00,476,143,3,Tarjeta,0
5329,2025-03-22 21:00:00,421,20,3,Tarjeta,0
5330,2025-04-12 01:00:00,121,69,1,Tarjeta,0
5331,2025-06-17 18:00:00,458,89,1,Tarjeta,0
5332,2025-07-09 05:00:00,333,7,1,Cheque regalo,0
5333,2025-05-27 18:00:00,348,81,1,Tarjeta,5
5334,2025-02-07 17:00:00,381,30,3,Efectivo,0
5335,2025-08-13 11:00:00,420,81,5,Efectivo,15
5336,2025-09-24 01:00:00,316,108,4,Bizum,10
5337,2025-06-17 10:00:00,94,40,1,Tarjeta,5
5338,2025-12-09 06:00:00,370,113,1,Tarjeta,20
5339,2025-02-17 15:00:00,315,1,2,Bizum,0
5340,2025-09-10 19:00:00,254,69,1,Tarjeta,0
5341,2025-07-30 08:00:00,101,100,1,Tarjeta,0
5342,2025-06-22 17:00:00,392,50,1,Tarjeta,0
5343,2025-08-14 05:00:00,102,80,4,Tarjeta,0
5344,2025-07-01 06:00:00,91,56,2,Tarjeta,5
5345,2025-11-16 15:00:00,63,145,3,Bizum,0
5346,2025-03-30 08:00:00,260,55,1,Tarjeta,5
5347,2025-06-10 03:00:00,497,89,3,Bizum,0
5348,2025-08-17 15:00:00,336,131,1,Tarjeta,5
5349,2025-08-20 12:00:00,348,118,3,Tarjeta,0
5350,2025-01-30 03:00:00,471,91,1,Efectivo,0
5351,2025-11-08 10:00:00,216,12,3,Tarjeta,5
5352,2025-12-19 05:00:00,245,68,3,Tarjeta,0
5353,2025-07-30 23:00:00,291,89,2,Cheque regalo,0
5354,2025-08-21 10:00:00,314,63,3,Tarjeta,0
5355,2025-01-30 22:00:00,487,29,2,Bizum,10
5356,2025-10-11 06:00:00,147,77,2,Bizum,0
5357,2025-02-01 00:00:00,284,114,2,Tarjeta,5
5358,2025-12-28 13:00:00,186,119,1,Tarjeta,0
5359,2025-09-30 09:00:00,169,132,2,Bizum,0
5360,2025-02-24 19:00:00,44,33,3,Bizum,10
5361,2025-11-19 19:00:00,295,50,2,Tarjeta,0
5362,2025-04-21 08:00:00,495,14,1,Tarjeta,20
5363,2025-06-21 16:00:00,449,48,5,Tarjeta,0
5364,2025-09-09 08:00:00,458,4,3,Bizum,10
5365,2025-08-24 13:00:00,102,145,2,Tarjeta,0
5366,2025-04-29 12:00:00,346,118,1,Tarjeta,5
5367,2025-11-11 13:00:00,362,149,3,Bizum,10
5368,2025-04-10 16:00:00,354,146,1,Bizum,5
5369,2025-05-11 13:00:00,149,67,2,Tarjeta,5
5370,2025-03-01 02:00:00,50,8,4,Tarjeta,0
5371,2025-10-06 03:00:00,461,136,1,Tarjeta,0
5372,2025-08-05 16:00:00,373,26,3,Tarjeta,0
5373,2025-02-03 22:00:00,484,135,3,Tarjeta,0
5374,2025-06-22 03:00:00,300,66,1,Bizum,15
5375,2025-07-26 07:00:00,89,100,3,Tarjeta,10
5376,2025-03-10 21:00:00,49,122,1,Bizum,0
5377,2025-02-03 23:00:00,279,3,3,Bizum,0
5378,2025-01-24 02:00:00,203,80,4,Tarjeta,0
5379,2025-04-07 00:00:00,363,63,2,Tarjeta,5
5380,2025-03-17 17:00:00,110,126,4,Tarjeta,0
5381,2025-02-01 06:00:00,488,63,2,Tarjeta,5
5382,2025-04-29 18:00:00,202,87,2,Tarjeta,15
5383,2025-07-17 12:00:00,200,98,1,Bizum,15
5384,2025-10-18 09:00:00,31,114,4,Tarjeta,0
5385,2025-01-29 01:00:00,243,86,1,Tarjeta,5
5386,2025-08-17 15:00:00,27,113,3,Tarjeta,20
5387,2025-03-15 18:00:00,210,71,3,Tarjeta,15
5388,2025-09-04 10:00:00,243,54,1,Efectivo,0
5389,2025-08-22 23:00:00,442,149,1,Tarjeta,0
5390,2025-10-10 09:00:00,222,75,1,Tarjeta,5
5391,2025-11-06 10:00:00,286,126,2,Efectivo,0
5392,2025-09-24 21:00:00,41,141,2,Tarjeta,15
5393,2025-11-19 23:00:00,149,4,2,Tarjeta,10
5394,2025-12-14 08:00:00,73,51,1,Efectivo,15
5395,2025-11-20 21:00:00,152,150,2,Tarjeta,0
5396,2025-02-05 21:00:00,319,72,1,Tarjeta,15
5397,2025-12-26 18:00:00,195,130,1,Cheque regalo,0
5398,2025-10-23 09:00:00,340,24,2,Tarjeta,15
5399,2025-04-14 20:00:00,235,30,2,Bizum,5
5400,2025-10-15 17:00:00,131,142,2,Tarjeta,0
5401,2025-12-16 06:00:00,202,139,2,Tarjeta,5
5402,2025-10-04 04:00:00,451,140,1,Efectivo,0
5403,2025-06-22 12:00:00,165,29,2,Tarjeta,0
5404,2025-01-26 03:00:00,394,66,1,Efectivo,0
5405,2025-04-26 15:00:00,431,43,2,Tarjeta,5
5406,2025-05-02 04:00:00,363,72,3,Tarjeta,5
5407,2025-04-05 20:00:00,232,24,3,Tarjeta,0
5408,2025-06-01 10:00:00,208,43,2,Tarjeta,0
5409,2025-08-12 00:00:00,313,87,2,Efectivo,15
5410,2025-01-13 02:00:00,458,95,1,Bizum,0
5411,2025-08-04 10:00:00,216,7,2,Tarjeta,5
5412,2025-01-20 05:00:00,81,30,4,Bizum,0
5413,2025-05-17 04:00:00,494,117,2,Tarjeta,0
5414,2025-07-24 02:00:00,459,105,1,Tarjeta,0
5415,2025-11-18 19:00:00,355,80,1,Bizum,0
5416,2025-09-08 01:00:00,408,63,3,Tarjeta,0
5417,2025-05-09 02:00:00,425,24,3,Tarjeta,15
5418,2025-12-11 22:00:00,4,25,2,Tarjeta,0
5419,2025-12-29 23:00:00,343,111,2,Tarjeta,0
5420,2025-05-25 19:00:00,339,91,2,Tarjeta,0
5421,2025-07-21 02:00:00,212,67,1,Tarjeta,0
5422,2025-09-23 17:00:00,37,81,2,Cheque regalo,5
5423,2025-05-04 07:00:00,384,150,1,Tarjeta,5
5424,2025-08-24 23:00:00,475,77,4,Tarjeta,0
5425,2025-06-26 10:00:00,458,79,1,Tarjeta,5
5426,2025-04-21 00:00:00,327,48,1,Tarjeta,5
5427,2025-11-30 07:00:00,499,91,2,Bizum,5
5428,2025-06-09 23:00:00,39,15,1,Efectivo,0
5429,2025-04-24 22:00:00,343,117,4,Tarjeta,5
5430,2025-07-06 18:00:00,101,81,4,Tarjeta,20
5431,2025-01-26 00:00:00,461,25,1,Bizum,0
5432,2025-03-05 15:00:00,299,85,3,Efectivo,0
5433,2025-03-19 21:00:00,50,76,2,Tarjeta,0
5434,2025-03-06 23:00:00,305,73,2,Tarjeta,0
5435,2025-10-22 22:00:00,145,103,1,Efectivo,5
5436,2025-08-25 14:00:00,487,145,4,Efectivo,0
5437,2025-10-18 19:00:00,377,97,2,Tarjeta,0
5438,2025-06-25 01:00:00,84,99,4,Bizum,10
5439,2025-04-18 22:00:00,431,23,2,Bizum,0
5440,2025-06-19 21:00:00,16,35,2,Efectivo,0
5441,2025-12-24 15:00:00,431,21,2,Tarjeta,0
5442,2025-04-05 16:00:00,427,96,3,Tarjeta,0
5443,2025-04-10 16:00:00,316,99,1,Tarjeta,0
5444,2025-01-14 16:00:00,189,130,1,Tarjeta,0
5445,2025-03-02 11:00:00,432,24,3,Tarjeta,10
5446,2025-11-30 15:00:00,431,145,3,Tarjeta,0
5447,2025-09-14 08:00:00,55,16,1,Tarjeta,0
5448,2025-01-03 07:00:00,22,23,1,Tarjeta,0
5449,2025-02-19 17:00:00,183,121,1,Bizum,10
5450,2025-12-28 02:00:00,133,43,1,Tarjeta,5
5451,2025-12-19 14:00:00,347,17,3,Bizum,0
5452,2025-07-05 17:00:00,28,68,5,Tarjeta,0
5453,2025-06-30 13:00:00,230,91,2,Cheque regalo,0
5454,2025-04-21 19:00:00,232,58,2,Bizum,5
5455,2025-02-11 05:00:00,455,1,2,Tarjeta,15
5456,2025-08-06 10:00:00,110,133,2,Tarjeta,5
5457,2025-04-27 05:00:00,338,6,1,Efectivo,10
5458,2025-10-15 12:00:00,100,65,2,Efectivo,0
5459,2025-06-21 16:00:00,235,93,4,Cheque regalo,15
5460,2025-04-18 20:00:00,282,56,1,Tarjeta,5
5461,2025-09-02 20:00:00,307,27,1,Efectivo,0
5462,2025-06-03 00:00:00,271,100,1,Efectivo,0
5463,2025-05-09 17:00:00,154,75,1,Bizum,0
5464,2025-06-04 03:00:00,133,85,2,Cheque regalo,0
5465,2025-07-22 07:00:00,316,131,2,Tarjeta,0
5466,2025-01-26 19:00:00,497,109,1,Tarjeta,5
5467,2025-05-29 05:00:00,77,128,1,Efectivo,15
5468,2025-08-28 01:00:00,258,106,1,Tarjeta,0
5469,2025-09-30 06:00:00,458,29,1,Tarjeta,0
5470,2025-02-05 21:00:00,425,71,2,Bizum,5
5471,2025-04-10 01:00:00,209,110,3,Bizum,5
5472,2025-03-10 18:00:00,389,101,2,Tarjeta,15
5473,2025-03-31 06:00:00,146,77,3,Tarjeta,10
5474,2025-01-02 08:00:00,4,57,2,Tarjeta,0
5475,2025-09-02 11:00:00,248,26,1,Bizum,0
5476,2025-07-02 15:00:00,101,141,2,Tarjeta,10
5477,2025-09-09 09:00:00,82,149,1,Efectivo,0
5478,2025-04-04 00:00:00,304,2,2,Tarjeta,0
5479,2025-07-23 20:00:00,201,91,3,Bizum,0
5480,2025-07-26 23:00:00,150,123,2,Bizum,0
5481,2025-04-20 22:00:00,467,69,1,Tarjeta,10
5482,2025-01-23 07:00:00,81,126,3,Tarjeta,0
5483,2025-10-28 18:00:00,43,147,1,Cheque regalo,20
5484,2025-12-26 11:00:00,35,123,1,Efectivo,0
5485,2025-09-09 17:00:00,430,15,1,Tarjeta,0
5486,2025-02-11 04:00:00,301,120,2,Tarjeta,0
5487,2025-12-31 21:00:00,307,146,4,Bizum,5
5488,2025-12-26 11:00:00,129,100,1,Tarjeta,10
5489,2025-11-29 05:00:00,182,77,4,Tarjeta,0
5490,2025-07-17 23:00:00,378,95,3,Tarjeta,0
5491,2025-02-01 23:00:00,196,103,5,Tarjeta,5
5492,2025-02-14 21:00:00,306,6,3,Efectivo,20
5493,2025-10-04 22:00:00,175,35,3,Bizum,10
5494,2025-07-18 21:00:00,488,31,4,Tarjeta,0
5495,2025-06-06 08:00:00,287,37,2,Tarjeta,10
5496,2025-04-01 23:00:00,107,148,2,Tarjeta,0
5497,2025-02-20 09:00:00,394,46,3,Bizum,0
5498,2025-08-08 08:00:00,458,65,2,Tarjeta,0
5499,2025-01-28 07:00:00,112,148,3,Tarjeta,0
5500,2025-09-29 16:00:00,72,34,1,Efectivo,0
5501,2025-01-14 03:00:00,356,80,2,Cheque regalo,0
5502,2025-08-02 11:00:00,457,85,2,Cheque regalo,0
5503,2025-03-02 16:00:00,99,128,1,Cheque regalo,20
5504,2025-02-22 10:00:00,381,139,2,Tarjeta,0
5505,2025-10-27 14:00:00,457,109,1,Efectivo,0
5506,2025-04-12 21:00:00,311,122,3,Tarjeta,5
5507,2025-04-19 03:00:00,348,148,4,Tarjeta,0
5508,2025-06-03 20:00:00,238,37,2,Efectivo,5
5509,2025-12-10 20:00:00,112,56,2,Tarjeta,5
5510,2025-01-17 05:00:00,498,14,3,Tarjeta,0
5511,2025-01-29 23:00:00,286,3,2,Tarjeta,0
5512,2025-04-25 07:00:00,172,43,2,Bizum,0
5513,2025-06-11 04:00:00,168,99,2,Tarjeta,0
5514,2025-10-28 00:00:00,118,94,2,Tarjeta,15
5515,2025-10-18 00:00:00,199,121,3,Tarjeta,0
5516,2025-11-13 00:00:00,460,81,1,Tarjeta,0
5517,2025-09-29 16:00:00,240,3,3,Tarjeta,10
5518,2025-09-24 16:00:00,50,63,2,Cheque regalo,0
5519,2025-06-30 08:00:00,201,146,1,Tarjeta,0
5520,2025-10-23 22:00:00,373,34,2,Tarjeta,0
5521,2025-04-02 02:00:00,58,69,2,Efectivo,0
5522,2025-08-03 02:00:00,51,49,1,Tarjeta,0
5523,2025-05-23 22:00:00,216,115,2,Tarjeta,0
5524,2025-11-20 13:00:00,353,95,2,Tarjeta,0
5525,2025-08-08 01:00:00,448,37,1,Tarjeta,0
5526,2025-08-19 03:00:00,209,143,3,Efectivo,5
5527,2025-06-29 19:00:00,300,56,1,Tarjeta,5
5528,2025-03-15 07:00:00,206,32,1,Tarjeta,0
5529,2025-02-16 19:00:00,120,110,2,Cheque regalo,0
5530,2025-04-07 01:00:00,245,143,2,Tarjeta,0
5531,2025-02-22 01:00:00,256,12,3,Tarjeta,5
5532,2025-08-17 00:00:00,146,70,3,Tarjeta,0
5533,2025-04-14 01:00:00,418,47,2,Tarjeta,0
5534,2025-12-20 03:00:00,61,119,1,Tarjeta,15
5535,2025-10-15 17:00:00,82,89,1,Bizum,5
5536,2025-09-09 01:00:00,371,92,4,Tarjeta,5
5537,2025-09-29 19:00:00,436,130,3,Tarjeta,0
5538,2025-01-08 17:00:00,301,89,3,Bizum,5
5539,2025-05-03 17:00:00,269,14,3,Tarjeta,10
5540,2025-04-30 05:00:00,150,150,2,Tarjeta,0
5541,2025-08-24 09:00:00,43,37,1,Bizum,0
5542,2025-01-12 19:00:00,410,122,1,Tarjeta,0
5543,2025-01-23 16:00:00,295,112,3,Efectivo,0
5544,2025-02-27 09:00:00,334,116,1,Tarjeta,10
5545,2025-04-23 11:00:00,112,106,2,Tarjeta,0
5546,2025-11-22 19:00:00,167,9,2,Bizum,0
5547,2025-08-22 22:00:00,493,113,1,Tarjeta,0
5548,2025-02-02 10:00:00,166,150,1,Tarjeta,0
5549,2025-06-20 23:00:00,111,149,2,Tarjeta,15
5550,2025-06-04 09:00:00,97,95,1,Tarjeta,15
5551,2025-11-20 13:00:00,118,56,1,Efectivo,0
5552,2025-08-22 02:00:00,209,22,2,Bizum,0
5553,2025-02-06 12:00:00,251,69,1,Tarjeta,0
5554,2025-12-02 12:00:00,382,71,1,Bizum,0
5555,2025-06-20 20:00:00,285,67,4,Tarjeta,0
5556,2025-11-19 16:00:00,488,134,4,Tarjeta,15
5557,2025-01-01 00:00:00,65,15,1,Tarjeta,0
5558,2025-11-26 09:00:00,266,117,4,Bizum,20
5559,2025-11-29 02:00:00,343,81,4,Tarjeta,0
5560,2025-06-20 23:00:00,154,29,2,Cheque regalo,0
5561,2025-05-21 07:00:00,237,28,2,Efectivo,0
5562,2025-01-13 21:00:00,471,95,1,Efectivo,0
5563,2025-01-23 17:00:00,375,52,3,Tarjeta,0
5564,2025-11-29 23:00:00,268,76,3,Tarjeta,15
5565,2025-03-16 14:00:00,375,115,2,Tarjeta,15
5566,2025-05-10 11:00:00,43,64,1,Tarjeta,0
5567,2025-10-23 10:00:00,274,132,3,Tarjeta,0
5568,2025-04-03 07:00:00,441,61,1,Bizum,0
5569,2025-11-06 13:00:00,146,64,2,Tarjeta,5
5570,2025-07-30 04:00:00,357,85,3,Bizum,20
5571,2025-03-04 00:00:00,16,68,1,Efectivo,0
5572,2025-11-22 17:00:00,372,97,2,Tarjeta,0
5573,2025-09-11 13:00:00,245,148,1,Bizum,0
5574,2025-12-25 19:00:00,382,131,1,Tarjeta,0
5575,2025-10-20 10:00:00,474,147,1,Tarjeta,0
5576,2025-10-24 09:00:00,110,89,4,Tarjeta,0
5577,2025-09-08 20:00:00,400,82,1,Tarjeta,0
5578,2025-03-14 07:00:00,485,144,2,Tarjeta,5
5579,2025-01-13 16:00:00,168,30,1,Tarjeta,0
5580,2025-10-11 21:00:00,422,29,3,Tarjeta,0
5581,2025-03-22 04:00:00,32,86,2,Bizum,5
5582,2025-01-12 07:00:00,206,150,3,Bizum,15
5583,2025-11-12 04:00:00,172,108,2,Tarjeta,0
5584,2025-04-01 13:00:00,33,97,3,Cheque regalo,10
5585,2025-06-05 04:00:00,40,12,2,Tarjeta,10
5586,2025-08-08 06:00:00,32,94,5,Tarjeta,10
5587,2025-06-26 18:00:00,437,8,1,Tarjeta,5
5588,2025-03-09 09:00:00,93,93,4,Tarjeta,0
5589,2025-11-04 07:00:00,153,106,3,Tarjeta,0
5590,2025-04-08 12:00:00,84,82,2,Efectivo,0
5591,2025-06-25 10:00:00,476,145,1,Cheque regalo,0
5592,2025-08-24 03:00:00,39,8,3,Tarjeta,0
5593,2025-08-16 13:00:00,340,104,3,Tarjeta,0
5594,2025-01-25 19:00:00,210,62,2,Tarjeta,0
5595,2025-04-30 13:00:00,207,118,2,Efectivo,0
5596,2025-05-02 13:00:00,478,40,3,Tarjeta,10
5597,2025-03-14 13:00:00,260,94,1,Bizum,10
5598,2025-09-19 14:00:00,133,10,3,Tarjeta,5
5599,2025-11-15 23:00:00,344,118,4,Tarjeta,0
5600,2025-01-26 18:00:00,199,13,2,Tarjeta,0
5601,2025-12-29 11:00:00,360,75,2,Tarjeta,15
5602,2025-02-08 13:00:00,206,82,2,Bizum,0
5603,2025-07-09 06:00:00,476,101,1,Tarjeta,0
5604,2025-10-28 21:00:00,120,37,3,Tarjeta,0
5605,2025-11-27 23:00:00,260,135,2,Tarjeta,0
5606,2025-05-10 14:00:00,485,138,2,Efectivo,0
5607,2025-08-12 23:00:00,139,139,1,Tarjeta,10
5608,2025-11-29 15:00:00,187,104,4,Tarjeta,5
5609,2025-12-23 10:00:00,296,36,2,Tarjeta,5
5610,2025-03-28 11:00:00,286,5,4,Tarjeta,0
5611,2025-07-05 18:00:00,444,89,2,Efectivo,5
5612,2025-05-17 04:00:00,370,144,2,Tarjeta,0
5613,2025-08-26 09:00:00,103,113,2,Bizum,5
5614,2025-08-01 04:00:00,300,3,4,Tarjeta,10
5615,2025-07-03 08:00:00,415,53,2,Bizum,0
5616,2025-01-28 13:00:00,169,66,3,Bizum,0
5617,2025-08-24 07:00:00,209,14,1,Tarjeta,15
5618,2025-12-25 08:00:00,383,116,2,Tarjeta,0
5619,2025-01-28 02:00:00,484,69,1,Bizum,10
5620,2025-12-29 16:00:00,271,127,2,Tarjeta,5
5621,2025-04-12 08:00:00,190,102,1,Tarjeta,0
5622,2025-04-10 03:00:00,158,3,1,Tarjeta,0
5623,2025-11-21 14:00:00,373,104,3,Efectivo,5
5624,2025-01-11 23:00:00,223,34,2,Tarjeta,5
5625,2025-01-19 03:00:00,359,45,2,Tarjeta,0
5626,2025-03-17 22:00:00,161,146,3,Tarjeta,0
5627,2025-07-26 02:00:00,284,58,2,Tarjeta,20
5628,2025-06-08 23:00:00,290,69,3,Tarjeta,10
5629,2025-05-30 00:00:00,58,13,4,Tarjeta,0
5630,2025-06-19 02:00:00,69,16,3,Bizum,5
5631,2025-06-13 08:00:00,373,86,3,Tarjeta,0
5632,2025-08-18 13:00:00,399,120,2,Tarjeta,5
5633,2025-07-22 19:00:00,135,146,4,Tarjeta,0
5634,2025-08-22 08:00:00,207,93,3,Tarjeta,0
5635,2025-08-01 09:00:00,49,65,1,Tarjeta,0
5636,2025-07-09 03:00:00,303,71,2,Tarjeta,0
5637,2025-01-31 00:00:00,36,21,4,Efectivo,5
5638,2025-07-22 16:00:00,96,16,2,Tarjeta,5
5639,2025-01-16 15:00:00,24,139,1,Efectivo,5
5640,2025-09-14 18:00:00,170,120,4,Efectivo,0
5641,2025-09-14 11:00:00,323,139,3,Tarjeta,10
5642,2025-01-30 14:00:00,92,23,1,Bizum,0
5643,2025-09-25 12:00:00,237,68,2,Tarjeta,0
5644,2025-01-10 13:00:00,385,138,2,Tarjeta,0
5645,2025-10-17 21:00:00,408,99,2,Efectivo,0
5646,2025-01-01 03:00:00,497,111,1,Tarjeta,0
5647,2025-05-12 05:00:00,481,8,1,Tarjeta,0
5648,2025-11-08 09:00:00,431,79,4,Tarjeta,15
5649,2025-02-26 08:00:00,4,119,3,Efectivo,0
5650,2025-06-28 19:00:00,31,114,2,Efectivo,0
5651,2025-02-02 10:00:00,57,56,2,Efectivo,5
5652,2025-03-22 23:00:00,275,58,2,Tarjeta,0
5653,2025-12-12 15:00:00,40,29,3,Tarjeta,0
5654,2025-01-25 04:00:00,434,77,3,Tarjeta,5
5655,2025-06-11 11:00:00,213,101,2,Bizum,0
5656,2025-09-28 12:00:00,435,74,3,Tarjeta,0
5657,2025-05-26 23:00:00,183,142,2,Tarjeta,5
5658,2025-12-11 13:00:00,41,130,3,Bizum,0
5659,2025-03-12 19:00:00,370,130,2,Efectivo,0
5660,2025-03-03 18:00:00,23,112,1,Bizum,0
5661,2025-06-13 13:00:00,434,97,2,Tarjeta,0
5662,2025-11-21 01:00:00,223,25,3,Bizum,0
5663,2025-09-30 16:00:00,279,98,3,Tarjeta,0
5664,2025-09-28 20:00:00,471,149,1,Tarjeta,0
5665,2025-06-09 05:00:00,295,80,2,Tarjeta,0
5666,2025-01-30 06:00:00,439,15,3,Bizum,5
5667,2025-05-28 13:00:00,342,89,4,Tarjeta,15
5668,2025-10-06 11:00:00,401,96,3,Efectivo,0
5669,2025-09-21 08:00:00,26,21,2,Bizum,10
5670,2025-01-20 16:00:00,226,127,3,Tarjeta,0
5671,2025-03-28 23:00:00,287,136,2,Cheque regalo,0
5672,2025-12-30 18:00:00,464,61,3,Tarjeta,0
5673,2025-05-21 14:00:00,364,27,2,Tarjeta,0
5674,2025-01-28 17:00:00,325,119,2,Efectivo,0
5675,2025-05-02 21:00:00,331,140,4,Tarjeta,0
5676,2025-07-06 22:00:00,233,57,1,Cheque regalo,10
5677,2025-09-04 06:00:00,142,116,2,Tarjeta,10
5678,2025-07-23 01:00:00,240,119,2,Bizum,5
5679,2025-09-01 04:00:00,422,55,1,Efectivo,0
5680,2025-11-11 18:00:00,144,133,4,Bizum,10
5681,2025-11-15 01:00:00,430,47,2,Tarjeta,0
5682,2025-05-24 12:00:00,318,140,5,Tarjeta,0
5683,2025-02-04 05:00:00,407,125,4,Tarjeta,0
5684,2025-10-04 07:00:00,480,21,3,Bizum,0
5685,2025-01-25 16:00:00,288,85,3,Bizum,0
5686,2025-08-02 21:00:00,61,14,4,Tarjeta,0
5687,2025-03-21 07:00:00,378,18,2,Tarjeta,15
5688,2025-03-19 13:00:00,427,62,2,Bizum,0
5689,2025-10-19 07:00:00,282,70,2,Tarjeta,0
5690,2025-12-18 14:00:00,381,142,6,Tarjeta,0
5691,2025-02-25 13:00:00,241,16,3,Tarjeta,10
5692,2025-03-28 20:00:00,105,68,4,Efectivo,10
5693,2025-05-23 18:00:00,301,102,2,Bizum,0
5694,2025-04-21 07:00:00,133,71,1,Tarjeta,15
5695,2025-09-02 21:00:00,466,127,1,Tarjeta,0
5696,2025-01-01 05:00:00,53,138,1,Tarjeta,0
5697,2025-04-24 21:00:00,220,1,2,Efectivo,0
5698,2025-09-01 20:00:00,172,140,3,Tarjeta,0
5699,2025-10-29 02:00:00,455,93,1,Tarjeta,10
5700,2025-01-29 03:00:00,203,41,2,Bizum,15
5701,2025-06-26 03:00:00,170,130,2,Cheque regalo,20
5702,2025-08-25 02:00:00,203,9,1,Tarjeta,0
5703,2025-04-28 15:00:00,69,43,1,Tarjeta,0
5704,2025-04-07 22:00:00,186,135,1,Tarjeta,5
5705,2025-09-11 01:00:00,40,74,2,Tarjeta,0
5706,2025-11-14 00:00:00,264,36,2,Bizum,0
5707,2025-01-19 11:00:00,266,94,3,Tarjeta,0
5708,2025-12-27 19:00:00,33,21,3,Tarjeta,10
5709,2025-07-05 22:00:00,398,27,4,Tarjeta,0
5710,2025-12-18 22:00:00,434,108,3,Tarjeta,15
5711,2025-04-16 13:00:00,264,89,1,Tarjeta,5
5712,2025-06-18 08:00:00,173,53,2,Bizum,0
5713,2025-12-04 18:00:00,118,42,1,Tarjeta,0
5714,2025-07-18 18:00:00,37,139,2,Bizum,5
5715,2025-05-10 18:00:00,175,11,3,Bizum,5
5716,2025-10-09 15:00:00,17,68,4,Tarjeta,0
5717,2025-05-06 12:00:00,141,86,1,Tarjeta,5
5718,2025-09-16 22:00:00,460,94,1,Bizum,0
5719,2025-02-25 12:00:00,408,127,2,Tarjeta,0
5720,2025-02-26 16:00:00,60,6,2,Tarjeta,0
5721,2025-08-04 14:00:00,144,53,1,Bizum,0
5722,2025-10-23 00:00:00,311,74,1,Tarjeta,10
5723,2025-03-13 21:00:00,39,106,1,Efectivo,0
5724,2025-12-07 13:00:00,394,104,2,Tarjeta,0
5725,2025-02-07 13:00:00,361,38,4,Tarjeta,0
5726,2025-08-28 13:00:00,146,23,3,Tarjeta,0
5727,2025-11-26 12:00:00,277,89,1,Tarjeta,20
5728,2025-01-21 19:00:00,290,65,1,Tarjeta,20
5729,2025-07-11 06:00:00,430,141,2,Tarjeta,0
5730,2025-07-16 11:00:00,221,117,2,Tarjeta,0
5731,2025-08-15 13:00:00,240,28,4,Tarjeta,0
5732,2025-05-26 09:00:00,328,115,3,Tarjeta,0
5733,2025-05-03 04:00:00,109,128,3,Efectivo,0
5734,2025-07-27 01:00:00,300,138,2,Tarjeta,20
5735,2025-07-22 07:00:00,264,50,2,Tarjeta,15
5736,2025-11-29 15:00:00,235,48,2,Tarjeta,0
5737,2025-08-08 01:00:00,71,130,2,Tarjeta,10
5738,2025-09-27 06:00:00,494,92,1,Tarjeta,0
5739,2025-02-16 03:00:00,97,15,3,Bizum,10
5740,2025-10-22 17:00:00,319,17,2,Bizum,0
5741,2025-04-01 13:00:00,249,83,2,Efectivo,0
5742,2025-05-24 10:00:00,263,113,1,Tarjeta,0
5743,2025-12-06 05:00:00,167,115,4,Tarjeta,0
5744,2025-11-27 12:00:00,37,99,1,Tarjeta,5
5745,2025-07-02 11:00:00,326,139,1,Tarjeta,0
5746,2025-11-12 11:00:00,324,130,2,Tarjeta,0
5747,2025-09-06 15:00:00,355,31,4,Tarjeta,0
5748,2025-04-14 13:00:00,207,136,1,Tarjeta,0
5749,2025-12-13 23:00:00,351,46,4,Bizum,10
5750,2025-11-19 16:00:00,459,21,3,Tarjeta,15
5751,2025-10-12 14:00:00,488,136,2,Bizum,5
5752,2025-06-25 15:00:00,369,84,4,Tarjeta,5
5753,2025-09-02 07:00:00,482,70,2,Efectivo,0
5754,2025-01-25 18:00:00,361,112,3,Tarjeta,5
5755,2025-07-12 23:00:00,226,67,2,Efectivo,20
5756,2025-07-22 02:00:00,354,145,2,Efectivo,0
5757,2025-04-29 11:00:00,235,44,3,Tarjeta,15
5758,2025-01-28 01:00:00,154,88,1,Tarjeta,0
5759,2025-06-10 22:00:00,49,149,2,Tarjeta,0
5760,2025-08-14 23:00:00,434,17,1,Tarjeta,0
5761,2025-09-12 06:00:00,72,44,2,Tarjeta,0
5762,2025-03-31 22:00:00,84,7,1,Tarjeta,5
5763,2025-11-10 06:00:00,483,55,4,Tarjeta,0
5764,2025-07-03 23:00:00,281,12,4,Cheque regalo,0
5765,2025-03-04 21:00:00,389,110,3,Bizum,0
5766,2025-07-15 03:00:00,239,133,2,Tarjeta,0
5767,2025-10-14 15:00:00,65,40,3,Tarjeta,0
5768,2025-05-09 04:00:00,17,127,2,Tarjeta,0
5769,2025-11-21 09:00:00,176,29,2,Tarjeta,0
5770,2025-08-18 19:00:00,358,114,3,Tarjeta,0
5771,2025-06-25 03:00:00,247,31,1,Tarjeta,0
5772,2025-02-19 22:00:00,379,110,3,Tarjeta,0
5773,2025-05-08 10:00:00,385,91,2,Tarjeta,5
5774,2025-06-20 20:00:00,389,64,3,Tarjeta,10
5775,2025-07-05 20:00:00,110,93,2,Tarjeta,0
5776,2025-07-01 00:00:00,122,133,1,Tarjeta,10
5777,2025-09-17 22:00:00,357,83,1,Tarjeta,5
5778,2025-03-31 03:00:00,423,33,2,Tarjeta,0
5779,2025-03-08 07:00:00,260,126,4,Cheque regalo,0
5780,2025-12-18 06:00:00,425,64,2,Efectivo,5
5781,2025-04-07 00:00:00,144,37,1,Tarjeta,0
5782,2025-11-17 21:00:00,47,63,1,Tarjeta,0
5783,2025-02-26 09:00:00,238,3,2,Tarjeta,0
5784,2025-09-08 17:00:00,112,117,1,Tarjeta,0
5785,2025-04-17 18:00:00,392,67,1,Bizum,15
5786,2025-11-06 23:00:00,28,104,2,Tarjeta,0
5787,2025-05-18 19:00:00,105,150,2,Tarjeta,0
5788,2025-05-29 14:00:00,237,99,1,Tarjeta,20
5789,2025-06-17 02:00:00,203,149,2,Bizum,0
5790,2025-04-05 10:00:00,276,119,4,Tarjeta,15
5791,2025-06-06 23:00:00,430,95,3,Tarjeta,10
5792,2025-06-22 18:00:00,471,50,3,Efectivo,0
5793,2025-06-22 03:00:00,456,113,3,Tarjeta,0
5794,2025-02-28 23:00:00,158,48,1,Tarjeta,0
5795,2025-02-16 20:00:00,445,3,1,Tarjeta,10
5796,2025-06-28 16:00:00,295,66,1,Tarjeta,0
5797,2025-06-19 19:00:00,234,37,1,Tarjeta,0
5798,2025-04-16 16:00:00,400,93,3,Tarjeta,0
5799,2025-05-01 15:00:00,61,96,3,Cheque regalo,0
5800,2025-10-04 20:00:00,94,139,3,Bizum,10
5801,2025-07-11 06:00:00,320,2,3,Bizum,0
5802,2025-03-10 16:00:00,202,146,1,Cheque regalo,0
5803,2025-10-16 05:00:00,124,102,1,Efectivo,0
5804,2025-07-29 23:00:00,376,26,2,Tarjeta,10
5805,2025-02-08 10:00:00,295,30,2,Tarjeta,5
5806,2025-03-21 03:00:00,147,124,2,Bizum,0
5807,2025-01-02 16:00:00,27,44,1,Bizum,0
5808,2025-04-18 10:00:00,421,128,3,Tarjeta,0
5809,2025-04-27 22:00:00,255,140,1,Efectivo,0
5810,2025-04-01 19:00:00,351,125,2,Tarjeta,0
5811,2025-03-16 05:00:00,16,38,3,Tarjeta,0
5812,2025-11-02 13:00:00,271,72,2,Efectivo,10
5813,2025-10-15 17:00:00,467,89,2,Tarjeta,0
5814,2025-09-28 02:00:00,358,76,1,Efectivo,0
5815,2025-10-11 21:00:00,120,102,3,Tarjeta,0
5816,2025-03-23 10:00:00,41,22,4,Tarjeta,0
5817,2025-03-04 07:00:00,180,97,1,Tarjeta,0
5818,2025-01-05 00:00:00,334,88,1,Tarjeta,0
5819,2025-08-03 03:00:00,305,19,3,Bizum,5
5820,2025-03-18 07:00:00,450,82,3,Tarjeta,0
5821,2025-04-01 13:00:00,219,119,4,Bizum,5
5822,2025-07-23 23:00:00,325,7,2,Tarjeta,15
5823,2025-11-22 11:00:00,300,21,3,Bizum,5
5824,2025-02-24 08:00:00,423,33,1,Tarjeta,0
5825,2025-08-27 15:00:00,82,138,1,Bizum,0
5826,2025-03-27 13:00:00,203,54,1,Tarjeta,0
5827,2025-10-15 09:00:00,340,91,2,Tarjeta,5
5828,2025-01-22 13:00:00,223,149,1,Tarjeta,5
5829,2025-04-15 17:00:00,52,30,4,Efectivo,15
5830,2025-10-10 03:00:00,269,51,3,Efectivo,0
5831,2025-02-02 13:00:00,244,95,3,Bizum,20
5832,2025-09-26 06:00:00,33,1,2,Tarjeta,0
5833,2025-10-08 14:00:00,43,84,2,Tarjeta,0
5834,2025-01-10 10:00:00,298,119,5,Bizum,0
5835,2025-08-06 00:00:00,12,55,2,Bizum,0
5836,2025-10-22 07:00:00,434,129,1,Tarjeta,15
5837,2025-09-25 12:00:00,369,18,3,Tarjeta,0
5838,2025-01-11 02:00:00,5,106,2,Tarjeta,0
5839,2025-04-25 18:00:00,458,63,5,Bizum,0
5840,2025-05-24 00:00:00,176,13,3,Bizum,5
5841,2025-08-21 07:00:00,178,68,2,Tarjeta,0
5842,2025-01-26 05:00:00,401,145,2,Tarjeta,0
5843,2025-10-02 02:00:00,188,14,3,Tarjeta,0
5844,2025-08-05 08:00:00,348,32,1,Tarjeta,5
5845,2025-02-10 09:00:00,96,111,2,Tarjeta,0
5846,2025-03-01 18:00:00,110,14,3,Tarjeta,0
5847,2025-10-29 21:00:00,99,109,3,Tarjeta,5
5848,2025-09-11 05:00:00,287,35,3,Cheque regalo,0
5849,2025-03-10 07:00:00,491,1,2,Tarjeta,0
5850,2025-01-10 20:00:00,477,147,3,Efectivo,0
5851,2025-02-27 15:00:00,487,75,1,Tarjeta,0
5852,2025-08-14 19:00:00,68,73,1,Efectivo,0
5853,2025-04-10 10:00:00,38,13,2,Efectivo,0
5854,2025-12-07 12:00:00,494,107,1,Bizum,0
5855,2025-07-16 16:00:00,45,99,2,Tarjeta,10
5856,2025-01-12 17:00:00,425,119,1,Tarjeta,0
5857,2025-07-13 00:00:00,238,141,3,Efectivo,10
5858,2025-02-04 00:00:00,232,48,1,Tarjeta,0
5859,2025-04-14 17:00:00,9,108,3,Bizum,10
5860,2025-02-24 12:00:00,235,33,3,Bizum,5
5861,2025-06-16 09:00:00,343,21,2,Bizum,10
5862,2025-11-13 06:00:00,121,24,2,Bizum,0
5863,2025-08-03 21:00:00,304,62,1,Bizum,20
5864,2025-10-23 03:00:00,207,69,1,Tarjeta,0
5865,2025-09-15 04:00:00,257,46,2,Tarjeta,10
5866,2025-12-27 21:00:00,207,138,4,Tarjeta,10
5867,2025-09-29 16:00:00,370,5,3,Bizum,0
5868,2025-07-16 18:00:00,73,100,2,Efectivo,0
5869,2025-03-17 23:00:00,23,20,2,Tarjeta,20
5870,2025-10-16 09:00:00,41,145,3,Tarjeta,0
5871,2025-05-31 08:00:00,205,57,2,Tarjeta,0
5872,2025-10-01 14:00:00,291,124,2,Tarjeta,0
5873,2025-06-12 03:00:00,336,59,1,Bizum,0
5874,2025-07-26 12:00:00,200,78,4,Efectivo,5
5875,2025-04-11 21:00:00,286,97,4,Tarjeta,0
5876,2025-04-13 21:00:00,484,38,2,Tarjeta,5
5877,2025-09-06 04:00:00,210,70,4,Tarjeta,0
5878,2025-02-26 17:00:00,58,77,1,Tarjeta,0
5879,2025-07-27 17:00:00,426,43,2,Bizum,5
5880,2025-12-03 17:00:00,388,79,1,Tarjeta,0
5881,2025-11-22 16:00:00,461,57,3,Tarjeta,0
5882,2025-12-29 09:00:00,461,144,2,Bizum,0
5883,2025-04-09 05:00:00,208,35,2,Bizum,0
5884,2025-01-27 10:00:00,332,4,1,Efectivo,5
5885,2025-08-30 20:00:00,61,11,5,Tarjeta,0
5886,2025-11-09 17:00:00,388,138,2,Tarjeta,5
5887,2025-04-25 08:00:00,279,81,3,Tarjeta,5
5888,2025-08-13 04:00:00,345,80,2,Tarjeta,0
5889,2025-10-17 06:00:00,6,139,2,Bizum,0
5890,2025-02-09 02:00:00,461,47,2,Efectivo,0
5891,2025-09-13 01:00:00,84,109,1,Tarjeta,5
5892,2025-03-27 15:00:00,478,1,2,Tarjeta,5
5893,2025-07-21 00:00:00,498,59,1,Bizum,0
5894,2025-06-18 15:00:00,424,104,2,Bizum,0
5895,2025-07-21 09:00:00,32,55,2,Tarjeta,0
5896,2025-08-09 10:00:00,455,7,2,Tarjeta,10
5897,2025-03-15 04:00:00,35,80,2,Efectivo,0
5898,2025-09-18 14:00:00,168,124,1,Tarjeta,10
5899,2025-04-30 14:00:00,50,44,2,Efectivo,0
5900,2025-10-01 18:00:00,75,24,3,Tarjeta,5
5901,2025-07-21 04:00:00,109,125,2,Efectivo,0
5902,2025-09-03 18:00:00,478,69,2,Tarjeta,15
5903,2025-07-20 22:00:00,270,119,1,Bizum,20
5904,2025-08-01 21:00:00,75,74,4,Tarjeta,5
5905,2025-09-28 16:00:00,67,144,4,Tarjeta,0
5906,2025-03-14 01:00:00,476,3,3,Tarjeta,20
5907,2025-03-23 17:00:00,494,1,1,Tarjeta,15
5908,2025-02-01 01:00:00,11,14,3,Efectivo,10
5909,2025-05-13 14:00:00,299,12,1,Tarjeta,15
5910,2025-12-05 15:00:00,197,104,4,Efectivo,0
5911,2025-08-22 08:00:00,48,141,4,Tarjeta,0
5912,2025-10-09 03:00:00,30,114,3,Bizum,0
5913,2025-11-09 14:00:00,7,48,1,Bizum,0
5914,2025-06-12 14:00:00,258,120,2,Bizum,0
5915,2025-09-24 10:00:00,191,116,2,Tarjeta,15
5916,2025-09-17 08:00:00,466,133,2,Bizum,0
5917,2025-04-27 19:00:00,376,106,1,Tarjeta,0
5918,2025-06-19 23:00:00,479,49,2,Tarjeta,5
5919,2025-08-25 17:00:00,295,79,3,Efectivo,5
5920,2025-07-06 19:00:00,212,81,3,Tarjeta,15
5921,2025-11-19 21:00:00,303,22,1,Tarjeta,5
5922,2025-04-13 23:00:00,387,37,1,Efectivo,0
5923,2025-08-28 00:00:00,494,140,2,Tarjeta,15
5924,2025-08-23 19:00:00,370,56,2,Tarjeta,5
5925,2025-08-14 19:00:00,242,24,2,Efectivo,0
5926,2025-07-07 23:00:00,77,144,2,Efectivo,0
5927,2025-09-29 17:00:00,457,85,2,Bizum,0
5928,2025-05-03 23:00:00,308,40,3,Tarjeta,20
5929,2025-12-16 00:00:00,357,124,2,Cheque regalo,5
5930,2025-03-14 22:00:00,41,82,4,Bizum,0
5931,2025-01-08 05:00:00,210,117,1,Tarjeta,0
5932,2025-05-09 06:00:00,185,90,2,Cheque regalo,0
5933,2025-09-24 13:00:00,180,53,3,Tarjeta,0
5934,2025-10-09 01:00:00,267,102,1,Bizum,0
5935,2025-02-19 01:00:00,280,132,3,Bizum,0
5936,2025-12-11 08:00:00,188,36,2,Tarjeta,10
5937,2025-03-08 07:00:00,435,68,4,Tarjeta,0
5938,2025-05-31 09:00:00,354,30,2,Bizum,0
5939,2025-11-17 04:00:00,245,6,2,Efectivo,0
5940,2025-07-24 17:00:00,156,125,2,Bizum,0
5941,2025-12-26 09:00:00,153,125,2,Tarjeta,5
5942,2025-02-19 08:00:00,381,134,4,Tarjeta,10
5943,2025-11-13 05:00:00,363,3,3,Tarjeta,0
5944,2025-01-15 05:00:00,481,67,2,Tarjeta,0
5945,2025-08-01 05:00:00,330,121,2,Bizum,10
5946,2025-09-04 16:00:00,431,81,2,Tarjeta,0
5947,2025-07-30 20:00:00,27,22,2,Bizum,0
5948,2025-04-28 06:00:00,167,69,1,Bizum,0
5949,2025-11-26 19:00:00,423,121,1,Bizum,0
5950,2025-02-24 17:00:00,170,17,2,Cheque regalo,0
5951,2025-05-13 17:00:00,180,147,2,Tarjeta,0
5952,2025-01-09 06:00:00,130,51,2,Cheque regalo,0
5953,2025-06-15 08:00:00,165,113,2,Efectivo,0
5954,2025-09-15 06:00:00,152,96,1,Efectivo,10
5955,2025-10-12 01:00:00,450,81,3,Tarjeta,0
5956,2025-05-03 15:00:00,57,80,1,Tarjeta,15
5957,2025-04-10 17:00:00,168,104,1,Tarjeta,0
5958,2025-07-30 00:00:00,498,128,1,Tarjeta,5
5959,2025-03-18 16:00:00,312,52,3,Bizum,15
5960,2025-10-19 23:00:00,428,2,2,Tarjeta,5
5961,2025-03-17 10:00:00,328,32,2,Cheque regalo,0
5962,2025-10-31 08:00:00,456,89,3,Tarjeta,0
5963,2025-02-23 14:00:00,376,14,2,Tarjeta,0
5964,2025-01-04 13:00:00,80,123,1,Tarjeta,0
5965,2025-11-23 04:00:00,356,121,2,Tarjeta,0
5966,2025-06-27 18:00:00,373,130,3,Bizum,15
5967,2025-09-04 17:00:00,245,85,2,Efectivo,5
5968,2025-11-25 00:00:00,459,89,3,Tarjeta,5
5969,2025-05-26 03:00:00,441,117,2,Bizum,0
5970,2025-05-07 14:00:00,34,65,1,Tarjeta,10
5971,2025-10-05 22:00:00,426,70,2,Tarjeta,0
5972,2025-09-14 14:00:00,289,38,2,Tarjeta,0
5973,2025-10-21 11:00:00,427,94,3,Tarjeta,0
5974,2025-11-18 22:00:00,94,69,2,Tarjeta,0
5975,2025-03-16 23:00:00,378,73,1,Tarjeta,0
5976,2025-09-10 11:00:00,487,118,1,Bizum,0
5977,2025-10-13 21:00:00,372,85,1,Bizum,15
5978,2025-01-22 19:00:00,180,55,1,Efectivo,0
5979,2025-01-06 20:00:00,43,104,2,Tarjeta,10
5980,2025-11-07 21:00:00,7,53,1,Bizum,0
5981,2025-09-30 19:00:00,461,42,1,Efectivo,10
5982,2025-02-22 03:00:00,462,33,3,Cheque regalo,0
5983,2025-04-20 04:00:00,143,137,2,Efectivo,0
5984,2025-11-06 17:00:00,216,35,1,Bizum,5
5985,2025-02-14 06:00:00,235,127,2,Tarjeta,10
5986,2025-07-21 17:00:00,328,47,2,Efectivo,15
5987,2025-10-30 00:00:00,309,15,2,Bizum,15
5988,2025-03-09 05:00:00,99,105,1,Tarjeta,0
5989,2025-05-27 12:00:00,299,126,3,Tarjeta,20
5990,2025-11-10 04:00:00,29,114,1,Tarjeta,0
5991,2025-01-07 08:00:00,300,126,2,Tarjeta,0
5992,2025-04-09 13:00:00,435,69,2,Tarjeta,0
5993,2025-01-05 04:00:00,423,95,3,Tarjeta,10
5994,2025-04-15 13:00:00,481,59,2,Bizum,0
5995,2025-09-14 19:00:00,473,143,3,Tarjeta,0
5996,2025-09-01 17:00:00,436,93,1,Cheque regalo,0
5997,2025-01-11 02:00:00,436,47,4,Bizum,5
5998,2025-08-06 11:00:00,390,56,2,Bizum,0
5999,2025-10-01 06:00:00,176,33,3,Tarjeta,5
6000,2025-05-04 06:00:00,477,125,1,Efectivo,15
6001,2025-09-12 07:00:00,473,103,1,Tarjeta,15
6002,2025-08-14 00:00:00,180,10,3,Tarjeta,0
6003,2025-05-15 08:00:00,301,74,2,Tarjeta,0
6004,2025-05-30 14:00:00,460,5,3,Efectivo,0
6005,2025-02-05 18:00:00,11,129,2,Tarjeta,0
6006,2025-12-20 07:00:00,459,39,1,Cheque regalo,0
6007,2025-06-12 13:00:00,30,131,1,Tarjeta,0
6008,2025-04-22 02:00:00,76,71,1,Tarjeta,0
6009,2025-04-11 05:00:00,50,81,2,Bizum,0
6010,2025-09-05 05:00:00,37,45,2,Tarjeta,0
6011,2025-03-15 13:00:00,327,7,5,Bizum,0
6012,2025-03-23 18:00:00,206,40,2,Efectivo,10
6013,2025-02-19 00:00:00,240,77,3,Tarjeta,20
6014,2025-03-11 17:00:00,460,110,2,Tarjeta,5
6015,2025-06-22 05:00:00,180,75,2,Efectivo,0
6016,2025-09-22 13:00:00,62,17,1,Tarjeta,0
6017,2025-06-16 06:00:00,326,67,2,Bizum,0
6018,2025-10-25 16:00:00,492,113,3,Tarjeta,10
6019,2025-03-20 22:00:00,401,120,2,Tarjeta,0
6020,2025-05-20 20:00:00,340,4,3,Tarjeta,5
6021,2025-09-08 21:00:00,373,139,2,Tarjeta,0
6022,2025-05-10 18:00:00,372,77,2,Tarjeta,5
6023,2025-07-01 13:00:00,16,107,1,Tarjeta,0
6024,2025-10-06 21:00:00,494,51,2,Tarjeta,10
6025,2025-06-24 15:00:00,286,57,1,Tarjeta,5
6026,2025-10-22 23:00:00,425,76,2,Tarjeta,5
6027,2025-01-12 20:00:00,190,39,1,Cheque regalo,0
6028,2025-12-17 06:00:00,477,115,2,Tarjeta,20
6029,2025-08-02 07:00:00,50,75,3,Tarjeta,0
6030,2025-10-27 15:00:00,255,47,1,Tarjeta,5
6031,2025-09-29 13:00:00,107,51,4,Efectivo,15
6032,2025-10-09 02:00:00,267,130,2,Bizum,0
6033,2025-10-05 14:00:00,7,2,4,Bizum,0
6034,2025-11-14 12:00:00,6,35,4,Bizum,0
6035,2025-03-15 14:00:00,478,77,1,Tarjeta,0
6036,2025-09-09 23:00:00,242,80,2,Bizum,0
6037,2025-02-07 00:00:00,437,7,3,Tarjeta,0
6038,2025-01-14 05:00:00,361,69,3,Efectivo,5
6039,2025-07-13 21:00:00,498,149,4,Tarjeta,0
6040,2025-07-13 10:00:00,381,55,2,Tarjeta,0
6041,2025-08-15 15:00:00,231,71,2,Tarjeta,20
6042,2025-11-12 11:00:00,124,57,1,Efectivo,0
6043,2025-06-24 21:00:00,400,25,2,Bizum,0
6044,2025-06-14 17:00:00,431,118,3,Bizum,10
6045,2025-10-11 13:00:00,459,59,4,Tarjeta,0
6046,2025-11-05 16:00:00,338,70,1,Tarjeta,0
6047,2025-12-11 20:00:00,467,120,3,Cheque regalo,5
6048,2025-04-20 23:00:00,210,144,3,Tarjeta,0
6049,2025-03-17 21:00:00,171,100,2,Efectivo,0
6050,2025-03-22 04:00:00,309,97,3,Bizum,0
6051,2025-12-10 21:00:00,175,78,4,Tarjeta,0
6052,2025-06-07 18:00:00,84,84,3,Tarjeta,0
6053,2025-10-04 08:00:00,6,137,2,Cheque regalo,0
6054,2025-03-04 12:00:00,260,7,3,Tarjeta,0
6055,2025-09-18 09:00:00,413,131,1,Bizum,0
6056,2025-09-11 22:00:00,38,136,2,Tarjeta,0
6057,2025-07-17 17:00:00,57,137,2,Tarjeta,10
6058,2025-01-11 15:00:00,116,101,3,Cheque regalo,0
6059,2025-08-19 02:00:00,387,4,4,Tarjeta,0
6060,2025-12-21 16:00:00,23,54,1,Tarjeta,0
6061,2025-03-13 13:00:00,407,76,2,Tarjeta,0
6062,2025-12-14 11:00:00,471,113,2,Tarjeta,5
6063,2025-12-02 08:00:00,245,24,1,Tarjeta,0
6064,2025-05-24 03:00:00,494,45,2,Bizum,0
6065,2025-04-16 12:00:00,6,147,2,Tarjeta,0
6066,2025-12-13 03:00:00,429,100,1,Bizum,0
6067,2025-05-06 23:00:00,330,111,2,Tarjeta,5
6068,2025-07-03 01:00:00,180,76,3,Efectivo,15
6069,2025-10-13 22:00:00,344,111,2,Bizum,15
6070,2025-03-17 00:00:00,399,35,1,Cheque regalo,0
6071,2025-02-21 02:00:00,388,70,3,Bizum,5
6072,2025-05-14 11:00:00,290,6,1,Tarjeta,0
6073,2025-11-24 07:00:00,41,80,1,Tarjeta,5
6074,2025-02-01 20:00:00,176,104,3,Tarjeta,0
6075,2025-09-29 02:00:00,487,69,4,Bizum,5
6076,2025-08-07 01:00:00,110,146,1,Tarjeta,10
6077,2025-04-29 11:00:00,137,77,4,Bizum,0
6078,2025-05-19 20:00:00,320,6,1,Efectivo,0
6079,2025-11-24 22:00:00,11,142,1,Tarjeta,0
6080,2025-02-14 21:00:00,496,129,3,Efectivo,0
6081,2025-03-23 18:00:00,425,93,1,Tarjeta,0
6082,2025-05-15 23:00:00,194,16,1,Tarjeta,15
6083,2025-03-04 01:00:00,403,86,1,Bizum,0
6084,2025-07-21 12:00:00,207,95,2,Tarjeta,0
6085,2025-08-12 11:00:00,372,61,1,Efectivo,10
6086,2025-06-04 23:00:00,124,108,2,Bizum,0
6087,2025-01-28 23:00:00,380,85,2,Tarjeta,0
6088,2025-03-05 16:00:00,88,16,2,Tarjeta,0
6089,2025-12-08 07:00:00,369,73,1,Tarjeta,0
6090,2025-12-08 23:00:00,341,79,1,Bizum,0
6091,2025-08-18 02:00:00,150,79,1,Tarjeta,10
6092,2025-10-20 07:00:00,126,81,3,Tarjeta,5
6093,2025-10-19 02:00:00,494,110,1,Tarjeta,15
6094,2025-01-13 04:00:00,478,70,2,Efectivo,0
6095,2025-11-27 09:00:00,298,37,2,Bizum,0
6096,2025-08-28 15:00:00,165,133,1,Bizum,0
6097,2025-02-22 02:00:00,441,149,3,Tarjeta,0
6098,2025-08-03 03:00:00,255,58,1,Bizum,10
6099,2025-08-18 08:00:00,153,112,3,Bizum,0
6100,2025-10-08 19:00:00,381,64,1,Efectivo,0
6101,2025-03-25 15:00:00,207,47,3,Tarjeta,5
6102,2025-03-11 05:00:00,79,105,1,Tarjeta,5
6103,2025-03-07 11:00:00,388,84,4,Tarjeta,0
6104,2025-03-28 03:00:00,46,83,1,Tarjeta,0
6105,2025-11-07 10:00:00,304,16,3,Bizum,10
6106,2025-11-30 02:00:00,225,87,1,Tarjeta,0
6107,2025-05-09 08:00:00,263,98,2,Tarjeta,5
6108,2025-09-21 01:00:00,429,21,3,Tarjeta,0
6109,2025-11-07 01:00:00,170,15,2,Tarjeta,10
6110,2025-06-13 13:00:00,395,34,4,Tarjeta,0
6111,2025-02-08 01:00:00,182,40,3,Tarjeta,10
6112,2025-10-06 23:00:00,425,22,2,Bizum,0
6113,2025-07-15 09:00:00,67,127,3,Tarjeta,5
6114,2025-05-31 00:00:00,262,27,2,Tarjeta,0
6115,2025-01-20 17:00:00,317,127,2,Tarjeta,15
6116,2025-12-31 12:00:00,82,150,2,Tarjeta,0
6117,2025-11-20 05:00:00,355,36,2,Bizum,5
6118,2025-03-20 22:00:00,494,16,1,Bizum,0
6119,2025-01-27 21:00:00,188,43,2,Tarjeta,0
6120,2025-07-19 09:00:00,348,99,1,Tarjeta,15
6121,2025-02-01 18:00:00,146,38,3,Cheque regalo,0
6122,2025-05-01 09:00:00,115,110,2,Tarjeta,0
6123,2025-12-31 05:00:00,124,74,1,Tarjeta,10
6124,2025-03-17 23:00:00,302,111,1,Efectivo,0
6125,2025-06-17 09:00:00,131,64,2,Efectivo,0
6126,2025-10-15 22:00:00,134,60,1,Cheque regalo,15
6127,2025-09-23 01:00:00,410,14,1,Tarjeta,15
6128,2025-10-13 02:00:00,402,70,4,Tarjeta,10
6129,2025-04-20 19:00:00,422,44,2,Tarjeta,10
6130,2025-09-26 22:00:00,288,6,3,Tarjeta,0
6131,2025-07-28 07:00:00,447,131,1,Tarjeta,0
6132,2025-06-06 16:00:00,35,26,4,Bizum,15
6133,2025-06-16 15:00:00,9,63,1,Tarjeta,5
6134,2025-02-22 13:00:00,49,67,5,Tarjeta,5
6135,2025-11-29 02:00:00,184,137,2,Tarjeta,0
6136,2025-10-03 03:00:00,313,145,5,Efectivo,0
6137,2025-04-13 02:00:00,366,109,2,Tarjeta,0
6138,2025-02-19 18:00:00,144,118,1,Bizum,0
6139,2025-03-27 17:00:00,118,81,1,Efectivo,15
6140,2025-02-12 01:00:00,38,63,2,Tarjeta,5
6141,2025-04-07 15:00:00,61,98,2,Tarjeta,0
6142,2025-05-08 00:00:00,64,33,2,Tarjeta,0
6143,2025-12-25 23:00:00,205,133,3,Bizum,0
6144,2025-03-19 15:00:00,40,86,1,Bizum,0
6145,2025-11-03 14:00:00,111,76,1,Tarjeta,0
6146,2025-06-27 17:00:00,437,45,1,Efectivo,0
6147,2025-10-16 02:00:00,483,37,2,Bizum,0
6148,2025-12-17 08:00:00,5,97,3,Tarjeta,0
6149,2025-02-19 08:00:00,477,146,2,Tarjeta,0
6150,2025-04-12 11:00:00,160,135,2,Tarjeta,5
6151,2025-02-14 19:00:00,189,85,1,Tarjeta,0
6152,2025-09-23 13:00:00,114,16,2,Tarjeta,0
6153,2025-09-09 02:00:00,453,143,3,Tarjeta,15
6154,2025-05-05 21:00:00,210,121,2,Efectivo,0
6155,2025-03-28 21:00:00,51,12,4,Tarjeta,0
6156,2025-03-20 18:00:00,260,115,1,Efectivo,5
6157,2025-12-10 06:00:00,441,14,3,Efectivo,0
6158,2025-05-25 01:00:00,469,73,3,Tarjeta,0
6159,2025-07-07 08:00:00,190,8,2,Tarjeta,0
6160,2025-10-01 22:00:00,260,116,1,Tarjeta,5
6161,2025-02-07 13:00:00,89,147,2,Bizum,0
6162,2025-03-01 00:00:00,458,64,1,Tarjeta,0
6163,2025-02-03 22:00:00,282,147,2,Efectivo,15
6164,2025-03-28 00:00:00,450,50,4,Cheque regalo,0
6165,2025-12-06 15:00:00,165,11,4,Efectivo,5
6166,2025-01-29 10:00:00,200,41,2,Bizum,5
6167,2025-03-12 14:00:00,95,70,2,Tarjeta,0
6168,2025-12-28 11:00:00,429,12,2,Bizum,5
6169,2025-01-12 17:00:00,366,98,2,Tarjeta,0
6170,2025-04-10 05:00:00,450,137,2,Tarjeta,10
6171,2025-09-13 19:00:00,208,69,1,Efectivo,5
6172,2025-10-21 18:00:00,105,28,4,Tarjeta,0
6173,2025-06-08 16:00:00,235,58,1,Bizum,5
6174,2025-11-28 11:00:00,30,16,1,Cheque regalo,0
6175,2025-03-07 22:00:00,18,71,1,Tarjeta,0
6176,2025-04-28 10:00:00,439,29,4,Tarjeta,5
6177,2025-09-22 00:00:00,11,118,1,Bizum,0
6178,2025-11-15 13:00:00,343,80,2,Tarjeta,0
6179,2025-05-12 14:00:00,303,41,1,Efectivo,0
6180,2025-08-14 03:00:00,22,107,1,Efectivo,0
6181,2025-02-07 00:00:00,65,44,3,Efectivo,0
6182,2025-09-30 21:00:00,265,46,1,Bizum,15
6183,2025-08-14 11:00:00,258,10,4,Tarjeta,5
6184,2025-07-06 02:00:00,159,19,3,Tarjeta,5
6185,2025-02-04 00:00:00,182,123,1,Efectivo,0
6186,2025-11-11 23:00:00,495,8,3,Cheque regalo,5
6187,2025-12-31 11:00:00,112,79,1,Tarjeta,0
6188,2025-07-02 15:00:00,210,80,3,Tarjeta,0
6189,2025-07-23 08:00:00,229,18,1,Efectivo,0
6190,2025-08-02 14:00:00,312,51,2,Tarjeta,0
6191,2025-01-25 14:00:00,132,90,4,Tarjeta,0
6192,2025-01-25 13:00:00,41,61,2,Efectivo,5
6193,2025-06-18 13:00:00,367,97,1,Bizum,0
6194,2025-11-16 02:00:00,401,41,1,Tarjeta,5
6195,2025-12-30 17:00:00,287,90,3,Tarjeta,10
6196,2025-06-02 04:00:00,276,30,3,Tarjeta,0
6197,2025-08-12 21:00:00,153,50,3,Efectivo,5
6198,2025-01-10 15:00:00,403,136,1,Tarjeta,0
6199,2025-08-02 07:00:00,369,54,1,Tarjeta,0
6200,2025-02-28 10:00:00,441,25,1,Tarjeta,0
6201,2025-01-17 23:00:00,222,143,1,Tarjeta,0
6202,2025-03-29 04:00:00,331,38,2,Bizum,5
6203,2025-02-10 14:00:00,344,70,2,Cheque regalo,15
6204,2025-02-12 07:00:00,334,8,1,Tarjeta,0
6205,2025-12-23 16:00:00,305,149,3,Tarjeta,0
6206,2025-09-17 00:00:00,5,118,3,Efectivo,5
6207,2025-08-11 20:00:00,407,55,1,Tarjeta,0
6208,2025-03-04 00:00:00,115,48,2,Tarjeta,0
6209,2025-10-23 10:00:00,110,111,4,Efectivo,0
6210,2025-08-21 00:00:00,362,34,2,Efectivo,0
6211,2025-10-03 01:00:00,61,103,2,Bizum,5
6212,2025-03-23 23:00:00,239,42,2,Cheque regalo,0
6213,2025-08-31 14:00:00,32,131,4,Bizum,15
6214,2025-07-14 12:00:00,262,74,1,Bizum,0
6215,2025-05-09 16:00:00,79,141,2,Bizum,5
6216,2025-01-15 14:00:00,329,32,3,Tarjeta,15
6217,2025-02-13 19:00:00,301,89,3,Tarjeta,0
6218,2025-12-12 18:00:00,311,107,1,Bizum,0
6219,2025-07-19 19:00:00,422,105,3,Bizum,0
6220,2025-06-06 14:00:00,441,55,5,Bizum,10
6221,2025-05-19 16:00:00,346,107,4,Tarjeta,0
6222,2025-11-05 12:00:00,131,19,3,Bizum,0
6223,2025-09-12 01:00:00,455,47,3,Tarjeta,5
6224,2025-06-14 23:00:00,355,9,2,Efectivo,0
6225,2025-07-22 06:00:00,82,1,1,Tarjeta,5
6226,2025-07-18 00:00:00,439,106,4,Tarjeta,0
6227,2025-12-23 12:00:00,321,23,3,Tarjeta,0
6228,2025-07-05 04:00:00,453,147,3,Bizum,0
6229,2025-08-25 10:00:00,31,111,2,Tarjeta,5
6230,2025-04-03 22:00:00,188,55,3,Tarjeta,10
6231,2025-08-20 09:00:00,284,72,1,Cheque regalo,0
6232,2025-05-29 15:00:00,376,68,2,Tarjeta,5
6233,2025-05-18 17:00:00,204,99,4,Bizum,0
6234,2025-11-03 00:00:00,477,107,3,Bizum,5
6235,2025-06-19 16:00:00,176,112,4,Efectivo,0
6236,2025-12-01 03:00:00,420,72,2,Tarjeta,0
6237,2025-09-29 20:00:00,408,1,2,Bizum,0
6238,2025-06-20 13:00:00,80,28,2,Tarjeta,10
6239,2025-08-25 06:00:00,149,67,2,Tarjeta,5
6240,2025-09-12 20:00:00,196,31,3,Tarjeta,0
6241,2025-05-30 12:00:00,99,43,1,Bizum,0
6242,2025-05-01 08:00:00,69,71,3,Tarjeta,0
6243,2025-06-22 12:00:00,50,13,2,Tarjeta,0
6244,2025-06-26 09:00:00,318,141,1,Tarjeta,0
6245,2025-01-26 08:00:00,203,136,1,Tarjeta,10
6246,2025-10-10 07:00:00,468,70,2,Tarjeta,10
6247,2025-03-03 10:00:00,295,23,1,Tarjeta,0
6248,2025-09-09 02:00:00,284,103,3,Bizum,5
6249,2025-02-21 08:00:00,466,5,4,Tarjeta,0
6250,2025-11-15 13:00:00,267,102,4,Tarjeta,5
6251,2025-04-02 06:00:00,172,16,2,Cheque regalo,0
6252,2025-12-22 21:00:00,476,142,3,Tarjeta,0
6253,2025-11-25 20:00:00,27,24,3,Tarjeta,20
6254,2025-11-20 23:00:00,467,21,2,Tarjeta,0
6255,2025-10-29 05:00:00,6,132,1,Tarjeta,0
6256,2025-08-25 12:00:00,207,41,1,Tarjeta,5
6257,2025-10-20 07:00:00,15,26,1,Tarjeta,10
6258,2025-06-03 09:00:00,472,123,3,Tarjeta,10
6259,2025-09-09 11:00:00,71,59,1,Efectivo,0
6260,2025-07-25 11:00:00,120,69,2,Efectivo,0
6261,2025-09-12 22:00:00,259,3,4,Bizum,0
6262,2025-08-09 12:00:00,475,4,2,Tarjeta,0
6263,2025-05-19 11:00:00,146,150,3,Bizum,0
6264,2025-11-03 23:00:00,41,36,1,Efectivo,0
6265,2025-06-29 09:00:00,180,38,2,Tarjeta,0
6266,2025-12-24 09:00:00,371,42,3,Cheque regalo,0
6267,2025-06-01 14:00:00,203,134,1,Bizum,0
6268,2025-02-03 16:00:00,498,67,1,Bizum,0
6269,2025-01-03 18:00:00,436,52,1,Tarjeta,0
6270,2025-03-25 18:00:00,490,2,3,Tarjeta,15
6271,2025-02-19 11:00:00,295,82,4,Bizum,0
6272,2025-08-11 18:00:00,153,25,2,Tarjeta,0
6273,2025-11-06 08:00:00,373,110,1,Tarjeta,0
6274,2025-07-26 02:00:00,274,114,3,Bizum,0
6275,2025-02-01 11:00:00,491,107,3,Cheque regalo,10
6276,2025-03-16 14:00:00,314,11,3,Tarjeta,0
6277,2025-09-19 03:00:00,309,4,2,Bizum,15
6278,2025-03-30 21:00:00,256,103,1,Tarjeta,0
6279,2025-11-25 10:00:00,69,20,2,Efectivo,0
6280,2025-05-14 07:00:00,416,106,3,Tarjeta,0
6281,2025-05-24 10:00:00,448,100,3,Tarjeta,15
6282,2025-05-06 07:00:00,109,148,2,Efectivo,0
6283,2025-08-02 00:00:00,40,47,1,Tarjeta,0
6284,2025-01-04 09:00:00,466,61,3,Tarjeta,10
6285,2025-05-10 16:00:00,210,41,2,Tarjeta,0
6286,2025-03-27 13:00:00,258,57,1,Tarjeta,5
6287,2025-08-28 00:00:00,459,41,1,Tarjeta,5
6288,2025-05-05 04:00:00,191,34,1,Efectivo,0
6289,2025-05-14 11:00:00,223,61,2,Bizum,0
6290,2025-07-11 08:00:00,427,106,1,Tarjeta,0
6291,2025-02-27 01:00:00,20,85,2,Tarjeta,0
6292,2025-11-24 09:00:00,410,120,2,Bizum,0
6293,2025-01-22 19:00:00,357,132,1,Cheque regalo,0
6294,2025-12-19 08:00:00,162,57,4,Tarjeta,5
6295,2025-01-14 19:00:00,330,106,1,Tarjeta,0
6296,2025-12-25 20:00:00,380,43,3,Tarjeta,5
6297,2025-12-15 08:00:00,148,37,1,Tarjeta,0
6298,2025-10-02 02:00:00,459,40,1,Tarjeta,0
6299,2025-10-27 07:00:00,82,29,1,Bizum,10
6300,2025-11-23 06:00:00,474,107,1,Tarjeta,10
6301,2025-11-29 21:00:00,447,48,3,Tarjeta,5
6302,2025-07-08 10:00:00,494,65,1,Tarjeta,0
6303,2025-10-26 02:00:00,245,21,1,Bizum,0
6304,2025-11-20 22:00:00,255,62,3,Tarjeta,0
6305,2025-11-27 03:00:00,249,21,1,Tarjeta,0
6306,2025-09-17 21:00:00,236,49,3,Efectivo,5
6307,2025-01-10 21:00:00,219,6,5,Tarjeta,0
6308,2025-04-13 06:00:00,7,120,1,Efectivo,0
6309,2025-05-23 16:00:00,203,40,4,Tarjeta,0
6310,2025-06-04 18:00:00,79,70,2,Tarjeta,0
6311,2025-09-21 06:00:00,118,100,3,Bizum,0
6312,2025-12-13 03:00:00,372,50,1,Tarjeta,15
6313,2025-11-30 22:00:00,284,32,2,Bizum,5
6314,2025-10-25 02:00:00,498,104,5,Tarjeta,0
6315,2025-09-08 07:00:00,286,38,1,Efectivo,5
6316,2025-04-02 19:00:00,43,123,1,Tarjeta,5
6317,2025-11-05 14:00:00,460,35,1,Tarjeta,0
6318,2025-09-26 18:00:00,108,145,3,Tarjeta,0
6319,2025-06-08 10:00:00,93,85,2,Efectivo,0
6320,2025-07-27 06:00:00,202,90,2,Efectivo,5
6321,2025-02-27 20:00:00,484,101,4,Tarjeta,0
6322,2025-10-31 14:00:00,380,112,4,Tarjeta,5
6323,2025-02-12 20:00:00,385,64,3,Bizum,0
6324,2025-12-20 03:00:00,378,45,3,Tarjeta,0
6325,2025-03-29 06:00:00,498,59,4,Tarjeta,0
6326,2025-10-08 11:00:00,222,114,3,Tarjeta,5
6327,2025-04-30 08:00:00,485,98,2,Tarjeta,20
6328,2025-01-16 16:00:00,348,102,1,Tarjeta,15
6329,2025-09-20 06:00:00,374,99,2,Efectivo,0
6330,2025-05-14 03:00:00,140,27,2,Bizum,5
6331,2025-07-03 20:00:00,11,55,4,Efectivo,15
6332,2025-08-01 22:00:00,49,53,3,Bizum,0
6333,2025-11-06 23:00:00,430,8,3,Efectivo,0
6334,2025-05-06 01:00:00,471,98,1,Tarjeta,0
6335,2025-09-28 03:00:00,376,88,2,Tarjeta,0
6336,2025-09-05 14:00:00,45,106,2,Tarjeta,0
6337,2025-11-28 15:00:00,49,123,3,Tarjeta,0
6338,2025-01-16 05:00:00,313,28,1,Tarjeta,5
6339,2025-01-10 21:00:00,455,110,4,Efectivo,15
6340,2025-03-11 10:00:00,238,65,1,Tarjeta,0
6341,2025-04-21 22:00:00,311,136,1,Efectivo,0
6342,2025-09-06 15:00:00,39,118,4,Bizum,0
6343,2025-12-18 07:00:00,315,137,2,Bizum,0
6344,2025-03-24 06:00:00,421,97,2,Tarjeta,0
6345,2025-05-12 07:00:00,6,53,1,Tarjeta,0
6346,2025-07-17 14:00:00,395,40,1,Cheque regalo,0
6347,2025-07-20 05:00:00,209,68,1,Efectivo,0
6348,2025-03-02 21:00:00,30,100,1,Tarjeta,0
6349,2025-01-23 04:00:00,449,31,2,Efectivo,0
6350,2025-02-06 19:00:00,252,148,3,Tarjeta,0
6351,2025-10-22 16:00:00,193,62,1,Tarjeta,0
6352,2025-09-08 15:00:00,223,32,1,Cheque regalo,0
6353,2025-12-16 20:00:00,201,60,2,Tarjeta,5
6354,2025-01-18 13:00:00,133,76,2,Bizum,0
6355,2025-07-03 22:00:00,284,128,3,Cheque regalo,0
6356,2025-12-13 10:00:00,148,51,2,Tarjeta,5
6357,2025-12-08 22:00:00,310,144,1,Bizum,5
6358,2025-12-10 11:00:00,275,103,1,Tarjeta,5
6359,2025-08-12 17:00:00,137,87,1,Efectivo,20
6360,2025-05-11 14:00:00,61,57,1,Tarjeta,0
6361,2025-06-03 04:00:00,57,107,2,Tarjeta,0
6362,2025-02-24 22:00:00,459,108,1,Tarjeta,0
6363,2025-02-14 21:00:00,377,50,2,Bizum,0
6364,2025-02-26 01:00:00,426,87,2,Tarjeta,5
6365,2025-11-20 12:00:00,441,24,2,Efectivo,0
6366,2025-06-20 02:00:00,190,41,4,Tarjeta,5
6367,2025-01-25 22:00:00,335,86,3,Bizum,0
6368,2025-04-17 20:00:00,66,67,2,Tarjeta,0
6369,2025-08-21 12:00:00,333,100,2,Tarjeta,5
6370,2025-02-02 12:00:00,462,30,4,Bizum,5
6371,2025-10-03 16:00:00,498,117,3,Tarjeta,5
6372,2025-11-15 12:00:00,233,143,4,Tarjeta,5
6373,2025-05-09 07:00:00,18,130,2,Efectivo,20
6374,2025-07-14 14:00:00,194,58,2,Efectivo,0
6375,2025-01-25 04:00:00,124,38,3,Efectivo,5
6376,2025-03-03 00:00:00,245,7,4,Tarjeta,10
6377,2025-04-21 09:00:00,251,58,3,Bizum,10
6378,2025-04-16 12:00:00,435,86,1,Bizum,5
6379,2025-01-09 08:00:00,32,89,2,Tarjeta,0
6380,2025-07-26 13:00:00,50,34,4,Tarjeta,0
6381,2025-11-04 01:00:00,306,45,1,Tarjeta,15
6382,2025-09-09 19:00:00,180,97,3,Bizum,20
6383,2025-11-16 16:00:00,99,122,1,Tarjeta,5
6384,2025-12-21 21:00:00,224,23,1,Tarjeta,0
6385,2025-03-08 01:00:00,118,39,5,Tarjeta,0
6386,2025-09-10 23:00:00,21,63,1,Tarjeta,0
6387,2025-04-10 15:00:00,149,18,2,Bizum,20
6388,2025-08-18 06:00:00,163,80,1,Bizum,0
6389,2025-12-24 03:00:00,72,61,2,Efectivo,0
6390,2025-05-16 18:00:00,30,120,1,Efectivo,0
6391,2025-01-01 19:00:00,354,99,3,Efectivo,10
6392,2025-09-21 16:00:00,16,51,1,Efectivo,0
6393,2025-03-08 20:00:00,410,80,2,Tarjeta,0
6394,2025-11-04 02:00:00,286,135,3,Tarjeta,0
6395,2025-11-19 14:00:00,59,111,1,Tarjeta,0
6396,2025-10-18 20:00:00,255,137,3,Tarjeta,15
6397,2025-09-02 01:00:00,376,111,3,Tarjeta,5
6398,2025-10-29 22:00:00,430,127,1,Cheque regalo,0
6399,2025-11-11 09:00:00,41,36,2,Cheque regalo,20
6400,2025-01-25 01:00:00,452,40,2,Bizum,10
6401,2025-02-10 20:00:00,353,93,3,Tarjeta,0
6402,2025-11-19 01:00:00,434,66,2,Tarjeta,0
6403,2025-10-13 06:00:00,19,77,2,Tarjeta,10
6404,2025-01-12 06:00:00,180,26,1,Tarjeta,0
6405,2025-05-31 23:00:00,327,14,5,Tarjeta,0
6406,2025-11-30 22:00:00,15,62,1,Tarjeta,0
6407,2025-06-11 01:00:00,355,70,2,Tarjeta,0
6408,2025-10-12 00:00:00,425,48,2,Tarjeta,0
6409,2025-01-26 20:00:00,430,33,1,Tarjeta,5
6410,2025-10-07 17:00:00,46,72,2,Cheque regalo,10
6411,2025-07-06 05:00:00,110,37,1,Efectivo,10
6412,2025-11-22 00:00:00,159,13,4,Tarjeta,10
6413,2025-08-05 08:00:00,29,108,1,Tarjeta,5
6414,2025-05-16 03:00:00,125,117,4,Tarjeta,0
6415,2025-02-23 12:00:00,440,4,3,Tarjeta,5
6416,2025-09-12 07:00:00,93,88,3,Efectivo,0
6417,2025-10-27 18:00:00,172,105,2,Tarjeta,5
6418,2025-04-01 04:00:00,67,28,2,Bizum,0
6419,2025-09-01 10:00:00,121,52,2,Efectivo,15
6420,2025-08-31 12:00:00,321,23,2,Bizum,0
6421,2025-07-14 03:00:00,146,141,2,Tarjeta,5
6422,2025-02-20 05:00:00,7,104,2,Bizum,15
6423,2025-09-13 22:00:00,162,143,3,Efectivo,0
6424,2025-12-10 07:00:00,385,78,3,Tarjeta,5
6425,2025-03-16 17:00:00,398,116,2,Bizum,5
6426,2025-07-10 23:00:00,331,81,4,Tarjeta,0
6427,2025-08-21 13:00:00,102,5,2,Efectivo,5
6428,2025-08-06 06:00:00,96,137,3,Tarjeta,0
6429,2025-05-09 05:00:00,498,46,4,Bizum,0
6430,2025-03-16 13:00:00,231,135,2,Bizum,0
6431,2025-10-08 22:00:00,259,15,3,Tarjeta,0
6432,2025-10-31 01:00:00,78,51,5,Efectivo,15
6433,2025-12-28 13:00:00,235,91,2,Tarjeta,0
6434,2025-02-15 13:00:00,81,102,3,Bizum,0
6435,2025-07-12 09:00:00,295,60,4,Tarjeta,5
6436,2025-12-07 15:00:00,402,84,3,Tarjeta,5
6437,2025-12-25 01:00:00,171,45,3,Bizum,0
6438,2025-04-10 22:00:00,249,48,2,Tarjeta,0
6439,2025-02-24 16:00:00,423,1,1,Tarjeta,0
6440,2025-05-22 00:00:00,465,73,1,Bizum,0
6441,2025-07-07 15:00:00,441,24,1,Tarjeta,0
6442,2025-12-12 18:00:00,30,75,4,Tarjeta,20
6443,2025-06-08 06:00:00,145,60,4,Tarjeta,5
6444,2025-09-30 07:00:00,42,53,3,Tarjeta,5
6445,2025-06-27 19:00:00,190,81,2,Tarjeta,0
6446,2025-05-16 16:00:00,218,5,1,Tarjeta,0
6447,2025-02-10 22:00:00,104,75,1,Tarjeta,0
6448,2025-11-15 00:00:00,459,89,1,Tarjeta,20
6449,2025-09-17 18:00:00,57,124,3,Tarjeta,0
6450,2025-08-04 19:00:00,469,31,3,Efectivo,5
6451,2025-01-12 08:00:00,57,109,4,Tarjeta,0
6452,2025-11-14 20:00:00,186,131,2,Tarjeta,0
6453,2025-04-04 22:00:00,15,128,2,Tarjeta,5
6454,2025-05-13 19:00:00,58,96,2,Tarjeta,15
6455,2025-05-28 15:00:00,3,90,2,Tarjeta,0
6456,2025-10-14 06:00:00,279,131,3,Tarjeta,15
6457,2025-05-05 06:00:00,401,63,1,Tarjeta,15
6458,2025-01-25 10:00:00,4,77,3,Tarjeta,0
6459,2025-04-10 19:00:00,223,131,1,Efectivo,0
6460,2025-09-06 15:00:00,464,78,3,Bizum,0
6461,2025-04-25 11:00:00,38,88,3,Bizum,0
6462,2025-12-19 02:00:00,441,50,3,Bizum,0
6463,2025-02-17 18:00:00,236,23,2,Efectivo,0
6464,2025-12-01 22:00:00,477,40,2,Tarjeta,0
6465,2025-03-30 01:00:00,17,92,2,Tarjeta,0
6466,2025-03-07 06:00:00,153,98,4,Efectivo,0
6467,2025-12-28 03:00:00,52,82,3,Tarjeta,0
6468,2025-04-03 13:00:00,381,28,1,Tarjeta,5
6469,2025-07-12 10:00:00,469,60,3,Tarjeta,0
6470,2025-12-02 07:00:00,174,11,3,Tarjeta,0
6471,2025-04-01 09:00:00,209,131,3,Tarjeta,0
6472,2025-05-28 13:00:00,445,121,3,Tarjeta,0
6473,2025-02-24 18:00:00,446,10,2,Bizum,0
6474,2025-11-25 15:00:00,39,39,2,Tarjeta,0
6475,2025-12-29 19:00:00,289,36,1,Tarjeta,0
6476,2025-09-09 06:00:00,47,37,2,Tarjeta,0
6477,2025-03-04 23:00:00,45,36,3,Efectivo,0
6478,2025-08-25 11:00:00,487,141,3,Tarjeta,0
6479,2025-03-26 16:00:00,408,31,1,Tarjeta,0
6480,2025-06-27 04:00:00,312,146,5,Bizum,0
6481,2025-01-03 10:00:00,76,51,3,Efectivo,10
6482,2025-07-18 00:00:00,324,63,4,Tarjeta,0
6483,2025-02-01 17:00:00,398,138,4,Efectivo,0
6484,2025-11-07 10:00:00,12,117,2,Bizum,0
6485,2025-11-13 05:00:00,233,54,3,Tarjeta,5
6486,2025-05-20 15:00:00,281,11,1,Tarjeta,0
6487,2025-07-03 07:00:00,38,124,1,Tarjeta,0
6488,2025-12-27 07:00:00,57,123,4,Bizum,0
6489,2025-05-22 07:00:00,307,9,2,Bizum,0
6490,2025-12-06 20:00:00,477,54,2,Tarjeta,0
6491,2025-12-05 19:00:00,83,75,3,Tarjeta,0
6492,2025-06-30 04:00:00,391,56,2,Tarjeta,0
6493,2025-04-11 10:00:00,60,147,5,Bizum,5
6494,2025-12-31 20:00:00,92,21,3,Tarjeta,0
6495,2025-06-13 14:00:00,93,119,1,Cheque regalo,5
6496,2025-08-29 06:00:00,265,122,2,Tarjeta,20
6497,2025-01-15 20:00:00,182,107,4,Tarjeta,5
6498,2025-07-26 22:00:00,166,138,1,Tarjeta,5
6499,2025-01-04 20:00:00,392,11,3,Tarjeta,0
6500,2025-09-22 18:00:00,188,149,2,Tarjeta,0
6501,2025-04-13 10:00:00,60,76,2,Tarjeta,15
6502,2025-06-05 07:00:00,205,35,4,Tarjeta,0
6503,2025-05-31 02:00:00,159,81,3,Bizum,10
6504,2025-10-12 06:00:00,64,107,3,Efectivo,0
6505,2025-06-14 15:00:00,369,19,2,Cheque regalo,0
6506,2025-03-17 04:00:00,322,111,1,Tarjeta,0
6507,2025-08-04 07:00:00,475,132,2,Tarjeta,0
6508,2025-04-19 04:00:00,333,28,2,Bizum,0
6509,2025-05-26 04:00:00,27,134,2,Tarjeta,5
6510,2025-03-01 03:00:00,112,5,3,Tarjeta,0
6511,2025-02-01 17:00:00,401,97,4,Tarjeta,10
6512,2025-07-05 06:00:00,412,30,2,Efectivo,20
6513,2025-03-29 05:00:00,487,53,1,Tarjeta,0
6514,2025-12-16 22:00:00,355,79,1,Tarjeta,0
6515,2025-09-28 22:00:00,430,104,2,Tarjeta,5
6516,2025-06-13 17:00:00,473,106,2,Bizum,5
6517,2025-06-15 21:00:00,32,39,2,Bizum,5
6518,2025-03-28 02:00:00,240,84,1,Tarjeta,15
6519,2025-05-29 20:00:00,350,39,1,Bizum,5
6520,2025-11-03 09:00:00,129,144,3,Tarjeta,0
6521,2025-12-13 18:00:00,342,39,2,Tarjeta,20
6522,2025-03-22 13:00:00,171,109,2,Tarjeta,0
6523,2025-12-10 04:00:00,475,92,2,Efectivo,0
6524,2025-12-10 19:00:00,461,137,2,Tarjeta,0
6525,2025-04-11 15:00:00,341,114,3,Cheque regalo,0
6526,2025-12-09 21:00:00,30,63,1,Tarjeta,0
6527,2025-08-17 20:00:00,491,28,3,Bizum,0
6528,2025-04-12 19:00:00,487,85,1,Efectivo,5
6529,2025-11-02 17:00:00,199,34,1,Tarjeta,5
6530,2025-09-27 11:00:00,101,32,5,Bizum,0
6531,2025-03-30 15:00:00,143,124,2,Efectivo,5
6532,2025-12-27 03:00:00,33,111,2,Tarjeta,0
6533,2025-09-21 06:00:00,282,146,1,Tarjeta,0
6534,2025-09-08 20:00:00,348,140,1,Bizum,0
6535,2025-02-16 04:00:00,276,82,1,Efectivo,0
6536,2025-01-03 18:00:00,440,45,4,Tarjeta,5
6537,2025-12-05 21:00:00,237,58,4,Tarjeta,0
6538,2025-08-03 13:00:00,381,134,3,Tarjeta,15
6539,2025-02-10 18:00:00,53,34,2,Tarjeta,10
6540,2025-03-16 12:00:00,375,19,1,Tarjeta,0
6541,2025-10-05 04:00:00,217,84,2,Bizum,10
6542,2025-10-05 04:00:00,322,95,2,Tarjeta,15
6543,2025-11-22 09:00:00,69,144,4,Tarjeta,5
6544,2025-04-06 03:00:00,438,93,3,Tarjeta,5
6545,2025-10-23 15:00:00,261,31,1,Bizum,5
6546,2025-02-13 11:00:00,59,140,2,Tarjeta,0
6547,2025-01-17 18:00:00,273,18,1,Bizum,0
6548,2025-06-18 11:00:00,378,4,2,Tarjeta,0
6549,2025-06-21 01:00:00,182,31,4,Tarjeta,10
6550,2025-07-19 10:00:00,478,137,2,Tarjeta,5
6551,2025-10-30 12:00:00,295,21,2,Tarjeta,5
6552,2025-10-01 02:00:00,180,105,1,Bizum,0
6553,2025-03-31 11:00:00,66,46,1,Tarjeta,0
6554,2025-01-31 11:00:00,328,62,3,Tarjeta,0
6555,2025-10-13 16:00:00,119,131,3,Cheque regalo,5
6556,2025-04-06 03:00:00,91,116,2,Tarjeta,0
6557,2025-04-12 02:00:00,449,135,3,Efectivo,0
6558,2025-08-06 00:00:00,398,141,1,Tarjeta,5
6559,2025-10-05 06:00:00,463,51,2,Tarjeta,10
6560,2025-08-23 07:00:00,275,35,3,Tarjeta,0
6561,2025-06-25 12:00:00,295,127,2,Tarjeta,0
6562,2025-08-08 13:00:00,315,120,2,Tarjeta,0
6563,2025-01-12 02:00:00,389,52,1,Efectivo,0
6564,2025-11-06 01:00:00,430,75,1,Tarjeta,0
6565,2025-02-12 01:00:00,107,21,3,Tarjeta,5
6566,2025-07-22 04:00:00,450,145,2,Tarjeta,10
6567,2025-04-13 04:00:00,369,76,2,Tarjeta,0
6568,2025-11-11 00:00:00,191,3,1,Efectivo,20
6569,2025-02-10 17:00:00,301,96,3,Cheque regalo,0
6570,2025-09-03 03:00:00,457,125,1,Tarjeta,0
6571,2025-08-29 21:00:00,153,141,1,Tarjeta,0
6572,2025-01-28 11:00:00,22,133,1,Tarjeta,15
6573,2025-07-03 16:00:00,460,144,2,Efectivo,0
6574,2025-05-12 18:00:00,28,27,1,Tarjeta,0
6575,2025-07-23 02:00:00,381,117,1,Tarjeta,15
6576,2025-11-08 23:00:00,22,104,4,Efectivo,0
6577,2025-09-15 20:00:00,420,141,1,Tarjeta,0
6578,2025-07-08 02:00:00,492,48,1,Tarjeta,0
6579,2025-08-05 12:00:00,44,137,4,Bizum,5
6580,2025-08-29 17:00:00,223,64,4,Tarjeta,0
6581,2025-12-26 03:00:00,170,47,1,Tarjeta,5
6582,2025-06-02 15:00:00,2,130,4,Tarjeta,5
6583,2025-08-31 08:00:00,229,146,2,Bizum,0
6584,2025-11-16 02:00:00,159,96,1,Bizum,0
6585,2025-04-13 15:00:00,440,130,1,Tarjeta,0
6586,2025-11-01 15:00:00,152,132,3,Tarjeta,0
6587,2025-07-24 00:00:00,437,141,2,Bizum,0
6588,2025-04-30 19:00:00,385,59,2,Efectivo,0
6589,2025-10-30 04:00:00,443,133,1,Tarjeta,0
6590,2025-11-11 03:00:00,417,25,3,Tarjeta,5
6591,2025-05-02 03:00:00,123,12,1,Tarjeta,0
6592,2025-01-12 19:00:00,292,100,2,Tarjeta,0
6593,2025-10-26 12:00:00,58,112,1,Bizum,5
6594,2025-03-28 09:00:00,485,38,3,Bizum,0
6595,2025-03-01 17:00:00,352,107,4,Cheque regalo,5
6596,2025-01-25 21:00:00,455,132,3,Cheque regalo,15
6597,2025-11-17 03:00:00,416,66,3,Tarjeta,0
6598,2025-12-16 18:00:00,202,77,1,Bizum,10
6599,2025-11-04 11:00:00,263,19,2,Tarjeta,0
6600,2025-05-29 16:00:00,335,25,1,Tarjeta,0
6601,2025-02-14 23:00:00,209,78,5,Bizum,20
6602,2025-04-01 02:00:00,238,66,2,Tarjeta,0
6603,2025-08-24 23:00:00,163,75,3,Tarjeta,0
6604,2025-06-03 23:00:00,206,127,2,Tarjeta,0
6605,2025-09-22 00:00:00,285,49,1,Efectivo,15
6606,2025-07-28 09:00:00,317,44,2,Tarjeta,0
6607,2025-10-16 04:00:00,234,5,3,Tarjeta,0
6608,2025-06-23 09:00:00,176,42,1,Tarjeta,5
6609,2025-04-29 15:00:00,277,48,1,Tarjeta,0
6610,2025-04-04 18:00:00,171,17,2,Cheque regalo,0
6611,2025-08-13 18:00:00,324,49,1,Tarjeta,0
6612,2025-06-21 02:00:00,357,134,3,Tarjeta,0
6613,2025-04-17 17:00:00,89,47,3,Tarjeta,0
6614,2025-06-06 07:00:00,208,138,4,Tarjeta,0
6615,2025-01-23 18:00:00,351,53,4,Tarjeta,5
6616,2025-11-18 22:00:00,239,138,1,Tarjeta,5
6617,2025-12-24 23:00:00,80,77,3,Efectivo,5
6618,2025-07-03 23:00:00,100,147,2,Tarjeta,0
6619,2025-01-10 17:00:00,434,42,3,Tarjeta,5
6620,2025-11-08 09:00:00,22,140,3,Bizum,0
6621,2025-04-20 09:00:00,47,75,2,Bizum,0
6622,2025-01-24 06:00:00,132,110,4,Tarjeta,0
6623,2025-09-03 18:00:00,232,12,2,Efectivo,0
6624,2025-11-27 04:00:00,354,86,2,Bizum,0
6625,2025-11-10 21:00:00,378,134,1,Tarjeta,0
6626,2025-08-19 10:00:00,272,93,2,Tarjeta,10
6627,2025-06-27 08:00:00,89,116,3,Tarjeta,0
6628,2025-09-08 17:00:00,495,53,2,Bizum,0
6629,2025-07-08 15:00:00,354,115,2,Tarjeta,10
6630,2025-12-10 00:00:00,313,146,3,Tarjeta,5
6631,2025-08-14 04:00:00,326,87,1,Tarjeta,10
6632,2025-08-08 09:00:00,306,98,2,Bizum,10
6633,2025-02-16 08:00:00,376,91,3,Tarjeta,0
6634,2025-11-02 08:00:00,462,30,1,Cheque regalo,20
6635,2025-02-23 14:00:00,381,84,2,Tarjeta,0
6636,2025-04-19 23:00:00,238,25,3,Tarjeta,10
6637,2025-08-21 00:00:00,203,130,1,Bizum,0
6638,2025-08-20 15:00:00,204,28,4,Cheque regalo,0
6639,2025-01-04 09:00:00,333,104,3,Tarjeta,0
6640,2025-06-29 05:00:00,329,47,3,Tarjeta,0
6641,2025-06-02 22:00:00,327,117,2,Bizum,0
6642,2025-06-23 14:00:00,256,82,3,Tarjeta,0
6643,2025-09-12 23:00:00,477,51,4,Tarjeta,0
6644,2025-04-21 05:00:00,333,28,2,Efectivo,0
6645,2025-06-29 23:00:00,157,102,2,Tarjeta,0
6646,2025-09-06 19:00:00,72,102,2,Tarjeta,0
6647,2025-06-22 13:00:00,418,68,4,Tarjeta,0
6648,2025-06-21 01:00:00,59,63,4,Tarjeta,0
6649,2025-08-10 23:00:00,372,72,4,Tarjeta,15
6650,2025-12-03 09:00:00,32,84,3,Tarjeta,5
6651,2025-10-26 05:00:00,345,75,1,Bizum,0
6652,2025-10-27 01:00:00,31,131,2,Tarjeta,0
6653,2025-09-05 04:00:00,308,149,2,Efectivo,10
6654,2025-03-20 04:00:00,172,74,1,Bizum,5
6655,2025-03-28 05:00:00,38,112,1,Tarjeta,0
6656,2025-04-28 01:00:00,318,17,3,Bizum,15
6657,2025-12-30 23:00:00,319,51,2,Tarjeta,0
6658,2025-03-17 06:00:00,88,140,1,Bizum,0
6659,2025-08-11 13:00:00,174,76,4,Tarjeta,0
6660,2025-09-22 16:00:00,226,73,1,Cheque regalo,0
6661,2025-09-18 01:00:00,313,140,1,Tarjeta,0
6662,2025-10-01 08:00:00,443,148,1,Cheque regalo,15
6663,2025-02-17 11:00:00,368,130,2,Tarjeta,0
6664,2025-06-30 00:00:00,31,78,1,Tarjeta,0
6665,2025-05-22 16:00:00,377,29,3,Tarjeta,0
6666,2025-03-02 19:00:00,371,112,1,Bizum,5
6667,2025-10-29 10:00:00,282,32,1,Tarjeta,10
6668,2025-05-09 13:00:00,440,146,3,Tarjeta,20
6669,2025-04-25 08:00:00,228,130,1,Tarjeta,0
6670,2025-04-25 05:00:00,120,30,3,Efectivo,10
6671,2025-07-24 15:00:00,57,130,2,Bizum,0
6672,2025-04-21 20:00:00,336,110,1,Tarjeta,0
6673,2025-12-08 21:00:00,33,54,2,Tarjeta,0
6674,2025-12-26 13:00:00,47,77,4,Tarjeta,5
6675,2025-10-26 12:00:00,410,133,4,Tarjeta,0
6676,2025-05-03 09:00:00,233,33,2,Efectivo,5
6677,2025-11-27 17:00:00,334,3,1,Tarjeta,0
6678,2025-05-21 04:00:00,336,62,2,Tarjeta,0
6679,2025-08-15 11:00:00,206,108,2,Tarjeta,5
6680,2025-02-20 16:00:00,41,6,1,Tarjeta,0
6681,2025-01-03 09:00:00,375,86,2,Bizum,5
6682,2025-01-18 04:00:00,263,116,2,Bizum,0
6683,2025-11-22 07:00:00,451,82,2,Cheque regalo,5
6684,2025-09-01 20:00:00,133,82,1,Bizum,10
6685,2025-08-23 08:00:00,423,21,2,Efectivo,5
6686,2025-02-28 11:00:00,457,32,5,Tarjeta,10
6687,2025-01-08 17:00:00,232,96,3,Efectivo,20
6688,2025-02-17 16:00:00,284,33,1,Tarjeta,15
6689,2025-04-23 09:00:00,473,97,3,Tarjeta,10
6690,2025-08-06 04:00:00,263,127,2,Cheque regalo,5
6691,2025-09-11 18:00:00,214,120,2,Tarjeta,0
6692,2025-08-18 17:00:00,288,148,3,Tarjeta,0
6693,2025-03-14 15:00:00,280,11,3,Bizum,0
6694,2025-05-13 09:00:00,458,106,3,Cheque regalo,5
6695,2025-02-16 22:00:00,166,55,2,Tarjeta,20
6696,2025-12-18 05:00:00,185,40,3,Tarjeta,0
6697,2025-02-16 10:00:00,134,78,3,Cheque regalo,5
6698,2025-05-27 12:00:00,444,55,1,Tarjeta,0
6699,2025-01-16 09:00:00,398,130,2,Tarjeta,0
6700,2025-08-18 08:00:00,371,144,3,Tarjeta,5
6701,2025-08-17 05:00:00,91,40,1,Tarjeta,5
6702,2025-12-15 00:00:00,207,62,3,Efectivo,10
6703,2025-07-01 00:00:00,202,70,1,Tarjeta,0
6704,2025-11-06 07:00:00,256,32,1,Tarjeta,15
6705,2025-04-01 11:00:00,40,89,2,Bizum,10
6706,2025-03-24 12:00:00,100,36,2,Tarjeta,0
6707,2025-12-30 14:00:00,168,134,1,Bizum,0
6708,2025-12-27 15:00:00,3,43,2,Bizum,5
6709,2025-01-31 16:00:00,475,101,4,Tarjeta,0
6710,2025-08-23 12:00:00,124,109,4,Tarjeta,0
6711,2025-12-16 00:00:00,413,103,2,Tarjeta,10
6712,2025-10-03 12:00:00,380,13,4,Tarjeta,0
6713,2025-04-04 19:00:00,165,110,3,Tarjeta,0
6714,2025-05-13 16:00:00,387,9,1,Tarjeta,0
6715,2025-08-12 19:00:00,240,98,2,Tarjeta,10
6716,2025-05-17 05:00:00,101,6,3,Cheque regalo,0
6717,2025-05-03 11:00:00,477,117,2,Efectivo,5
6718,2025-08-22 20:00:00,370,90,2,Efectivo,0
6719,2025-03-17 04:00:00,456,147,2,Tarjeta,0
6720,2025-09-15 21:00:00,187,64,1,Tarjeta,0
6721,2025-01-05 01:00:00,343,149,1,Efectivo,10
6722,2025-06-03 05:00:00,76,64,3,Tarjeta,0
6723,2025-09-16 20:00:00,43,59,1,Tarjeta,0
6724,2025-05-25 15:00:00,267,27,3,Cheque regalo,5
6725,2025-02-19 11:00:00,377,133,1,Tarjeta,15
6726,2025-12-31 15:00:00,172,31,3,Efectivo,0
6727,2025-12-22 01:00:00,441,19,2,Tarjeta,0
6728,2025-04-18 15:00:00,355,6,1,Bizum,10
6729,2025-05-14 21:00:00,200,112,1,Tarjeta,5
6730,2025-07-27 08:00:00,455,79,2,Tarjeta,5
6731,2025-04-09 14:00:00,469,41,1,Bizum,5
6732,2025-07-02 17:00:00,291,142,2,Bizum,0
6733,2025-01-22 17:00:00,61,99,1,Bizum,0
6734,2025-02-09 06:00:00,131,59,2,Cheque regalo,5
6735,2025-01-17 23:00:00,462,12,1,Tarjeta,10
6736,2025-03-24 11:00:00,360,43,1,Bizum,5
6737,2025-10-11 04:00:00,223,149,1,Efectivo,15
6738,2025-01-07 13:00:00,197,120,2,Tarjeta,0
6739,2025-07-30 04:00:00,27,28,3,Tarjeta,5
6740,2025-08-16 06:00:00,142,109,4,Efectivo,0
6741,2025-11-07 16:00:00,223,120,4,Bizum,0
6742,2025-01-18 07:00:00,255,65,3,Bizum,10
6743,2025-10-31 21:00:00,205,103,4,Efectivo,10
6744,2025-08-10 19:00:00,195,85,2,Bizum,0
6745,2025-03-23 02:00:00,235,57,1,Tarjeta,0
6746,2025-11-24 12:00:00,11,65,2,Cheque regalo,0
6747,2025-08-04 00:00:00,372,16,3,Tarjeta,0
6748,2025-06-17 08:00:00,269,77,2,Bizum,15
6749,2025-12-21 11:00:00,173,77,2,Tarjeta,0
6750,2025-07-19 19:00:00,437,87,3,Tarjeta,0
6751,2025-08-13 14:00:00,469,72,1,Bizum,0
6752,2025-06-23 14:00:00,410,43,2,Tarjeta,20
6753,2025-10-02 23:00:00,208,130,2,Tarjeta,10
6754,2025-09-27 16:00:00,5,82,1,Bizum,0
6755,2025-08-18 18:00:00,191,6,3,Tarjeta,0
6756,2025-10-17 22:00:00,191,103,4,Tarjeta,0
6757,2025-11-01 18:00:00,444,67,3,Tarjeta,0
6758,2025-08-27 17:00:00,415,83,2,Tarjeta,0
6759,2025-02-15 21:00:00,14,63,3,Tarjeta,0
6760,2025-07-06 00:00:00,389,23,1,Tarjeta,5
6761,2025-06-06 06:00:00,109,51,2,Bizum,10
6762,2025-07-23 18:00:00,326,131,2,Tarjeta,5
6763,2025-11-09 14:00:00,121,71,1,Tarjeta,5
6764,2025-03-31 14:00:00,374,111,1,Tarjeta,5
6765,2025-05-07 18:00:00,422,1,2,Tarjeta,10
6766,2025-01-05 15:00:00,129,69,4,Efectivo,0
6767,2025-02-09 21:00:00,330,17,3,Efectivo,20
6768,2025-06-28 17:00:00,252,3,3,Bizum,0
6769,2025-03-03 14:00:00,398,118,3,Tarjeta,0
6770,2025-04-07 01:00:00,393,95,2,Tarjeta,0
6771,2025-10-08 14:00:00,292,18,3,Tarjeta,5
6772,2025-01-28 17:00:00,50,4,3,Tarjeta,0
6773,2025-10-15 15:00:00,429,144,1,Tarjeta,0
6774,2025-09-21 16:00:00,50,108,2,Tarjeta,0
6775,2025-03-14 21:00:00,99,102,2,Tarjeta,5
6776,2025-08-12 11:00:00,215,88,1,Tarjeta,0
6777,2025-10-18 00:00:00,291,35,4,Bizum,0
6778,2025-08-21 00:00:00,294,125,2,Efectivo,0
6779,2025-02-20 00:00:00,388,3,4,Tarjeta,0
6780,2025-08-06 14:00:00,434,73,2,Bizum,0
6781,2025-01-01 21:00:00,247,85,1,Tarjeta,10
6782,2025-08-21 12:00:00,382,89,3,Tarjeta,5
6783,2025-05-18 19:00:00,263,24,1,Bizum,5
6784,2025-03-04 00:00:00,38,55,3,Tarjeta,0
6785,2025-02-13 21:00:00,58,15,2,Tarjeta,0
6786,2025-05-05 10:00:00,98,99,3,Bizum,10
6787,2025-10-01 15:00:00,145,15,1,Tarjeta,0
6788,2025-10-24 21:00:00,32,72,4,Tarjeta,0
6789,2025-06-21 23:00:00,81,126,1,Cheque regalo,0
6790,2025-04-05 04:00:00,471,82,3,Efectivo,0
6791,2025-07-04 15:00:00,104,4,3,Tarjeta,0
6792,2025-03-23 15:00:00,436,115,2,Tarjeta,5
6793,2025-11-29 22:00:00,41,9,4,Bizum,0
6794,2025-05-30 19:00:00,455,105,3,Bizum,5
6795,2025-04-14 11:00:00,410,89,1,Efectivo,5
6796,2025-01-05 12:00:00,160,72,1,Tarjeta,20
6797,2025-07-26 03:00:00,289,30,2,Bizum,0
6798,2025-02-14 01:00:00,246,142,2,Bizum,5
6799,2025-06-05 18:00:00,25,85,1,Tarjeta,0
6800,2025-02-10 10:00:00,499,100,2,Tarjeta,0
6801,2025-12-31 21:00:00,6,57,2,Tarjeta,0
6802,2025-05-16 16:00:00,190,12,4,Tarjeta,0
6803,2025-07-21 08:00:00,220,43,2,Tarjeta,0
6804,2025-06-28 12:00:00,345,58,3,Tarjeta,0
6805,2025-05-02 22:00:00,321,92,4,Efectivo,0
6806,2025-08-24 00:00:00,363,6,1,Bizum,10
6807,2025-08-30 17:00:00,460,118,2,Tarjeta,10
6808,2025-12-09 19:00:00,73,26,3,Tarjeta,5
6809,2025-08-06 04:00:00,276,54,2,Efectivo,0
6810,2025-06-23 11:00:00,397,104,2,Tarjeta,15
6811,2025-10-01 19:00:00,284,60,2,Bizum,0
6812,2025-08-11 18:00:00,493,133,2,Tarjeta,5
6813,2025-07-25 16:00:00,62,53,3,Efectivo,0
6814,2025-12-24 04:00:00,359,77,3,Tarjeta,0
6815,2025-02-05 14:00:00,370,18,2,Tarjeta,0
6816,2025-02-09 04:00:00,498,134,2,Tarjeta,0
6817,2025-07-04 15:00:00,321,87,2,Bizum,0
6818,2025-09-29 23:00:00,494,131,1,Efectivo,0
6819,2025-08-18 12:00:00,91,134,2,Bizum,10
6820,2025-07-18 00:00:00,431,32,3,Tarjeta,0
6821,2025-12-24 10:00:00,19,115,2,Tarjeta,5
6822,2025-06-07 15:00:00,354,39,7,Bizum,5
6823,2025-11-24 19:00:00,437,83,2,Cheque regalo,0
6824,2025-10-27 19:00:00,461,139,1,Bizum,10
6825,2025-11-09 19:00:00,104,46,1,Bizum,10
6826,2025-08-11 22:00:00,5,75,2,Tarjeta,0
6827,2025-03-22 05:00:00,290,90,3,Tarjeta,10
6828,2025-08-09 17:00:00,55,114,2,Efectivo,0
6829,2025-05-28 14:00:00,317,80,2,Tarjeta,0
6830,2025-06-17 06:00:00,355,67,2,Tarjeta,0
6831,2025-01-21 15:00:00,299,117,2,Tarjeta,0
6832,2025-10-20 00:00:00,162,105,3,Efectivo,0
6833,2025-06-08 02:00:00,361,1,3,Efectivo,5
6834,2025-05-04 01:00:00,235,140,1,Bizum,15
6835,2025-01-17 10:00:00,312,35,2,Tarjeta,5
6836,2025-08-25 10:00:00,343,20,2,Bizum,10
6837,2025-10-29 12:00:00,243,105,3,Tarjeta,15
6838,2025-12-27 08:00:00,400,149,1,Tarjeta,0
6839,2025-10-28 05:00:00,377,16,2,Efectivo,5
6840,2025-07-27 09:00:00,473,120,3,Tarjeta,0
6841,2025-01-08 18:00:00,427,144,1,Bizum,0
6842,2025-07-31 05:00:00,295,61,3,Tarjeta,0
6843,2025-04-25 15:00:00,157,130,2,Tarjeta,0
6844,2025-01-14 17:00:00,32,145,2,Tarjeta,5
6845,2025-05-02 11:00:00,240,127,4,Cheque regalo,0
6846,2025-02-06 08:00:00,275,93,2,Efectivo,20
6847,2025-05-16 20:00:00,284,96,1,Tarjeta,0
6848,2025-08-22 17:00:00,191,44,2,Tarjeta,10
6849,2025-01-17 13:00:00,21,22,4,Tarjeta,0
6850,2025-08-27 16:00:00,57,150,5,Bizum,0
6851,2025-06-28 07:00:00,394,79,2,Tarjeta,0
6852,2025-10-10 05:00:00,415,80,3,Tarjeta,15
6853,2025-12-31 23:00:00,65,62,4,Efectivo,0
6854,2025-02-14 15:00:00,270,146,2,Tarjeta,10
6855,2025-12-13 11:00:00,450,125,2,Tarjeta,5
6856,2025-06-03 19:00:00,431,39,3,Efectivo,5
6857,2025-03-29 02:00:00,78,85,3,Efectivo,0
6858,2025-06-16 08:00:00,316,128,2,Tarjeta,0
6859,2025-09-27 03:00:00,179,98,4,Tarjeta,15
6860,2025-11-14 13:00:00,212,66,4,Efectivo,0
6861,2025-02-21 21:00:00,103,143,3,Tarjeta,0
6862,2025-11-17 12:00:00,47,41,1,Bizum,10
6863,2025-01-01 15:00:00,160,51,2,Cheque regalo,0
6864,2025-09-27 15:00:00,182,138,3,Tarjeta,5
6865,2025-12-17 17:00:00,338,73,3,Tarjeta,0
6866,2025-12-18 12:00:00,65,77,3,Efectivo,0
6867,2025-11-30 06:00:00,132,45,1,Bizum,15
6868,2025-11-25 09:00:00,205,69,3,Tarjeta,0
6869,2025-02-28 18:00:00,291,104,3,Bizum,0
6870,2025-06-16 11:00:00,109,42,1,Tarjeta,0
6871,2025-10-17 08:00:00,52,48,4,Tarjeta,15
6872,2025-07-04 03:00:00,313,133,3,Tarjeta,10
6873,2025-10-05 12:00:00,65,70,1,Tarjeta,10
6874,2025-03-10 17:00:00,15,5,1,Tarjeta,10
6875,2025-10-05 09:00:00,162,144,3,Bizum,5
6876,2025-11-07 12:00:00,21,118,3,Tarjeta,0
6877,2025-11-04 22:00:00,429,90,2,Bizum,0
6878,2025-06-30 07:00:00,93,131,2,Cheque regalo,20
6879,2025-04-01 06:00:00,118,83,2,Bizum,0
6880,2025-04-10 04:00:00,265,42,2,Efectivo,0
6881,2025-09-21 19:00:00,66,41,2,Efectivo,0
6882,2025-06-23 06:00:00,24,114,3,Cheque regalo,0
6883,2025-01-10 19:00:00,96,97,2,Tarjeta,5
6884,2025-08-19 09:00:00,380,111,3,Tarjeta,0
6885,2025-06-09 11:00:00,73,106,1,Tarjeta,0
6886,2025-06-25 13:00:00,228,2,1,Bizum,0
6887,2025-10-12 02:00:00,223,112,2,Efectivo,0
6888,2025-04-30 11:00:00,31,3,3,Tarjeta,0
6889,2025-12-10 06:00:00,137,16,3,Tarjeta,15
6890,2025-05-01 19:00:00,7,134,1,Tarjeta,0
6891,2025-12-02 17:00:00,286,91,1,Tarjeta,5
6892,2025-07-25 00:00:00,393,122,2,Bizum,0
6893,2025-11-02 05:00:00,434,36,1,Bizum,0
6894,2025-11-07 22:00:00,199,110,1,Tarjeta,10
6895,2025-08-20 09:00:00,163,41,1,Tarjeta,0
6896,2025-02-18 11:00:00,144,40,1,Tarjeta,0
6897,2025-11-03 01:00:00,395,115,3,Bizum,10
6898,2025-07-19 10:00:00,359,6,4,Tarjeta,0
6899,2025-10-14 06:00:00,24,145,1,Bizum,0
6900,2025-01-07 23:00:00,77,83,1,Tarjeta,0
6901,2025-06-17 19:00:00,398,62,4,Tarjeta,0
6902,2025-03-16 13:00:00,46,105,3,Tarjeta,5
6903,2025-02-07 12:00:00,379,63,4,Tarjeta,0
6904,2025-02-12 19:00:00,202,108,2,Tarjeta,0
6905,2025-07-21 01:00:00,288,138,1,Bizum,5
6906,2025-07-04 23:00:00,331,47,3,Efectivo,0
6907,2025-10-13 02:00:00,191,54,1,Tarjeta,5
6908,2025-12-21 00:00:00,318,29,2,Tarjeta,0
6909,2025-06-16 18:00:00,69,5,1,Tarjeta,5
6910,2025-10-05 18:00:00,103,26,1,Cheque regalo,5
6911,2025-08-22 02:00:00,70,97,3,Bizum,0
6912,2025-10-06 16:00:00,369,123,3,Tarjeta,5
6913,2025-05-09 21:00:00,98,146,2,Tarjeta,0
6914,2025-04-09 03:00:00,75,119,2,Cheque regalo,5
6915,2025-08-26 07:00:00,91,25,2,Tarjeta,0
6916,2025-08-11 06:00:00,304,5,1,Tarjeta,0
6917,2025-10-24 05:00:00,11,29,1,Bizum,5
6918,2025-05-23 23:00:00,287,52,3,Bizum,0
6919,2025-05-27 04:00:00,225,28,2,Tarjeta,0
6920,2025-03-29 07:00:00,150,40,3,Tarjeta,0
6921,2025-04-26 15:00:00,254,49,2,Tarjeta,0
6922,2025-08-18 06:00:00,99,60,3,Tarjeta,5
6923,2025-02-12 09:00:00,181,107,2,Tarjeta,5
6924,2025-03-13 17:00:00,313,120,2,Tarjeta,5
6925,2025-05-17 13:00:00,435,75,2,Tarjeta,10
6926,2025-03-05 17:00:00,371,88,3,Bizum,0
6927,2025-07-02 19:00:00,370,64,1,Tarjeta,10
6928,2025-06-27 05:00:00,318,146,5,Efectivo,0
6929,2025-01-09 01:00:00,472,91,3,Tarjeta,0
6930,2025-08-05 06:00:00,291,91,2,Cheque regalo,0
6931,2025-05-25 03:00:00,109,41,2,Tarjeta,0
6932,2025-03-11 08:00:00,277,42,3,Tarjeta,0
6933,2025-10-27 20:00:00,200,121,2,Bizum,5
6934,2025-05-16 20:00:00,11,49,2,Tarjeta,5
6935,2025-03-30 23:00:00,330,104,1,Bizum,5
6936,2025-11-08 04:00:00,424,108,4,Tarjeta,0
6937,2025-01-28 01:00:00,100,134,2,Tarjeta,15
6938,2025-08-10 19:00:00,186,25,2,Bizum,15
6939,2025-10-14 23:00:00,325,48,3,Tarjeta,20
6940,2025-06-19 13:00:00,182,35,2,Tarjeta,0
6941,2025-02-15 03:00:00,411,47,4,Tarjeta,5
6942,2025-02-26 06:00:00,314,40,1,Tarjeta,5
6943,2025-05-23 19:00:00,43,61,2,Tarjeta,0
6944,2025-11-29 08:00:00,213,42,2,Tarjeta,15
6945,2025-03-30 22:00:00,15,62,2,Tarjeta,5
6946,2025-04-17 17:00:00,164,27,3,Cheque regalo,10
6947,2025-02-23 17:00:00,325,10,2,Efectivo,0
6948,2025-05-12 10:00:00,385,105,3,Tarjeta,15
6949,2025-05-19 21:00:00,137,5,3,Bizum,20
6950,2025-03-31 18:00:00,372,114,3,Tarjeta,0
6951,2025-01-02 17:00:00,125,143,1,Tarjeta,0
6952,2025-03-05 01:00:00,310,5,3,Tarjeta,0
6953,2025-06-17 01:00:00,260,67,1,Tarjeta,0
6954,2025-01-10 07:00:00,29,112,2,Tarjeta,0
6955,2025-08-17 07:00:00,430,24,1,Tarjeta,10
6956,2025-08-29 14:00:00,84,126,2,Bizum,0
6957,2025-04-03 10:00:00,270,117,1,Tarjeta,0
6958,2025-12-22 06:00:00,437,90,2,Bizum,0
6959,2025-06-19 22:00:00,35,54,2,Efectivo,5
6960,2025-09-21 20:00:00,188,41,2,Tarjeta,0
6961,2025-05-27 00:00:00,361,59,1,Efectivo,0
6962,2025-04-25 01:00:00,116,65,4,Efectivo,20
6963,2025-07-24 22:00:00,100,91,4,Tarjeta,0
6964,2025-07-04 00:00:00,357,130,4,Efectivo,0
6965,2025-01-04 07:00:00,11,22,2,Tarjeta,5
6966,2025-07-24 18:00:00,324,77,1,Tarjeta,0
6967,2025-02-25 22:00:00,303,118,3,Bizum,0
6968,2025-07-16 19:00:00,240,19,3,Tarjeta,0
6969,2025-11-13 14:00:00,145,61,3,Tarjeta,0
6970,2025-10-09 14:00:00,180,3,3,Tarjeta,0
6971,2025-09-04 09:00:00,100,70,3,Bizum,0
6972,2025-07-31 12:00:00,89,130,1,Tarjeta,0
6973,2025-01-07 08:00:00,235,22,2,Tarjeta,0
6974,2025-11-12 16:00:00,291,3,3,Tarjeta,0
6975,2025-11-18 02:00:00,495,138,4,Tarjeta,0
6976,2025-08-02 09:00:00,420,144,3,Tarjeta,5
6977,2025-03-25 12:00:00,457,150,2,Tarjeta,0
6978,2025-01-16 01:00:00,82,40,3,Tarjeta,10
6979,2025-07-17 00:00:00,422,82,4,Tarjeta,10
6980,2025-06-27 13:00:00,411,92,4,Tarjeta,5
6981,2025-12-29 19:00:00,177,33,2,Bizum,0
6982,2025-07-24 04:00:00,381,59,1,Tarjeta,0
6983,2025-06-17 13:00:00,399,118,1,Tarjeta,0
6984,2025-07-12 00:00:00,312,125,2,Bizum,5
6985,2025-12-09 10:00:00,161,26,2,Tarjeta,10
6986,2025-11-13 17:00:00,430,61,1,Tarjeta,15
6987,2025-06-12 02:00:00,480,122,1,Tarjeta,20
6988,2025-07-05 00:00:00,440,39,4,Tarjeta,0
6989,2025-08-14 00:00:00,203,79,1,Bizum,5
6990,2025-03-08 00:00:00,170,39,2,Tarjeta,0
6991,2025-04-29 23:00:00,182,143,2,Tarjeta,0
6992,2025-04-29 05:00:00,332,92,3,Tarjeta,5
6993,2025-05-23 10:00:00,287,20,3,Tarjeta,0
6994,2025-05-19 22:00:00,315,66,2,Bizum,0
6995,2025-10-20 16:00:00,177,138,3,Tarjeta,10
6996,2025-02-23 16:00:00,106,6,2,Tarjeta,0
6997,2025-10-25 15:00:00,80,39,3,Bizum,15
6998,2025-01-04 19:00:00,182,149,3,Tarjeta,15
6999,2025-12-06 03:00:00,33,82,2,Efectivo,15
7000,2025-05-02 21:00:00,169,134,1,Tarjeta,5
7001,2025-03-12 20:00:00,291,77,2,Tarjeta,10
7002,2025-02-06 23:00:00,96,76,2,Tarjeta,15
7003,2025-05-01 19:00:00,56,34,1,Tarjeta,0
7004,2025-10-09 03:00:00,357,130,4,Tarjeta,0
7005,2025-12-30 08:00:00,144,101,3,Tarjeta,0
7006,2025-07-02 17:00:00,235,2,1,Tarjeta,0
7007,2025-11-24 10:00:00,408,55,1,Tarjeta,0
7008,2025-10-15 04:00:00,326,31,1,Tarjeta,5
7009,2025-08-04 21:00:00,108,2,1,Cheque regalo,5
7010,2025-05-08 18:00:00,418,102,2,Cheque regalo,0
7011,2025-08-25 05:00:00,480,71,1,Bizum,10
7012,2025-02-20 22:00:00,43,123,4,Tarjeta,0
7013,2025-09-30 19:00:00,70,69,1,Bizum,5
7014,2025-11-11 19:00:00,377,86,1,Efectivo,0
7015,2025-04-03 09:00:00,454,83,1,Bizum,0
7016,2025-05-09 05:00:00,32,2,1,Efectivo,20
7017,2025-05-27 14:00:00,473,77,2,Bizum,0
7018,2025-09-11 15:00:00,110,101,2,Efectivo,0
7019,2025-06-01 19:00:00,251,133,2,Efectivo,0
7020,2025-07-08 09:00:00,475,132,1,Bizum,5
7021,2025-07-21 08:00:00,292,128,1,Efectivo,15
7022,2025-07-13 07:00:00,145,62,2,Tarjeta,0
7023,2025-11-09 15:00:00,267,4,1,Bizum,0
7024,2025-07-05 04:00:00,416,16,3,Bizum,10
7025,2025-08-03 04:00:00,133,129,3,Tarjeta,5
7026,2025-07-15 06:00:00,5,82,2,Efectivo,0
7027,2025-11-29 18:00:00,382,38,1,Efectivo,0
7028,2025-03-07 18:00:00,9,49,3,Tarjeta,10
7029,2025-11-25 16:00:00,45,33,2,Tarjeta,0
7030,2025-09-28 18:00:00,156,107,2,Tarjeta,0
7031,2025-12-04 06:00:00,437,53,3,Tarjeta,5
7032,2025-06-19 09:00:00,471,67,1,Tarjeta,5
7033,2025-01-09 07:00:00,285,79,2,Tarjeta,0
7034,2025-03-30 21:00:00,153,113,3,Cheque regalo,0
7035,2025-07-12 08:00:00,168,92,3,Tarjeta,10
7036,2025-02-18 02:00:00,496,132,1,Bizum,5
7037,2025-08-19 05:00:00,295,76,3,Efectivo,0
7038,2025-12-17 03:00:00,322,90,1,Tarjeta,0
7039,2025-09-08 03:00:00,32,106,1,Bizum,0
7040,2025-03-04 08:00:00,362,132,1,Tarjeta,5
7041,2025-11-27 05:00:00,250,36,3,Efectivo,0
7042,2025-11-16 17:00:00,344,95,2,Tarjeta,15
7043,2025-02-20 12:00:00,249,146,1,Bizum,0
7044,2025-08-21 04:00:00,59,38,2,Bizum,0
7045,2025-08-01 05:00:00,402,6,3,Tarjeta,0
7046,2025-01-28 10:00:00,141,79,2,Cheque regalo,5
7047,2025-06-30 07:00:00,43,123,1,Tarjeta,0
7048,2025-07-24 08:00:00,471,112,2,Bizum,0
7049,2025-04-08 08:00:00,246,3,4,Bizum,0
7050,2025-07-23 05:00:00,388,59,2,Bizum,0
7051,2025-10-15 04:00:00,67,49,2,Efectivo,0
7052,2025-01-27 13:00:00,57,71,4,Tarjeta,0
7053,2025-11-15 06:00:00,336,23,3,Tarjeta,15
7054,2025-09-07 13:00:00,212,82,1,Tarjeta,10
7055,2025-06-21 10:00:00,461,92,5,Bizum,0
7056,2025-06-17 11:00:00,136,46,1,Efectivo,0
7057,2025-05-19 09:00:00,383,69,2,Efectivo,0
7058,2025-06-28 03:00:00,225,102,1,Efectivo,5
7059,2025-08-21 06:00:00,275,41,1,Efectivo,0
7060,2025-08-21 10:00:00,172,118,1,Tarjeta,0
7061,2025-09-10 12:00:00,112,150,2,Bizum,0
7062,2025-06-13 07:00:00,416,106,3,Tarjeta,0
7063,2025-12-18 07:00:00,448,91,1,Tarjeta,0
7064,2025-11-18 15:00:00,332,41,1,Bizum,0
7065,2025-07-03 02:00:00,251,25,1,Tarjeta,0
7066,2025-01-18 20:00:00,434,28,3,Tarjeta,15
7067,2025-03-31 08:00:00,86,35,2,Tarjeta,0
7068,2025-08-11 14:00:00,91,148,1,Tarjeta,10
7069,2025-03-05 04:00:00,378,57,2,Tarjeta,0
7070,2025-04-27 07:00:00,289,59,2,Tarjeta,0
7071,2025-03-25 10:00:00,350,56,2,Cheque regalo,0
7072,2025-11-23 01:00:00,368,38,1,Tarjeta,0
7073,2025-06-25 03:00:00,407,146,2,Efectivo,0
7074,2025-08-17 09:00:00,16,101,2,Tarjeta,5
7075,2025-08-18 15:00:00,7,108,1,Tarjeta,0
7076,2025-03-27 22:00:00,310,7,2,Efectivo,0
7077,2025-01-19 03:00:00,494,1,2,Efectivo,0
7078,2025-03-01 02:00:00,67,23,2,Efectivo,0
7079,2025-10-28 01:00:00,375,129,2,Tarjeta,15
7080,2025-03-26 13:00:00,334,72,1,Tarjeta,10
7081,2025-09-06 23:00:00,30,120,1,Tarjeta,0
7082,2025-01-14 09:00:00,43,133,1,Tarjeta,0
7083,2025-08-11 10:00:00,207,5,1,Tarjeta,20
7084,2025-06-06 16:00:00,84,4,1,Tarjeta,0
7085,2025-03-25 08:00:00,120,148,2,Tarjeta,0
7086,2025-02-01 05:00:00,312,43,4,Tarjeta,5
7087,2025-11-12 19:00:00,478,17,2,Tarjeta,0
7088,2025-01-04 08:00:00,52,1,3,Tarjeta,0
7089,2025-03-27 02:00:00,394,46,1,Tarjeta,0
7090,2025-11-20 21:00:00,296,62,1,Tarjeta,0
7091,2025-02-16 09:00:00,27,101,1,Tarjeta,0
7092,2025-06-09 20:00:00,459,8,3,Tarjeta,0
7093,2025-12-28 19:00:00,356,123,2,Tarjeta,0
7094,2025-08-31 18:00:00,393,7,3,Tarjeta,0
7095,2025-11-10 22:00:00,37,94,4,Efectivo,10
7096,2025-06-01 23:00:00,347,137,2,Efectivo,5
7097,2025-12-25 21:00:00,291,94,4,Bizum,0
7098,2025-10-12 12:00:00,73,12,3,Efectivo,0
7099,2025-02-13 11:00:00,100,127,2,Tarjeta,0
7100,2025-06-23 18:00:00,84,44,1,Tarjeta,0
7101,2025-01-05 19:00:00,20,55,2,Tarjeta,0
7102,2025-09-09 18:00:00,416,45,2,Tarjeta,0
7103,2025-11-04 20:00:00,48,103,1,Bizum,0
7104,2025-12-29 01:00:00,322,17,1,Cheque regalo,0
7105,2025-11-02 21:00:00,102,78,1,Tarjeta,0
7106,2025-05-20 02:00:00,191,102,3,Tarjeta,10
7107,2025-06-21 05:00:00,40,129,3,Tarjeta,10
7108,2025-06-22 10:00:00,201,105,3,Bizum,0
7109,2025-11-25 23:00:00,477,55,1,Efectivo,5
7110,2025-07-01 04:00:00,59,49,2,Tarjeta,15
7111,2025-01-31 20:00:00,423,52,4,Efectivo,20
7112,2025-10-24 23:00:00,340,105,3,Tarjeta,0
7113,2025-12-19 22:00:00,366,100,3,Bizum,5
7114,2025-10-02 07:00:00,49,109,2,Tarjeta,0
7115,2025-01-06 01:00:00,64,124,3,Bizum,0
7116,2025-03-28 12:00:00,460,18,3,Tarjeta,5
7117,2025-09-22 07:00:00,295,73,1,Bizum,0
7118,2025-09-16 17:00:00,437,27,3,Efectivo,0
7119,2025-01-30 06:00:00,16,26,2,Tarjeta,20
7120,2025-03-21 15:00:00,206,116,4,Efectivo,0
7121,2025-08-06 04:00:00,331,26,2,Efectivo,0
7122,2025-11-20 11:00:00,200,63,2,Bizum,10
7123,2025-08-28 20:00:00,379,75,2,Efectivo,0
7124,2025-04-18 06:00:00,335,13,1,Tarjeta,15
7125,2025-01-09 05:00:00,79,15,3,Tarjeta,5
7126,2025-10-23 17:00:00,244,40,3,Tarjeta,0
7127,2025-02-27 23:00:00,459,80,2,Bizum,0
7128,2025-12-25 01:00:00,146,48,1,Tarjeta,20
7129,2025-03-17 06:00:00,381,72,2,Tarjeta,15
7130,2025-10-27 05:00:00,150,109,3,Tarjeta,0
7131,2025-05-26 01:00:00,270,48,2,Efectivo,5
7132,2025-05-02 19:00:00,40,21,4,Tarjeta,0
7133,2025-04-28 07:00:00,31,146,2,Tarjeta,0
7134,2025-07-19 23:00:00,461,97,2,Tarjeta,0
7135,2025-08-07 07:00:00,152,49,1,Bizum,0
7136,2025-01-14 02:00:00,87,10,4,Tarjeta,0
7137,2025-12-02 08:00:00,160,87,3,Tarjeta,5
7138,2025-05-17 06:00:00,168,34,2,Tarjeta,5
7139,2025-07-25 10:00:00,42,98,4,Bizum,0
7140,2025-07-30 22:00:00,170,90,1,Tarjeta,0
7141,2025-06-18 09:00:00,41,107,2,Tarjeta,5
7142,2025-08-08 12:00:00,301,102,1,Efectivo,5
7143,2025-05-01 21:00:00,205,70,1,Tarjeta,5
7144,2025-01-04 11:00:00,279,87,1,Tarjeta,5
7145,2025-02-28 08:00:00,292,13,2,Tarjeta,15
7146,2025-07-21 06:00:00,80,117,3,Tarjeta,10
7147,2025-10-28 11:00:00,320,115,1,Efectivo,0
7148,2025-01-09 21:00:00,329,120,1,Tarjeta,0
7149,2025-01-04 17:00:00,388,5,3,Bizum,0
7150,2025-07-16 22:00:00,260,37,3,Tarjeta,15
7151,2025-04-19 23:00:00,59,46,3,Bizum,5
7152,2025-04-26 18:00:00,7,61,2,Efectivo,5
7153,2025-08-17 12:00:00,334,68,1,Tarjeta,5
7154,2025-07-26 09:00:00,69,86,1,Tarjeta,0
7155,2025-07-12 15:00:00,180,137,4,Tarjeta,0
7156,2025-08-03 19:00:00,373,59,1,Tarjeta,0
7157,2025-02-02 02:00:00,446,59,1,Tarjeta,0
7158,2025-10-10 12:00:00,475,48,4,Bizum,5
7159,2025-02-04 18:00:00,401,3,1,Tarjeta,0
7160,2025-11-25 14:00:00,355,133,1,Bizum,0
7161,2025-11-22 19:00:00,169,22,2,Tarjeta,5
7162,2025-12-27 09:00:00,286,113,2,Tarjeta,0
7163,2025-06-12 06:00:00,374,73,1,Efectivo,0
7164,2025-03-31 08:00:00,112,84,3,Tarjeta,0
7165,2025-05-24 08:00:00,416,64,4,Tarjeta,10
7166,2025-11-19 20:00:00,4,25,1,Cheque regalo,0
7167,2025-05-02 05:00:00,118,119,1,Bizum,5
7168,2025-01-12 13:00:00,38,135,1,Bizum,0
7169,2025-01-11 20:00:00,28,137,3,Tarjeta,0
7170,2025-04-27 10:00:00,121,64,4,Tarjeta,5
7171,2025-02-15 16:00:00,30,48,4,Tarjeta,15
7172,2025-09-01 16:00:00,455,149,1,Bizum,0
7173,2025-07-16 08:00:00,234,111,2,Efectivo,0
7174,2025-10-27 02:00:00,370,124,2,Tarjeta,15
7175,2025-06-29 15:00:00,245,59,2,Tarjeta,0
7176,2025-11-20 01:00:00,389,45,1,Bizum,0
7177,2025-03-30 22:00:00,169,23,2,Cheque regalo,0
7178,2025-04-21 21:00:00,163,111,4,Tarjeta,5
7179,2025-01-19 10:00:00,455,54,2,Efectivo,0
7180,2025-07-21 16:00:00,312,67,1,Tarjeta,5
7181,2025-08-20 17:00:00,55,86,2,Tarjeta,0
7182,2025-04-13 15:00:00,5,5,2,Efectivo,10
7183,2025-10-22 17:00:00,7,54,1,Bizum,0
7184,2025-05-22 17:00:00,181,56,1,Cheque regalo,0
7185,2025-08-09 08:00:00,22,25,2,Tarjeta,15
7186,2025-02-12 18:00:00,427,104,1,Tarjeta,0
7187,2025-05-13 00:00:00,238,18,3,Tarjeta,0
7188,2025-12-10 06:00:00,50,148,3,Tarjeta,0
7189,2025-09-21 08:00:00,73,10,3,Efectivo,0
7190,2025-05-08 05:00:00,58,95,3,Cheque regalo,15
7191,2025-05-18 03:00:00,401,8,2,Bizum,20
7192,2025-06-22 05:00:00,286,46,1,Tarjeta,0
7193,2025-07-14 18:00:00,67,101,1,Bizum,0
7194,2025-02-28 06:00:00,30,16,2,Bizum,0
7195,2025-01-20 13:00:00,221,30,2,Tarjeta,5
7196,2025-10-07 00:00:00,430,139,1,Tarjeta,0
7197,2025-07-12 19:00:00,425,149,3,Efectivo,5
7198,2025-10-20 09:00:00,29,22,2,Efectivo,0
7199,2025-03-16 11:00:00,361,13,2,Tarjeta,15
7200,2025-02-02 12:00:00,459,144,2,Tarjeta,5
7201,2025-10-29 10:00:00,267,82,1,Bizum,0
7202,2025-03-03 09:00:00,192,71,3,Tarjeta,0
7203,2025-11-07 20:00:00,382,100,3,Tarjeta,10
7204,2025-02-07 06:00:00,184,21,3,Tarjeta,20
7205,2025-01-31 09:00:00,160,128,1,Tarjeta,15
7206,2025-04-07 22:00:00,369,98,2,Tarjeta,0
7207,2025-11-10 10:00:00,219,101,1,Bizum,0
7208,2025-12-29 22:00:00,125,68,3,Cheque regalo,0
7209,2025-01-08 07:00:00,48,133,3,Efectivo,5
7210,2025-11-13 13:00:00,450,52,3,Bizum,0
7211,2025-09-25 10:00:00,209,121,1,Tarjeta,0
7212,2025-12-16 03:00:00,291,7,4,Tarjeta,0
7213,2025-04-14 15:00:00,232,123,1,Tarjeta,0
7214,2025-12-25 13:00:00,165,99,3,Bizum,15
7215,2025-01-15 01:00:00,238,139,2,Efectivo,5
7216,2025-04-05 09:00:00,177,42,2,Efectivo,0
7217,2025-02-19 13:00:00,354,139,2,Tarjeta,0
7218,2025-01-10 14:00:00,473,57,3,Tarjeta,0
7219,2025-04-20 09:00:00,126,22,2,Tarjeta,0
7220,2025-09-09 17:00:00,365,35,1,Efectivo,0
7221,2025-11-27 19:00:00,168,36,2,Efectivo,0
7222,2025-12-29 18:00:00,492,14,2,Cheque regalo,0
7223,2025-03-25 22:00:00,206,149,1,Tarjeta,0
7224,2025-03-06 07:00:00,123,68,3,Tarjeta,0
7225,2025-12-24 16:00:00,52,43,2,Tarjeta,10
7226,2025-11-12 18:00:00,164,146,2,Tarjeta,5
7227,2025-07-10 09:00:00,307,22,1,Efectivo,0
7228,2025-12-10 20:00:00,287,127,2,Efectivo,0
7229,2025-11-26 22:00:00,230,134,1,Tarjeta,0
7230,2025-02-10 12:00:00,180,79,4,Tarjeta,0
7231,2025-09-25 12:00:00,34,18,1,Tarjeta,0
7232,2025-08-28 13:00:00,260,59,1,Tarjeta,0
7233,2025-02-16 18:00:00,112,89,2,Tarjeta,0
7234,2025-01-03 06:00:00,18,100,5,Tarjeta,20
7235,2025-09-12 03:00:00,113,29,2,Tarjeta,0
7236,2025-03-05 14:00:00,110,106,1,Tarjeta,0
7237,2025-05-03 16:00:00,57,86,5,Tarjeta,0
7238,2025-02-18 20:00:00,190,131,3,Bizum,5
7239,2025-01-03 22:00:00,473,124,2,Efectivo,5
7240,2025-03-17 11:00:00,343,79,2,Tarjeta,15
7241,2025-08-12 09:00:00,187,18,2,Tarjeta,5
7242,2025-03-22 02:00:00,200,141,2,Tarjeta,5
7243,2025-02-21 03:00:00,399,31,3,Efectivo,5
7244,2025-07-06 17:00:00,318,11,3,Tarjeta,5
7245,2025-08-02 19:00:00,369,6,3,Tarjeta,0
7246,2025-07-21 15:00:00,209,8,1,Tarjeta,5
7247,2025-03-27 01:00:00,69,145,1,Tarjeta,0
7248,2025-11-12 17:00:00,196,116,2,Tarjeta,0
7249,2025-05-14 09:00:00,220,147,1,Bizum,5
7250,2025-11-10 03:00:00,67,111,1,Tarjeta,0
7251,2025-05-15 02:00:00,211,145,2,Tarjeta,0
7252,2025-11-17 07:00:00,133,8,1,Tarjeta,0
7253,2025-07-22 00:00:00,343,133,1,Tarjeta,5
7254,2025-10-18 23:00:00,260,48,3,Tarjeta,10
7255,2025-09-02 11:00:00,298,32,1,Efectivo,0
7256,2025-09-05 03:00:00,341,57,3,Efectivo,0
7257,2025-06-15 19:00:00,104,112,4,Efectivo,0
7258,2025-10-24 02:00:00,83,30,2,Bizum,5
7259,2025-02-25 00:00:00,425,30,1,Efectivo,0
7260,2025-02-21 16:00:00,99,1,2,Efectivo,0
7261,2025-11-17 17:00:00,63,68,1,Bizum,15
7262,2025-06-04 08:00:00,344,20,1,Tarjeta,0
7263,2025-07-14 18:00:00,420,65,3,Tarjeta,0
7264,2025-04-27 23:00:00,16,103,2,Tarjeta,0
7265,2025-03-30 07:00:00,129,80,3,Bizum,0
7266,2025-02-09 02:00:00,150,69,3,Tarjeta,5
7267,2025-04-09 14:00:00,160,38,2,Bizum,0
7268,2025-10-10 20:00:00,194,121,1,Efectivo,0
7269,2025-03-01 12:00:00,229,103,4,Bizum,0
7270,2025-05-02 10:00:00,103,80,2,Tarjeta,5
7271,2025-05-04 13:00:00,78,91,1,Tarjeta,15
7272,2025-01-18 12:00:00,492,110,1,Efectivo,0
7273,2025-03-17 19:00:00,263,67,3,Tarjeta,0
7274,2025-02-26 09:00:00,25,59,2,Efectivo,0
7275,2025-06-23 11:00:00,424,107,1,Tarjeta,0
7276,2025-10-04 01:00:00,223,44,4,Cheque regalo,10
7277,2025-09-15 02:00:00,41,34,2,Tarjeta,15
7278,2025-01-18 01:00:00,120,79,2,Efectivo,15
7279,2025-06-21 04:00:00,471,27,1,Tarjeta,15
7280,2025-06-12 05:00:00,291,140,1,Bizum,0
7281,2025-04-17 23:00:00,84,94,1,Tarjeta,0
7282,2025-01-05 12:00:00,343,117,2,Cheque regalo,0
7283,2025-11-21 10:00:00,219,4,2,Cheque regalo,5
7284,2025-03-02 01:00:00,292,86,1,Tarjeta,0
7285,2025-08-27 03:00:00,77,76,3,Tarjeta,10
7286,2025-10-12 16:00:00,387,61,2,Tarjeta,10
7287,2025-04-28 22:00:00,303,137,3,Bizum,5
7288,2025-09-14 03:00:00,141,39,1,Tarjeta,0
7289,2025-08-15 11:00:00,370,113,1,Efectivo,10
7290,2025-06-13 18:00:00,425,4,2,Tarjeta,5
7291,2025-12-14 07:00:00,450,90,3,Efectivo,0
7292,2025-01-25 00:00:00,408,54,2,Tarjeta,5
7293,2025-10-19 08:00:00,238,19,3,Tarjeta,0
7294,2025-07-03 13:00:00,165,24,2,Tarjeta,0
7295,2025-09-04 11:00:00,400,37,2,Tarjeta,0
7296,2025-09-07 21:00:00,203,35,2,Bizum,0
7297,2025-08-29 03:00:00,144,70,1,Efectivo,15
7298,2025-03-31 10:00:00,100,52,1,Tarjeta,0
7299,2025-02-10 01:00:00,113,87,1,Tarjeta,5
7300,2025-04-07 08:00:00,61,5,2,Efectivo,0
7301,2025-10-28 08:00:00,101,13,2,Bizum,0
7302,2025-07-28 03:00:00,326,67,1,Tarjeta,0
7303,2025-05-08 10:00:00,102,4,3,Tarjeta,10
7304,2025-10-17 08:00:00,5,35,4,Tarjeta,0
7305,2025-12-24 00:00:00,9,64,4,Tarjeta,0
7306,2025-09-16 11:00:00,169,81,2,Bizum,5
7307,2025-03-06 21:00:00,266,11,4,Tarjeta,5
7308,2025-08-14 01:00:00,76,96,1,Tarjeta,0
7309,2025-07-20 21:00:00,38,146,2,Bizum,0
7310,2025-01-16 23:00:00,440,11,4,Tarjeta,5
7311,2025-02-12 11:00:00,154,81,2,Tarjeta,0
7312,2025-06-09 16:00:00,177,17,3,Tarjeta,0
7313,2025-03-19 11:00:00,424,139,1,Efectivo,0
7314,2025-08-18 21:00:00,410,68,3,Efectivo,0
7315,2025-02-06 11:00:00,299,148,1,Tarjeta,5
7316,2025-10-03 16:00:00,342,59,4,Tarjeta,15
7317,2025-02-14 22:00:00,482,135,4,Tarjeta,5
7318,2025-12-23 22:00:00,38,77,2,Tarjeta,5
7319,2025-07-15 00:00:00,96,13,2,Tarjeta,5
7320,2025-03-14 13:00:00,96,135,1,Tarjeta,0
7321,2025-04-09 09:00:00,228,94,1,Tarjeta,0
7322,2025-01-02 23:00:00,66,138,2,Tarjeta,0
7323,2025-12-03 10:00:00,260,141,3,Tarjeta,0
7324,2025-05-23 03:00:00,104,79,4,Tarjeta,0
7325,2025-01-07 11:00:00,38,95,3,Efectivo,5
7326,2025-08-14 20:00:00,346,13,2,Tarjeta,10
7327,2025-07-14 22:00:00,376,104,2,Tarjeta,0
7328,2025-03-28 21:00:00,340,33,2,Tarjeta,5
7329,2025-01-29 18:00:00,234,5,4,Bizum,5
7330,2025-01-10 09:00:00,268,17,1,Tarjeta,0
7331,2025-04-04 12:00:00,154,44,2,Bizum,15
7332,2025-06-12 07:00:00,364,3,3,Tarjeta,0
7333,2025-07-24 13:00:00,494,74,2,Cheque regalo,20
7334,2025-08-09 01:00:00,211,35,3,Tarjeta,0
7335,2025-02-04 03:00:00,444,65,1,Tarjeta,0
7336,2025-08-24 22:00:00,326,38,1,Tarjeta,10
7337,2025-02-21 23:00:00,401,19,2,Tarjeta,5
7338,2025-10-16 02:00:00,234,19,1,Tarjeta,0
7339,2025-11-17 09:00:00,388,88,4,Tarjeta,10
7340,2025-01-08 05:00:00,390,130,1,Cheque regalo,0
7341,2025-05-29 16:00:00,240,14,2,Efectivo,5
7342,2025-08-26 17:00:00,32,82,1,Bizum,0
7343,2025-01-07 22:00:00,4,55,2,Tarjeta,5
7344,2025-04-20 05:00:00,468,57,2,Tarjeta,0
7345,2025-12-06 06:00:00,249,31,5,Efectivo,0
7346,2025-08-29 13:00:00,410,130,1,Tarjeta,5
7347,2025-10-30 11:00:00,165,43,1,Tarjeta,15
7348,2025-11-06 14:00:00,228,115,2,Tarjeta,10
7349,2025-06-19 09:00:00,245,90,2,Tarjeta,0
7350,2025-01-11 00:00:00,11,24,3,Tarjeta,5
7351,2025-04-18 06:00:00,72,100,3,Tarjeta,15
7352,2025-09-26 04:00:00,238,79,2,Tarjeta,0
7353,2025-02-07 23:00:00,159,35,1,Efectivo,15
7354,2025-12-22 07:00:00,370,110,2,Bizum,0
7355,2025-01-17 14:00:00,153,76,2,Efectivo,0
7356,2025-08-16 22:00:00,394,23,4,Cheque regalo,0
7357,2025-08-17 13:00:00,418,132,2,Efectivo,20
7358,2025-07-18 22:00:00,1,26,1,Tarjeta,0
7359,2025-09-06 12:00:00,47,60,3,Tarjeta,5
7360,2025-11-28 19:00:00,307,41,1,Tarjeta,0
7361,2025-06-05 03:00:00,229,12,1,Efectivo,0
7362,2025-03-11 11:00:00,129,99,2,Bizum,5
7363,2025-10-06 05:00:00,125,92,3,Tarjeta,5
7364,2025-04-03 13:00:00,425,24,2,Tarjeta,0
7365,2025-01-26 01:00:00,230,96,2,Tarjeta,0
7366,2025-03-29 20:00:00,335,88,3,Tarjeta,0
7367,2025-09-19 17:00:00,208,149,3,Tarjeta,0
7368,2025-02-22 08:00:00,449,31,4,Efectivo,0
7369,2025-04-30 03:00:00,32,64,2,Tarjeta,0
7370,2025-12-29 03:00:00,355,104,1,Bizum,0
7371,2025-06-16 01:00:00,413,19,2,Efectivo,0
7372,2025-01-16 21:00:00,49,41,1,Efectivo,0
7373,2025-09-17 00:00:00,93,97,1,Efectivo,0
7374,2025-03-14 19:00:00,387,66,4,Bizum,0
7375,2025-03-21 06:00:00,156,47,4,Tarjeta,10
7376,2025-01-07 20:00:00,110,42,1,Tarjeta,10
7377,2025-04-11 19:00:00,443,1,3,Tarjeta,0
7378,2025-05-24 08:00:00,370,107,4,Tarjeta,0
7379,2025-04-25 15:00:00,301,130,5,Bizum,5
7380,2025-12-15 11:00:00,84,35,3,Bizum,15
7381,2025-03-14 18:00:00,207,1,4,Tarjeta,0
7382,2025-01-02 04:00:00,77,27,2,Tarjeta,10
7383,2025-08-29 23:00:00,203,6,3,Tarjeta,20
7384,2025-06-19 20:00:00,115,22,4,Tarjeta,10
7385,2025-08-31 03:00:00,173,134,1,Tarjeta,0
7386,2025-03-25 13:00:00,398,90,1,Tarjeta,0
7387,2025-06-11 07:00:00,229,104,2,Tarjeta,5
7388,2025-02-09 17:00:00,402,12,1,Tarjeta,0
7389,2025-07-04 13:00:00,88,42,4,Tarjeta,0
7390,2025-07-07 01:00:00,98,97,2,Bizum,10
7391,2025-10-01 16:00:00,300,121,2,Bizum,0
7392,2025-04-17 02:00:00,48,107,2,Tarjeta,0
7393,2025-07-09 17:00:00,385,147,1,Tarjeta,0
7394,2025-06-22 13:00:00,1,7,3,Tarjeta,5
7395,2025-11-24 23:00:00,172,143,2,Bizum,0
7396,2025-01-03 01:00:00,176,23,3,Bizum,0
7397,2025-04-29 20:00:00,261,69,2,Tarjeta,0
7398,2025-09-04 05:00:00,323,94,2,Tarjeta,0
7399,2025-08-18 18:00:00,237,78,2,Tarjeta,20
7400,2025-06-10 17:00:00,149,135,3,Tarjeta,5
7401,2025-05-24 23:00:00,38,103,3,Efectivo,0
7402,2025-05-10 05:00:00,387,26,3,Tarjeta,15
7403,2025-07-30 03:00:00,356,81,3,Efectivo,0
7404,2025-05-14 10:00:00,149,61,2,Tarjeta,0
7405,2025-06-14 22:00:00,494,8,5,Tarjeta,0
7406,2025-09-27 14:00:00,43,20,4,Efectivo,0
7407,2025-02-09 14:00:00,67,125,2,Tarjeta,0
7408,2025-03-24 05:00:00,278,68,3,Cheque regalo,0
7409,2025-03-10 15:00:00,428,118,1,Tarjeta,5
7410,2025-01-15 05:00:00,369,34,4,Cheque regalo,0
7411,2025-06-18 18:00:00,70,147,2,Tarjeta,0
7412,2025-07-26 21:00:00,80,81,5,Tarjeta,15
7413,2025-08-09 13:00:00,167,145,3,Tarjeta,5
7414,2025-08-14 13:00:00,351,75,1,Tarjeta,5
7415,2025-09-11 18:00:00,59,14,2,Tarjeta,0
7416,2025-12-01 09:00:00,167,145,4,Tarjeta,5
7417,2025-10-04 03:00:00,341,63,1,Tarjeta,0
7418,2025-12-20 22:00:00,164,94,4,Tarjeta,0
7419,2025-07-30 05:00:00,323,114,1,Efectivo,0
7420,2025-08-29 12:00:00,178,34,4,Bizum,0
7421,2025-03-17 02:00:00,326,82,2,Bizum,15
7422,2025-01-31 07:00:00,395,15,3,Efectivo,0
7423,2025-11-25 22:00:00,280,77,3,Tarjeta,0
7424,2025-10-30 14:00:00,431,38,3,Tarjeta,5
7425,2025-03-22 16:00:00,348,100,3,Bizum,0
7426,2025-12-19 00:00:00,207,58,3,Efectivo,0
7427,2025-11-12 20:00:00,78,3,1,Tarjeta,5
7428,2025-10-31 11:00:00,268,28,2,Tarjeta,10
7429,2025-12-20 06:00:00,484,121,2,Bizum,20
7430,2025-01-08 10:00:00,6,111,1,Cheque regalo,15
7431,2025-06-16 05:00:00,239,29,2,Tarjeta,10
7432,2025-07-01 12:00:00,59,76,1,Tarjeta,0
7433,2025-10-02 07:00:00,263,99,1,Efectivo,0
7434,2025-08-31 08:00:00,121,109,2,Bizum,0
7435,2025-08-04 16:00:00,245,106,3,Tarjeta,5
7436,2025-01-30 10:00:00,136,117,1,Tarjeta,0
7437,2025-08-22 13:00:00,72,60,1,Tarjeta,0
7438,2025-04-13 23:00:00,496,22,1,Efectivo,0
7439,2025-05-01 14:00:00,30,122,3,Tarjeta,0
7440,2025-05-04 17:00:00,23,94,2,Efectivo,0
7441,2025-04-21 23:00:00,378,63,1,Tarjeta,5
7442,2025-07-17 13:00:00,410,101,3,Tarjeta,0
7443,2025-04-25 04:00:00,301,75,3,Bizum,0
7444,2025-11-01 08:00:00,345,49,1,Tarjeta,0
7445,2025-03-10 04:00:00,331,112,3,Tarjeta,5
7446,2025-06-14 09:00:00,35,6,4,Bizum,0
7447,2025-09-22 12:00:00,265,88,2,Tarjeta,5
7448,2025-10-25 19:00:00,100,46,2,Tarjeta,0
7449,2025-07-02 16:00:00,423,105,1,Efectivo,5
7450,2025-03-13 06:00:00,335,115,2,Tarjeta,5
7451,2025-12-28 06:00:00,386,119,2,Bizum,0
7452,2025-03-09 19:00:00,413,17,1,Tarjeta,0
7453,2025-08-17 04:00:00,362,149,2,Tarjeta,5
7454,2025-09-28 09:00:00,302,36,1,Cheque regalo,0
7455,2025-08-06 01:00:00,450,98,3,Tarjeta,15
7456,2025-05-06 04:00:00,115,7,2,Bizum,15
7457,2025-03-27 08:00:00,16,95,2,Efectivo,0
7458,2025-04-01 10:00:00,369,27,1,Tarjeta,0
7459,2025-06-11 09:00:00,419,80,1,Cheque regalo,15
7460,2025-07-31 03:00:00,4,7,1,Bizum,5
7461,2025-05-30 07:00:00,29,103,3,Tarjeta,0
7462,2025-08-14 07:00:00,124,141,1,Cheque regalo,5
7463,2025-05-30 06:00:00,442,66,4,Tarjeta,0
7464,2025-08-23 22:00:00,180,43,2,Cheque regalo,0
7465,2025-03-08 14:00:00,49,1,1,Bizum,0
7466,2025-03-12 19:00:00,318,117,3,Tarjeta,0
7467,2025-03-17 07:00:00,239,83,1,Bizum,0
7468,2025-04-25 02:00:00,375,79,3,Tarjeta,0
7469,2025-04-28 19:00:00,366,132,1,Tarjeta,0
7470,2025-02-17 07:00:00,427,54,2,Tarjeta,0
7471,2025-04-09 06:00:00,443,111,2,Tarjeta,0
7472,2025-01-07 14:00:00,22,18,1,Bizum,0
7473,2025-07-19 11:00:00,471,81,4,Efectivo,5
7474,2025-06-11 12:00:00,379,39,5,Bizum,5
7475,2025-11-29 05:00:00,325,102,2,Tarjeta,0
7476,2025-10-11 05:00:00,260,16,4,Cheque regalo,0
7477,2025-10-03 08:00:00,409,121,1,Tarjeta,10
7478,2025-07-21 18:00:00,197,38,2,Tarjeta,0
7479,2025-09-09 03:00:00,363,142,1,Tarjeta,0
7480,2025-10-13 03:00:00,150,109,3,Bizum,0
7481,2025-04-07 07:00:00,182,97,3,Efectivo,0
7482,2025-03-10 12:00:00,303,64,3,Tarjeta,0
7483,2025-04-23 05:00:00,66,28,2,Bizum,0
7484,2025-07-23 02:00:00,216,100,3,Efectivo,0
7485,2025-12-17 21:00:00,261,110,3,Bizum,0
7486,2025-08-24 02:00:00,348,3,2,Tarjeta,0
7487,2025-09-26 09:00:00,263,134,2,Efectivo,5
7488,2025-02-02 00:00:00,424,106,1,Efectivo,10
7489,2025-09-05 05:00:00,433,110,3,Tarjeta,15
7490,2025-08-18 10:00:00,403,107,3,Tarjeta,5
7491,2025-12-16 23:00:00,5,56,1,Tarjeta,10
7492,2025-04-28 22:00:00,334,91,2,Tarjeta,0
7493,2025-01-04 23:00:00,294,136,1,Tarjeta,0
7494,2025-10-28 04:00:00,388,70,1,Cheque regalo,0
7495,2025-08-23 18:00:00,476,33,2,Bizum,15
7496,2025-12-30 01:00:00,476,26,2,Bizum,5
7497,2025-11-23 00:00:00,375,86,2,Bizum,0
7498,2025-03-26 18:00:00,39,121,2,Efectivo,0
7499,2025-03-08 15:00:00,148,147,3,Efectivo,0
7500,2025-01-08 18:00:00,53,39,2,Tarjeta,0
7501,2025-05-28 18:00:00,78,10,1,Bizum,0
7502,2025-03-02 05:00:00,18,49,2,Tarjeta,0
7503,2025-12-31 11:00:00,192,16,1,Tarjeta,0
7504,2025-08-27 08:00:00,325,129,2,Tarjeta,0
7505,2025-06-16 06:00:00,393,132,2,Tarjeta,0
7506,2025-01-29 08:00:00,391,24,2,Tarjeta,0
7507,2025-07-15 14:00:00,410,63,3,Bizum,0
7508,2025-11-03 12:00:00,158,92,2,Bizum,5
7509,2025-04-15 17:00:00,165,48,1,Tarjeta,5
7510,2025-02-26 15:00:00,133,1,3,Bizum,0
7511,2025-12-25 02:00:00,79,56,1,Tarjeta,0
7512,2025-05-06 02:00:00,26,122,4,Tarjeta,5
7513,2025-12-21 05:00:00,84,88,1,Tarjeta,0
7514,2025-12-03 14:00:00,448,52,1,Bizum,15
7515,2025-12-06 08:00:00,161,82,3,Bizum,5
7516,2025-03-10 14:00:00,401,133,2,Tarjeta,0
7517,2025-02-06 11:00:00,16,15,3,Tarjeta,5
7518,2025-01-29 04:00:00,202,82,2,Efectivo,20
7519,2025-05-06 08:00:00,309,134,3,Tarjeta,5
7520,2025-03-06 09:00:00,349,141,2,Tarjeta,5
7521,2025-06-29 06:00:00,333,45,3,Efectivo,10
7522,2025-09-22 10:00:00,96,101,1,Tarjeta,0
7523,2025-09-14 03:00:00,430,36,2,Bizum,15
7524,2025-10-09 05:00:00,265,89,2,Bizum,0
7525,2025-03-12 20:00:00,142,70,2,Tarjeta,0
7526,2025-11-14 11:00:00,118,134,1,Tarjeta,0
7527,2025-05-11 21:00:00,83,111,1,Efectivo,5
7528,2025-05-23 06:00:00,191,75,4,Bizum,20
7529,2025-06-19 15:00:00,100,15,1,Efectivo,5
7530,2025-02-27 15:00:00,378,96,2,Tarjeta,15
7531,2025-03-27 03:00:00,22,90,2,Efectivo,5
7532,2025-08-03 13:00:00,67,70,2,Cheque regalo,0
7533,2025-02-10 09:00:00,245,39,2,Tarjeta,10
7534,2025-01-17 01:00:00,275,120,3,Bizum,0
7535,2025-03-27 16:00:00,148,104,3,Tarjeta,0
7536,2025-03-03 21:00:00,274,42,2,Tarjeta,0
7537,2025-12-22 10:00:00,442,57,1,Tarjeta,0
7538,2025-10-09 09:00:00,176,129,2,Tarjeta,0
7539,2025-10-24 17:00:00,252,9,2,Bizum,5
7540,2025-09-14 04:00:00,416,117,1,Tarjeta,10
7541,2025-05-10 03:00:00,73,90,3,Tarjeta,0
7542,2025-03-06 08:00:00,499,53,1,Tarjeta,0
7543,2025-07-16 04:00:00,165,83,3,Tarjeta,0
7544,2025-05-06 21:00:00,457,107,2,Efectivo,5
7545,2025-10-08 19:00:00,401,124,1,Tarjeta,5
7546,2025-10-24 23:00:00,231,16,4,Bizum,0
7547,2025-03-18 03:00:00,305,145,3,Tarjeta,0
7548,2025-06-13 06:00:00,389,5,3,Tarjeta,5
7549,2025-06-24 16:00:00,182,115,1,Efectivo,5
7550,2025-06-27 05:00:00,90,136,1,Tarjeta,0
7551,2025-02-26 03:00:00,238,138,2,Tarjeta,0
7552,2025-05-29 12:00:00,180,129,1,Efectivo,20
7553,2025-09-30 14:00:00,430,17,4,Tarjeta,10
7554,2025-11-29 09:00:00,182,93,4,Cheque regalo,0
7555,2025-12-31 11:00:00,16,35,2,Efectivo,5
7556,2025-12-04 13:00:00,135,44,3,Bizum,0
7557,2025-09-30 13:00:00,90,93,2,Efectivo,10
7558,2025-04-22 01:00:00,279,50,2,Efectivo,0
7559,2025-04-11 12:00:00,305,51,3,Tarjeta,5
7560,2025-10-30 18:00:00,252,12,2,Tarjeta,0
7561,2025-01-01 11:00:00,250,98,1,Tarjeta,10
7562,2025-12-15 12:00:00,410,80,2,Bizum,0
7563,2025-03-09 02:00:00,91,37,1,Efectivo,0
7564,2025-08-11 13:00:00,408,89,1,Tarjeta,0
7565,2025-09-12 18:00:00,348,46,2,Tarjeta,0
7566,2025-07-26 13:00:00,473,126,4,Tarjeta,0
7567,2025-07-20 15:00:00,91,149,2,Tarjeta,10
7568,2025-01-31 21:00:00,29,49,2,Tarjeta,5
7569,2025-12-02 09:00:00,460,54,1,Bizum,5
7570,2025-04-21 23:00:00,1,126,2,Efectivo,10
7571,2025-12-30 09:00:00,359,36,3,Tarjeta,0
7572,2025-01-24 17:00:00,255,49,1,Bizum,5
7573,2025-11-25 12:00:00,440,124,3,Tarjeta,0
7574,2025-10-09 02:00:00,22,147,2,Tarjeta,0
7575,2025-10-27 02:00:00,144,34,2,Tarjeta,0
7576,2025-02-05 20:00:00,191,27,1,Tarjeta,0
7577,2025-10-15 15:00:00,183,98,1,Bizum,0
7578,2025-04-27 00:00:00,110,21,3,Tarjeta,0
7579,2025-11-09 09:00:00,44,74,1,Tarjeta,5
7580,2025-12-05 16:00:00,33,83,3,Bizum,0
7581,2025-12-29 16:00:00,292,16,3,Tarjeta,0
7582,2025-09-17 16:00:00,261,73,1,Tarjeta,10
7583,2025-11-03 01:00:00,65,14,1,Cheque regalo,0
7584,2025-08-07 11:00:00,264,115,1,Tarjeta,5
7585,2025-06-24 06:00:00,202,119,1,Efectivo,0
7586,2025-09-02 03:00:00,244,114,1,Tarjeta,0
7587,2025-01-20 16:00:00,242,145,1,Tarjeta,20
7588,2025-09-21 21:00:00,393,10,3,Efectivo,0
7589,2025-03-23 08:00:00,319,96,2,Cheque regalo,10
7590,2025-02-10 15:00:00,26,53,1,Cheque regalo,0
7591,2025-01-03 12:00:00,131,45,4,Bizum,0
7592,2025-09-08 01:00:00,295,50,1,Cheque regalo,5
7593,2025-09-30 22:00:00,129,140,2,Efectivo,0
7594,2025-12-09 01:00:00,435,137,1,Tarjeta,0
7595,2025-08-02 09:00:00,145,91,2,Tarjeta,0
7596,2025-11-11 21:00:00,143,40,1,Tarjeta,0
7597,2025-10-29 04:00:00,94,128,1,Tarjeta,0
7598,2025-03-22 20:00:00,467,43,2,Tarjeta,0
7599,2025-08-30 12:00:00,452,130,4,Efectivo,15
7600,2025-10-10 23:00:00,382,112,4,Cheque regalo,0
7601,2025-02-21 02:00:00,355,144,3,Efectivo,0
7602,2025-03-23 17:00:00,69,104,2,Bizum,0
7603,2025-02-14 19:00:00,435,66,4,Tarjeta,0
7604,2025-06-10 22:00:00,464,141,3,Tarjeta,0
7605,2025-10-17 05:00:00,33,101,3,Efectivo,0
7606,2025-09-17 11:00:00,108,74,1,Tarjeta,5
7607,2025-10-22 04:00:00,473,92,1,Efectivo,5
7608,2025-01-25 11:00:00,112,117,2,Bizum,0
7609,2025-03-20 04:00:00,6,26,2,Tarjeta,0
7610,2025-04-21 00:00:00,134,42,1,Tarjeta,10
7611,2025-10-08 11:00:00,42,76,1,Tarjeta,5
7612,2025-05-20 03:00:00,219,11,2,Tarjeta,0
7613,2025-05-13 17:00:00,259,89,2,Tarjeta,5
7614,2025-07-26 14:00:00,335,44,4,Bizum,0
7615,2025-02-08 11:00:00,357,147,4,Tarjeta,10
7616,2025-03-13 21:00:00,3,99,1,Tarjeta,0
7617,2025-12-26 00:00:00,77,57,4,Cheque regalo,0
7618,2025-12-10 21:00:00,90,80,1,Tarjeta,0
7619,2025-07-16 08:00:00,433,51,4,Tarjeta,0
7620,2025-06-26 17:00:00,196,30,2,Tarjeta,0
7621,2025-03-22 11:00:00,143,21,5,Tarjeta,5
7622,2025-10-09 04:00:00,59,27,1,Tarjeta,0
7623,2025-04-26 06:00:00,104,82,2,Tarjeta,5
7624,2025-02-12 04:00:00,223,46,1,Tarjeta,0
7625,2025-02-13 13:00:00,147,150,1,Bizum,15
7626,2025-10-31 00:00:00,494,35,2,Tarjeta,10
7627,2025-09-20 22:00:00,112,48,2,Tarjeta,0
7628,2025-09-02 08:00:00,120,97,2,Tarjeta,0
7629,2025-09-26 07:00:00,78,66,5,Bizum,10
7630,2025-12-30 07:00:00,91,49,3,Bizum,0
7631,2025-01-01 09:00:00,494,32,3,Efectivo,0
7632,2025-07-16 19:00:00,377,124,4,Tarjeta,0
7633,2025-05-11 22:00:00,422,32,2,Bizum,5
7634,2025-03-25 07:00:00,221,31,2,Tarjeta,15
7635,2025-11-15 20:00:00,461,65,4,Bizum,0
7636,2025-09-13 22:00:00,495,135,2,Bizum,0
7637,2025-06-18 18:00:00,291,104,2,Bizum,5
7638,2025-03-21 20:00:00,386,110,2,Tarjeta,0
7639,2025-06-22 02:00:00,461,40,2,Bizum,0
7640,2025-07-07 15:00:00,263,103,4,Tarjeta,0
7641,2025-04-10 06:00:00,190,98,1,Tarjeta,0
7642,2025-09-12 04:00:00,100,57,3,Tarjeta,0
7643,2025-10-25 13:00:00,319,130,2,Tarjeta,0
7644,2025-10-18 22:00:00,357,105,2,Tarjeta,5
7645,2025-11-12 21:00:00,303,28,2,Tarjeta,15
7646,2025-07-21 15:00:00,478,75,2,Tarjeta,0
7647,2025-09-04 23:00:00,442,73,1,Tarjeta,20
7648,2025-12-18 13:00:00,64,97,1,Bizum,0
7649,2025-03-25 13:00:00,461,128,1,Tarjeta,10
7650,2025-09-07 23:00:00,410,12,2,Bizum,0
7651,2025-08-13 13:00:00,425,18,3,Tarjeta,0
7652,2025-07-12 09:00:00,51,48,3,Efectivo,10
7653,2025-10-07 09:00:00,246,84,3,Bizum,15
7654,2025-11-11 21:00:00,83,84,2,Bizum,0
7655,2025-05-24 05:00:00,33,131,4,Tarjeta,5
7656,2025-06-13 09:00:00,324,127,3,Tarjeta,0
7657,2025-08-12 06:00:00,494,9,2,Tarjeta,0
7658,2025-05-29 15:00:00,403,116,3,Tarjeta,20
7659,2025-03-14 06:00:00,170,132,4,Efectivo,0
7660,2025-10-22 08:00:00,493,69,1,Tarjeta,0
7661,2025-09-24 16:00:00,426,18,2,Tarjeta,0
7662,2025-04-26 19:00:00,124,99,3,Efectivo,0
7663,2025-10-26 23:00:00,84,95,2,Tarjeta,0
7664,2025-10-03 07:00:00,167,138,2,Tarjeta,0
7665,2025-01-20 07:00:00,216,80,3,Tarjeta,10
7666,2025-09-22 20:00:00,331,127,1,Tarjeta,0
7667,2025-02-25 17:00:00,456,128,3,Tarjeta,0
7668,2025-06-22 22:00:00,157,24,1,Tarjeta,15
7669,2025-05-25 11:00:00,230,68,4,Bizum,5
7670,2025-07-02 16:00:00,153,3,1,Tarjeta,5
7671,2025-05-09 10:00:00,372,81,3,Tarjeta,0
7672,2025-10-04 05:00:00,156,58,3,Tarjeta,0
7673,2025-03-02 04:00:00,277,110,2,Tarjeta,0
7674,2025-12-11 15:00:00,411,23,1,Tarjeta,0
7675,2025-09-23 11:00:00,209,128,1,Tarjeta,5
7676,2025-02-26 15:00:00,336,40,1,Tarjeta,15
7677,2025-11-17 00:00:00,136,104,4,Tarjeta,0
7678,2025-05-12 17:00:00,298,65,3,Tarjeta,0
7679,2025-04-10 08:00:00,158,7,1,Cheque regalo,0
7680,2025-02-22 15:00:00,334,79,4,Tarjeta,0
7681,2025-12-01 16:00:00,354,1,1,Bizum,0
7682,2025-06-22 16:00:00,1,81,5,Tarjeta,0
7683,2025-03-02 09:00:00,455,128,1,Tarjeta,0
7684,2025-03-02 20:00:00,1,149,2,Tarjeta,5
7685,2025-10-23 12:00:00,59,116,2,Tarjeta,0
7686,2025-05-11 21:00:00,72,62,2,Tarjeta,5
7687,2025-06-11 16:00:00,124,88,3,Tarjeta,0
7688,2025-03-19 00:00:00,334,124,2,Tarjeta,5
7689,2025-06-26 03:00:00,299,123,2,Tarjeta,0
7690,2025-07-10 07:00:00,30,55,3,Tarjeta,0
7691,2025-07-05 14:00:00,335,43,2,Tarjeta,0
7692,2025-07-26 00:00:00,35,148,3,Bizum,0
7693,2025-04-19 01:00:00,123,121,4,Efectivo,0
7694,2025-05-31 23:00:00,255,65,3,Tarjeta,0
7695,2025-04-15 20:00:00,79,90,2,Efectivo,10
7696,2025-06-01 05:00:00,430,33,3,Tarjeta,0
7697,2025-03-22 16:00:00,38,4,2,Efectivo,10
7698,2025-02-16 12:00:00,68,27,1,Bizum,0
7699,2025-07-22 18:00:00,6,130,1,Tarjeta,5
7700,2025-08-18 07:00:00,478,135,2,Efectivo,20
7701,2025-03-24 17:00:00,334,123,2,Bizum,0
7702,2025-06-30 20:00:00,435,8,1,Tarjeta,0
7703,2025-03-08 06:00:00,133,124,1,Bizum,5
7704,2025-03-09 08:00:00,226,29,4,Tarjeta,0
7705,2025-11-29 17:00:00,424,23,3,Bizum,0
7706,2025-11-07 16:00:00,283,9,2,Bizum,0
7707,2025-04-08 09:00:00,301,26,2,Cheque regalo,0
7708,2025-12-16 07:00:00,441,32,2,Tarjeta,0
7709,2025-09-12 23:00:00,220,106,2,Tarjeta,0
7710,2025-03-18 03:00:00,159,22,2,Bizum,15
7711,2025-01-14 04:00:00,33,141,3,Efectivo,5
7712,2025-03-27 21:00:00,122,27,2,Tarjeta,0
7713,2025-05-25 20:00:00,412,29,2,Tarjeta,10
7714,2025-08-29 20:00:00,60,144,3,Tarjeta,5
7715,2025-04-01 11:00:00,112,37,2,Bizum,0
7716,2025-11-07 19:00:00,417,145,3,Efectivo,0
7717,2025-07-12 23:00:00,373,38,3,Cheque regalo,0
7718,2025-05-26 05:00:00,16,89,3,Tarjeta,0
7719,2025-11-07 14:00:00,97,93,3,Tarjeta,0
7720,2025-06-13 12:00:00,39,114,3,Cheque regalo,5
7721,2025-02-02 17:00:00,57,46,3,Tarjeta,0
7722,2025-10-08 07:00:00,426,131,1,Tarjeta,5
7723,2025-12-04 18:00:00,118,30,2,Tarjeta,0
7724,2025-05-06 05:00:00,1,59,1,Efectivo,0
7725,2025-11-24 03:00:00,203,98,2,Tarjeta,10
7726,2025-08-13 02:00:00,447,7,4,Efectivo,15
7727,2025-08-02 14:00:00,17,113,3,Tarjeta,5
7728,2025-10-08 11:00:00,369,99,2,Efectivo,0
7729,2025-07-28 08:00:00,319,117,4,Tarjeta,0
7730,2025-05-04 23:00:00,14,10,2,Tarjeta,0
7731,2025-02-18 04:00:00,33,43,1,Tarjeta,15
7732,2025-01-23 04:00:00,355,138,2,Tarjeta,0
7733,2025-12-25 20:00:00,212,21,3,Tarjeta,0
7734,2025-05-29 19:00:00,3,47,3,Bizum,0
7735,2025-06-20 20:00:00,375,145,4,Tarjeta,0
7736,2025-10-11 01:00:00,435,68,3,Tarjeta,0
7737,2025-10-19 20:00:00,207,23,2,Tarjeta,15
7738,2025-03-20 01:00:00,444,130,2,Tarjeta,5
7739,2025-11-01 15:00:00,389,1,1,Bizum,5
7740,2025-11-14 09:00:00,314,11,3,Bizum,10
7741,2025-09-13 06:00:00,100,91,1,Tarjeta,0
7742,2025-07-13 18:00:00,272,134,2,Bizum,15
7743,2025-08-08 04:00:00,174,77,5,Tarjeta,10
7744,2025-04-29 10:00:00,371,99,3,Cheque regalo,0
7745,2025-05-17 17:00:00,62,96,2,Bizum,10
7746,2025-02-01 07:00:00,121,123,2,Tarjeta,0
7747,2025-04-29 16:00:00,210,59,1,Tarjeta,0
7748,2025-05-31 22:00:00,349,22,3,Tarjeta,5
7749,2025-08-24 22:00:00,65,63,1,Efectivo,15
7750,2025-07-22 03:00:00,191,92,4,Bizum,0
7751,2025-11-30 00:00:00,94,76,1,Tarjeta,15
7752,2025-03-31 08:00:00,405,98,2,Tarjeta,5
7753,2025-03-16 12:00:00,493,141,1,Bizum,5
7754,2025-04-08 18:00:00,492,138,1,Bizum,0
7755,2025-11-22 12:00:00,459,124,1,Tarjeta,5
7756,2025-10-28 10:00:00,283,9,2,Tarjeta,0
7757,2025-06-10 10:00:00,133,31,4,Bizum,0
7758,2025-05-12 04:00:00,17,25,4,Bizum,0
7759,2025-06-24 03:00:00,16,4,2,Tarjeta,0
7760,2025-07-07 08:00:00,436,100,2,Tarjeta,0
7761,2025-03-20 10:00:00,137,14,2,Efectivo,0
7762,2025-07-09 08:00:00,248,8,4,Tarjeta,5
7763,2025-06-30 01:00:00,450,10,2,Tarjeta,20
7764,2025-07-13 19:00:00,124,101,1,Bizum,0
7765,2025-10-05 13:00:00,481,114,1,Tarjeta,5
7766,2025-03-16 11:00:00,215,112,2,Tarjeta,0
7767,2025-10-14 05:00:00,368,66,2,Efectivo,0
7768,2025-02-14 07:00:00,202,103,2,Tarjeta,0
7769,2025-11-14 18:00:00,120,146,2,Tarjeta,0
7770,2025-06-16 08:00:00,71,119,2,Efectivo,0
7771,2025-05-31 15:00:00,429,6,2,Tarjeta,5
7772,2025-01-05 13:00:00,155,132,3,Bizum,10
7773,2025-11-19 07:00:00,235,57,2,Tarjeta,20
7774,2025-01-23 07:00:00,290,3,2,Bizum,0
7775,2025-03-16 03:00:00,163,31,1,Bizum,0
7776,2025-07-04 16:00:00,130,147,4,Tarjeta,0
7777,2025-01-02 03:00:00,498,108,3,Bizum,0
7778,2025-12-08 13:00:00,33,147,1,Tarjeta,0
7779,2025-07-23 00:00:00,393,8,2,Bizum,0
7780,2025-04-10 09:00:00,355,121,2,Tarjeta,10
7781,2025-01-14 10:00:00,498,60,2,Tarjeta,5
7782,2025-06-30 15:00:00,148,85,2,Bizum,0
7783,2025-02-25 16:00:00,69,18,1,Tarjeta,0
7784,2025-04-28 02:00:00,496,39,4,Tarjeta,10
7785,2025-08-30 05:00:00,99,25,3,Bizum,0
7786,2025-05-16 18:00:00,168,91,2,Tarjeta,5
7787,2025-04-05 18:00:00,328,65,3,Bizum,15
7788,2025-03-05 18:00:00,148,78,2,Tarjeta,0
7789,2025-03-26 04:00:00,169,20,2,Efectivo,5
7790,2025-10-20 08:00:00,29,70,2,Efectivo,5
7791,2025-11-20 01:00:00,1,83,1,Bizum,0
7792,2025-06-25 03:00:00,319,135,2,Efectivo,10
7793,2025-06-04 02:00:00,338,43,1,Tarjeta,0
7794,2025-08-12 13:00:00,260,91,5,Bizum,0
7795,2025-06-04 05:00:00,238,122,2,Tarjeta,0
7796,2025-11-09 09:00:00,192,81,3,Bizum,10
7797,2025-03-30 17:00:00,162,94,2,Tarjeta,15
7798,2025-01-13 15:00:00,362,100,4,Tarjeta,0
7799,2025-02-13 06:00:00,133,94,2,Tarjeta,0
7800,2025-07-05 03:00:00,38,54,3,Tarjeta,0
7801,2025-01-09 08:00:00,433,86,2,Tarjeta,0
7802,2025-08-24 12:00:00,471,14,1,Tarjeta,15
7803,2025-10-31 18:00:00,218,12,2,Tarjeta,0
7804,2025-08-15 17:00:00,233,98,3,Bizum,0
7805,2025-09-19 19:00:00,30,125,4,Bizum,0
7806,2025-06-01 00:00:00,207,99,2,Tarjeta,0
7807,2025-08-30 13:00:00,457,43,3,Bizum,10
7808,2025-07-07 15:00:00,84,76,2,Tarjeta,5
7809,2025-08-06 01:00:00,311,144,1,Tarjeta,0
7810,2025-03-26 06:00:00,467,84,2,Tarjeta,0
7811,2025-04-06 22:00:00,345,21,1,Bizum,0
7812,2025-07-19 08:00:00,353,88,4,Tarjeta,0
7813,2025-01-22 17:00:00,348,125,2,Tarjeta,5
7814,2025-11-06 04:00:00,110,74,1,Bizum,0
7815,2025-10-13 15:00:00,5,12,3,Tarjeta,0
7816,2025-02-11 03:00:00,498,103,3,Tarjeta,0
7817,2025-03-17 18:00:00,342,79,1,Tarjeta,0
7818,2025-07-01 06:00:00,185,28,2,Tarjeta,10
7819,2025-12-13 01:00:00,418,35,4,Tarjeta,0
7820,2025-11-16 15:00:00,85,109,4,Tarjeta,5
7821,2025-08-13 11:00:00,350,100,1,Tarjeta,0
7822,2025-07-07 12:00:00,336,59,1,Tarjeta,0
7823,2025-07-26 21:00:00,188,132,4,Tarjeta,0
7824,2025-12-14 05:00:00,483,33,3,Tarjeta,10
7825,2025-12-05 03:00:00,30,25,3,Tarjeta,0
7826,2025-03-15 10:00:00,415,9,3,Tarjeta,15
7827,2025-12-27 22:00:00,182,128,1,Bizum,0
7828,2025-01-25 02:00:00,48,71,2,Tarjeta,0
7829,2025-03-26 14:00:00,351,65,1,Tarjeta,0
7830,2025-03-14 06:00:00,266,47,3,Bizum,0
7831,2025-07-31 19:00:00,248,1,2,Tarjeta,0
7832,2025-01-30 11:00:00,369,115,2,Efectivo,0
7833,2025-06-21 05:00:00,467,56,1,Bizum,0
7834,2025-03-23 06:00:00,395,75,3,Tarjeta,0
7835,2025-08-13 02:00:00,460,60,2,Tarjeta,0
7836,2025-11-04 20:00:00,423,29,1,Cheque regalo,15
7837,2025-12-18 08:00:00,191,74,1,Bizum,5
7838,2025-06-15 08:00:00,169,53,3,Tarjeta,0
7839,2025-11-01 19:00:00,27,8,5,Tarjeta,15
7840,2025-08-15 08:00:00,27,148,3,Efectivo,5
7841,2025-08-24 16:00:00,168,56,1,Bizum,0
7842,2025-09-11 21:00:00,150,145,2,Tarjeta,0
7843,2025-10-20 17:00:00,289,43,2,Efectivo,5
7844,2025-11-20 02:00:00,459,149,1,Tarjeta,5
7845,2025-08-18 06:00:00,207,11,3,Efectivo,5
7846,2025-02-15 08:00:00,251,100,2,Tarjeta,0
7847,2025-05-05 23:00:00,255,37,2,Tarjeta,0
7848,2025-11-28 06:00:00,476,113,4,Efectivo,20
7849,2025-12-20 17:00:00,324,147,3,Bizum,5
7850,2025-01-11 07:00:00,133,12,2,Tarjeta,0
7851,2025-10-07 17:00:00,18,113,1,Tarjeta,15
7852,2025-12-22 10:00:00,498,127,2,Cheque regalo,0
7853,2025-01-11 05:00:00,434,5,2,Tarjeta,10
7854,2025-10-12 23:00:00,99,25,2,Tarjeta,5
7855,2025-04-17 22:00:00,286,107,2,Bizum,5
7856,2025-10-04 06:00:00,372,55,2,Bizum,20
7857,2025-01-02 21:00:00,354,72,1,Tarjeta,5
7858,2025-09-13 08:00:00,477,77,3,Tarjeta,10
7859,2025-02-04 08:00:00,374,7,3,Efectivo,0
7860,2025-09-19 03:00:00,57,77,2,Tarjeta,5
7861,2025-12-31 12:00:00,61,96,2,Tarjeta,10
7862,2025-09-08 18:00:00,450,2,3,Tarjeta,5
7863,2025-05-09 18:00:00,252,59,4,Tarjeta,0
7864,2025-12-01 16:00:00,218,19,2,Tarjeta,20
7865,2025-12-11 02:00:00,354,133,2,Tarjeta,5
7866,2025-07-16 06:00:00,357,51,2,Tarjeta,0
7867,2025-12-28 02:00:00,268,8,2,Efectivo,0
7868,2025-11-25 21:00:00,92,71,1,Tarjeta,0
7869,2025-05-26 02:00:00,399,22,2,Tarjeta,0
7870,2025-08-29 09:00:00,289,119,2,Bizum,5
7871,2025-07-21 12:00:00,264,8,1,Bizum,0
7872,2025-02-03 11:00:00,101,142,2,Tarjeta,0
7873,2025-05-07 08:00:00,117,119,2,Bizum,0
7874,2025-11-14 21:00:00,261,132,4,Tarjeta,0
7875,2025-01-18 12:00:00,369,145,4,Tarjeta,0
7876,2025-08-12 18:00:00,458,84,4,Bizum,5
7877,2025-06-18 11:00:00,313,142,1,Tarjeta,0
7878,2025-07-02 21:00:00,172,12,1,Tarjeta,0
7879,2025-05-30 19:00:00,174,89,3,Tarjeta,0
7880,2025-01-13 10:00:00,328,63,1,Tarjeta,0
7881,2025-01-27 00:00:00,221,34,2,Efectivo,0
7882,2025-02-05 11:00:00,244,103,2,Efectivo,0
7883,2025-04-16 08:00:00,61,130,3,Bizum,5
7884,2025-09-04 14:00:00,237,126,3,Tarjeta,15
7885,2025-10-04 06:00:00,177,108,4,Cheque regalo,0
7886,2025-09-09 22:00:00,494,98,1,Tarjeta,10
7887,2025-05-26 09:00:00,238,6,1,Tarjeta,5
7888,2025-02-03 23:00:00,165,99,4,Bizum,0
7889,2025-02-25 11:00:00,216,133,2,Efectivo,15
7890,2025-12-15 18:00:00,441,96,1,Tarjeta,10
7891,2025-08-29 19:00:00,69,41,1,Tarjeta,20
7892,2025-07-05 00:00:00,79,67,1,Bizum,0
7893,2025-02-17 04:00:00,156,103,2,Efectivo,0
7894,2025-09-26 15:00:00,474,121,3,Tarjeta,10
7895,2025-02-07 22:00:00,101,62,3,Tarjeta,0
7896,2025-02-07 08:00:00,202,7,1,Tarjeta,10
7897,2025-02-14 05:00:00,39,27,3,Tarjeta,0
7898,2025-02-27 09:00:00,95,80,2,Bizum,5
7899,2025-07-12 22:00:00,300,40,3,Tarjeta,5
7900,2025-11-23 18:00:00,126,25,1,Tarjeta,0
7901,2025-04-11 06:00:00,11,82,1,Tarjeta,15
7902,2025-11-25 14:00:00,7,96,1,Tarjeta,0
7903,2025-03-10 02:00:00,493,78,1,Tarjeta,0
7904,2025-03-09 03:00:00,336,4,2,Efectivo,10
7905,2025-02-28 09:00:00,210,42,2,Tarjeta,10
7906,2025-09-20 07:00:00,314,9,4,Tarjeta,0
7907,2025-10-28 21:00:00,351,83,2,Tarjeta,0
7908,2025-12-17 20:00:00,110,40,1,Bizum,5
7909,2025-08-27 22:00:00,11,52,3,Efectivo,0
7910,2025-07-12 04:00:00,226,75,1,Tarjeta,5
7911,2025-06-10 23:00:00,334,147,4,Tarjeta,5
7912,2025-08-26 15:00:00,28,117,2,Tarjeta,0
7913,2025-04-03 17:00:00,298,140,2,Cheque regalo,0
7914,2025-05-24 08:00:00,30,53,3,Efectivo,0
7915,2025-02-06 02:00:00,207,35,3,Efectivo,0
7916,2025-06-24 07:00:00,80,147,3,Tarjeta,0
7917,2025-08-11 05:00:00,455,14,2,Tarjeta,10
7918,2025-07-24 02:00:00,425,41,2,Efectivo,0
7919,2025-03-25 08:00:00,398,42,2,Efectivo,0
7920,2025-10-13 06:00:00,252,10,2,Tarjeta,0
7921,2025-10-16 01:00:00,289,38,1,Bizum,5
7922,2025-03-15 15:00:00,130,108,4,Tarjeta,0
7923,2025-10-25 23:00:00,479,80,4,Bizum,0
7924,2025-06-16 19:00:00,291,59,3,Cheque regalo,0
7925,2025-05-10 12:00:00,210,57,2,Tarjeta,5
7926,2025-09-09 02:00:00,168,109,2,Bizum,0
7927,2025-11-10 13:00:00,171,126,2,Efectivo,0
7928,2025-09-20 10:00:00,80,100,2,Tarjeta,10
7929,2025-11-15 16:00:00,52,91,2,Tarjeta,0
7930,2025-12-03 21:00:00,43,13,2,Tarjeta,5
7931,2025-12-22 11:00:00,6,135,1,Tarjeta,0
7932,2025-05-10 06:00:00,477,76,1,Tarjeta,0
7933,2025-03-14 07:00:00,245,16,5,Tarjeta,15
7934,2025-09-29 03:00:00,82,120,1,Tarjeta,0
7935,2025-09-15 11:00:00,115,128,1,Cheque regalo,0
7936,2025-06-12 08:00:00,260,42,1,Tarjeta,5
7937,2025-04-01 17:00:00,486,26,1,Efectivo,0
7938,2025-03-05 20:00:00,310,65,3,Bizum,0
7939,2025-12-12 00:00:00,47,60,5,Bizum,5
7940,2025-06-12 17:00:00,497,106,1,Efectivo,0
7941,2025-07-12 09:00:00,43,30,4,Tarjeta,5
7942,2025-03-07 11:00:00,358,147,3,Tarjeta,10
7943,2025-09-30 21:00:00,222,45,1,Tarjeta,0
7944,2025-09-19 23:00:00,182,121,4,Tarjeta,0
7945,2025-02-26 08:00:00,32,27,2,Tarjeta,0
7946,2025-01-06 00:00:00,248,89,3,Tarjeta,5
7947,2025-01-21 19:00:00,287,45,2,Tarjeta,15
7948,2025-08-10 18:00:00,358,90,2,Tarjeta,5
7949,2025-01-17 02:00:00,419,96,2,Bizum,0
7950,2025-08-07 06:00:00,364,2,2,Tarjeta,0
7951,2025-04-05 10:00:00,309,74,4,Tarjeta,0
7952,2025-09-28 23:00:00,170,113,3,Tarjeta,0
7953,2025-12-16 23:00:00,219,23,4,Tarjeta,15
7954,2025-12-13 12:00:00,18,31,4,Tarjeta,15
7955,2025-07-04 20:00:00,400,78,3,Tarjeta,5
7956,2025-12-23 18:00:00,50,118,2,Bizum,10
7957,2025-07-27 10:00:00,486,71,2,Tarjeta,0
7958,2025-11-07 15:00:00,415,74,1,Tarjeta,0
7959,2025-10-09 19:00:00,232,30,2,Tarjeta,0
7960,2025-02-03 23:00:00,5,47,1,Bizum,5
7961,2025-05-02 10:00:00,26,128,3,Tarjeta,0
7962,2025-12-19 00:00:00,98,100,2,Bizum,5
7963,2025-07-18 07:00:00,300,63,1,Tarjeta,10
7964,2025-02-16 21:00:00,435,70,2,Tarjeta,0
7965,2025-11-14 16:00:00,425,17,2,Tarjeta,0
7966,2025-10-31 15:00:00,401,109,2,Tarjeta,0
7967,2025-06-13 09:00:00,154,128,4,Cheque regalo,5
7968,2025-03-10 13:00:00,200,18,2,Bizum,0
7969,2025-08-08 11:00:00,431,42,4,Tarjeta,20
7970,2025-05-21 11:00:00,11,2,3,Tarjeta,0
7971,2025-04-09 17:00:00,42,139,1,Tarjeta,0
7972,2025-11-30 07:00:00,15,68,1,Tarjeta,0
7973,2025-09-12 04:00:00,245,110,3,Tarjeta,5
7974,2025-01-09 11:00:00,356,107,2,Tarjeta,0
7975,2025-12-30 13:00:00,336,59,4,Tarjeta,0
7976,2025-12-23 21:00:00,18,64,4,Bizum,10
7977,2025-03-25 20:00:00,31,112,3,Efectivo,0
7978,2025-01-23 02:00:00,100,144,1,Bizum,0
7979,2025-11-23 21:00:00,142,79,3,Tarjeta,0
7980,2025-09-16 01:00:00,50,150,1,Bizum,5
7981,2025-01-16 15:00:00,381,49,1,Cheque regalo,5
7982,2025-09-13 04:00:00,288,67,3,Efectivo,10
7983,2025-07-06 20:00:00,431,87,2,Bizum,5
7984,2025-06-21 15:00:00,101,71,3,Efectivo,0
7985,2025-10-15 09:00:00,160,143,3,Tarjeta,0
7986,2025-04-07 01:00:00,53,52,3,Tarjeta,5
7987,2025-06-07 05:00:00,245,1,1,Tarjeta,0
7988,2025-05-02 00:00:00,80,131,3,Tarjeta,0
7989,2025-10-11 11:00:00,171,19,3,Efectivo,0
7990,2025-10-26 17:00:00,470,89,3,Cheque regalo,0
7991,2025-01-01 13:00:00,160,67,2,Bizum,0
7992,2025-03-21 06:00:00,292,66,3,Tarjeta,10
7993,2025-04-02 06:00:00,110,118,2,Bizum,0
7994,2025-09-27 20:00:00,164,44,2,Tarjeta,0
7995,2025-12-23 04:00:00,291,26,1,Tarjeta,0
7996,2025-09-22 07:00:00,355,105,2,Bizum,0
7997,2025-01-03 05:00:00,475,21,1,Tarjeta,0
7998,2025-08-12 07:00:00,427,65,4,Bizum,15
7999,2025-02-05 08:00:00,217,34,3,Bizum,15
8000,2025-09-12 15:00:00,275,69,5,Bizum,0
8001,2025-09-20 01:00:00,406,142,2,Tarjeta,5
8002,2025-01-02 22:00:00,272,142,1,Bizum,10
8003,2025-02-09 06:00:00,72,142,3,Efectivo,0
8004,2025-02-17 03:00:00,162,100,4,Bizum,5
8005,2025-07-02 15:00:00,146,112,3,Tarjeta,5
8006,2025-06-09 18:00:00,115,27,2,Tarjeta,10
8007,2025-12-17 02:00:00,194,22,2,Efectivo,0
8008,2025-03-03 20:00:00,122,129,1,Tarjeta,0
8009,2025-09-21 21:00:00,493,24,3,Bizum,10
8010,2025-09-03 22:00:00,353,34,3,Cheque regalo,5
8011,2025-09-16 01:00:00,103,124,2,Tarjeta,15
8012,2025-09-24 01:00:00,218,86,1,Tarjeta,0
8013,2025-03-26 04:00:00,208,98,2,Tarjeta,0
8014,2025-04-16 16:00:00,296,69,3,Tarjeta,0
8015,2025-05-18 22:00:00,9,95,2,Efectivo,0
8016,2025-11-24 20:00:00,323,124,2,Bizum,0
8017,2025-10-18 13:00:00,357,12,2,Bizum,0
8018,2025-10-02 06:00:00,356,72,2,Tarjeta,5
8019,2025-10-22 01:00:00,210,141,2,Efectivo,10
8020,2025-10-10 02:00:00,56,113,2,Tarjeta,0
8021,2025-02-22 06:00:00,83,96,2,Bizum,0
8022,2025-06-02 21:00:00,73,56,1,Bizum,0
8023,2025-02-12 02:00:00,6,137,3,Cheque regalo,0
8024,2025-12-14 19:00:00,403,105,2,Tarjeta,0
8025,2025-07-10 07:00:00,295,59,4,Tarjeta,5
8026,2025-01-31 04:00:00,146,36,4,Efectivo,5
8027,2025-06-20 21:00:00,41,3,3,Tarjeta,0
8028,2025-12-29 21:00:00,466,34,2,Bizum,0
8029,2025-08-13 18:00:00,149,51,2,Cheque regalo,0
8030,2025-09-15 05:00:00,141,94,2,Efectivo,0
8031,2025-09-08 12:00:00,149,25,2,Bizum,5
8032,2025-05-09 16:00:00,258,124,4,Tarjeta,0
8033,2025-03-25 13:00:00,231,73,2,Tarjeta,10
8034,2025-09-16 06:00:00,295,14,1,Tarjeta,0
8035,2025-01-09 07:00:00,21,50,1,Bizum,10
8036,2025-02-10 17:00:00,334,100,2,Tarjeta,0
8037,2025-10-08 12:00:00,350,103,1,Tarjeta,5
8038,2025-09-16 05:00:00,319,123,2,Bizum,0
8039,2025-08-02 18:00:00,365,89,3,Tarjeta,10
8040,2025-09-19 19:00:00,160,7,3,Tarjeta,5
8041,2025-02-21 03:00:00,488,118,2,Tarjeta,0
8042,2025-02-16 19:00:00,48,81,3,Tarjeta,10
8043,2025-09-20 02:00:00,392,50,1,Bizum,5
8044,2025-09-22 16:00:00,264,60,1,Bizum,0
8045,2025-12-24 10:00:00,292,7,3,Tarjeta,0
8046,2025-11-02 23:00:00,341,125,2,Efectivo,0
8047,2025-06-01 20:00:00,461,78,2,Bizum,0
8048,2025-07-29 02:00:00,431,28,3,Bizum,5
8049,2025-09-27 05:00:00,173,137,2,Tarjeta,5
8050,2025-12-22 10:00:00,72,35,2,Tarjeta,0
8051,2025-08-11 06:00:00,146,37,2,Tarjeta,0
8052,2025-03-29 16:00:00,366,149,3,Bizum,5
8053,2025-05-29 13:00:00,171,110,3,Bizum,5
8054,2025-02-03 18:00:00,434,105,4,Cheque regalo,0
8055,2025-03-19 14:00:00,118,146,3,Tarjeta,0
8056,2025-09-28 10:00:00,324,140,1,Bizum,15
8057,2025-09-21 21:00:00,448,127,2,Tarjeta,10
8058,2025-11-27 13:00:00,11,149,2,Bizum,20
8059,2025-10-17 05:00:00,403,140,2,Tarjeta,5
8060,2025-02-02 04:00:00,202,76,3,Tarjeta,10
8061,2025-01-26 10:00:00,351,40,1,Bizum,0
8062,2025-06-18 14:00:00,409,142,1,Efectivo,5
8063,2025-11-25 08:00:00,357,54,1,Tarjeta,10
8064,2025-02-01 01:00:00,51,141,3,Tarjeta,5
8065,2025-05-23 14:00:00,208,48,2,Bizum,5
8066,2025-05-27 18:00:00,354,145,3,Tarjeta,0
8067,2025-04-24 10:00:00,278,129,3,Tarjeta,15
8068,2025-05-04 07:00:00,431,96,2,Efectivo,5
8069,2025-11-16 07:00:00,190,52,2,Bizum,0
8070,2025-05-07 20:00:00,6,78,2,Bizum,5
8071,2025-06-15 13:00:00,55,68,2,Tarjeta,5
8072,2025-07-23 21:00:00,458,78,2,Efectivo,15
8073,2025-11-20 02:00:00,326,43,4,Tarjeta,20
8074,2025-07-02 11:00:00,223,19,1,Tarjeta,0
8075,2025-05-01 14:00:00,480,138,3,Tarjeta,10
8076,2025-11-05 00:00:00,244,115,3,Tarjeta,0
8077,2025-06-24 21:00:00,133,25,4,Bizum,0
8078,2025-09-26 05:00:00,41,4,1,Tarjeta,0
8079,2025-07-03 22:00:00,47,34,3,Tarjeta,0
8080,2025-07-16 01:00:00,334,106,1,Tarjeta,0
8081,2025-02-17 21:00:00,319,69,1,Tarjeta,0
8082,2025-03-06 14:00:00,450,91,1,Bizum,5
8083,2025-07-22 10:00:00,193,18,1,Bizum,0
8084,2025-09-20 16:00:00,441,22,2,Tarjeta,0
8085,2025-03-18 23:00:00,113,85,2,Bizum,15
8086,2025-07-12 21:00:00,77,9,3,Tarjeta,5
8087,2025-04-05 13:00:00,315,55,2,Efectivo,15
8088,2025-01-16 15:00:00,381,37,1,Tarjeta,10
8089,2025-10-08 07:00:00,295,20,1,Tarjeta,0
8090,2025-08-13 10:00:00,365,73,2,Bizum,0
8091,2025-04-18 17:00:00,225,51,2,Tarjeta,0
8092,2025-07-13 16:00:00,475,104,4,Bizum,0
8093,2025-03-25 06:00:00,186,66,2,Tarjeta,0
8094,2025-06-15 05:00:00,293,111,2,Tarjeta,0
8095,2025-02-26 23:00:00,248,16,1,Bizum,0
8096,2025-02-15 12:00:00,100,97,4,Tarjeta,0
8097,2025-10-03 04:00:00,378,108,3,Tarjeta,0
8098,2025-11-17 20:00:00,346,17,2,Bizum,0
8099,2025-03-05 09:00:00,101,67,2,Tarjeta,0
8100,2025-01-31 16:00:00,307,45,3,Bizum,10
8101,2025-10-05 15:00:00,153,10,1,Tarjeta,5
8102,2025-12-24 09:00:00,153,96,3,Tarjeta,0
8103,2025-08-31 16:00:00,366,140,1,Tarjeta,15
8104,2025-03-25 01:00:00,498,52,2,Tarjeta,0
8105,2025-12-31 18:00:00,125,88,1,Bizum,10
8106,2025-01-08 08:00:00,57,124,3,Tarjeta,0
8107,2025-03-03 18:00:00,471,127,1,Tarjeta,0
8108,2025-09-06 00:00:00,306,55,2,Tarjeta,0
8109,2025-12-24 16:00:00,69,81,3,Tarjeta,0
8110,2025-07-13 09:00:00,372,15,2,Cheque regalo,0
8111,2025-02-13 16:00:00,139,141,2,Bizum,0
8112,2025-11-07 23:00:00,48,89,2,Efectivo,0
8113,2025-07-25 14:00:00,486,144,3,Bizum,0
8114,2025-12-15 05:00:00,69,150,1,Bizum,0
8115,2025-04-07 01:00:00,129,115,2,Cheque regalo,0
8116,2025-05-15 01:00:00,133,143,2,Tarjeta,10
8117,2025-01-15 00:00:00,458,121,1,Tarjeta,0
8118,2025-09-05 03:00:00,423,113,4,Bizum,0
8119,2025-01-25 10:00:00,336,15,3,Efectivo,0
8120,2025-10-15 12:00:00,459,20,1,Tarjeta,10
8121,2025-09-17 23:00:00,371,79,1,Tarjeta,0
8122,2025-07-25 01:00:00,292,8,4,Tarjeta,5
8123,2025-07-19 04:00:00,465,70,1,Tarjeta,10
8124,2025-05-13 08:00:00,134,18,2,Tarjeta,10
8125,2025-07-24 02:00:00,59,88,2,Efectivo,0
8126,2025-01-29 19:00:00,469,38,1,Efectivo,10
8127,2025-12-14 03:00:00,386,52,1,Tarjeta,10
8128,2025-04-25 12:00:00,9,110,4,Tarjeta,0
8129,2025-11-09 21:00:00,413,29,1,Cheque regalo,0
8130,2025-02-25 18:00:00,422,54,1,Tarjeta,10
8131,2025-12-15 23:00:00,457,147,3,Bizum,0
8132,2025-12-07 04:00:00,124,147,2,Tarjeta,0
8133,2025-03-18 09:00:00,116,111,3,Tarjeta,0
8134,2025-04-12 08:00:00,429,38,3,Tarjeta,10
8135,2025-04-08 06:00:00,440,107,3,Tarjeta,15
8136,2025-03-05 00:00:00,298,96,3,Tarjeta,5
8137,2025-08-16 13:00:00,27,141,2,Efectivo,0
8138,2025-01-01 09:00:00,460,83,3,Tarjeta,10
8139,2025-09-12 04:00:00,244,127,4,Tarjeta,0
8140,2025-12-15 04:00:00,21,57,1,Tarjeta,0
8141,2025-04-06 05:00:00,441,19,1,Efectivo,15
8142,2025-01-09 01:00:00,473,6,2,Efectivo,20
8143,2025-08-20 15:00:00,418,115,2,Tarjeta,10
8144,2025-12-02 03:00:00,347,61,1,Efectivo,0
8145,2025-08-30 19:00:00,388,83,1,Tarjeta,0
8146,2025-09-15 02:00:00,160,84,3,Tarjeta,0
8147,2025-03-10 23:00:00,497,45,2,Efectivo,0
8148,2025-01-08 12:00:00,6,148,3,Tarjeta,0
8149,2025-01-21 12:00:00,169,64,3,Tarjeta,15
8150,2025-05-19 18:00:00,182,73,1,Tarjeta,15
8151,2025-04-26 05:00:00,152,29,1,Efectivo,0
8152,2025-06-19 15:00:00,223,46,3,Tarjeta,5
8153,2025-07-07 20:00:00,71,41,1,Tarjeta,0
8154,2025-11-17 21:00:00,210,12,2,Tarjeta,0
8155,2025-05-28 23:00:00,361,59,2,Cheque regalo,5
8156,2025-09-07 08:00:00,383,90,1,Bizum,5
8157,2025-04-21 21:00:00,284,116,2,Tarjeta,5
8158,2025-04-26 14:00:00,284,69,3,Tarjeta,0
8159,2025-10-13 16:00:00,130,80,2,Efectivo,10
8160,2025-06-16 00:00:00,228,98,1,Tarjeta,0
8161,2025-04-21 00:00:00,39,33,2,Efectivo,0
8162,2025-06-13 14:00:00,354,21,1,Tarjeta,5
8163,2025-09-30 10:00:00,223,6,3,Efectivo,0
8164,2025-03-27 09:00:00,392,29,3,Tarjeta,5
8165,2025-05-06 13:00:00,497,118,1,Tarjeta,0
8166,2025-06-23 08:00:00,431,90,3,Tarjeta,10
8167,2025-07-08 15:00:00,415,114,2,Efectivo,0
8168,2025-10-01 13:00:00,33,101,2,Tarjeta,0
8169,2025-08-10 15:00:00,223,125,2,Tarjeta,0
8170,2025-08-14 01:00:00,226,96,1,Tarjeta,0
8171,2025-09-18 16:00:00,240,130,2,Tarjeta,0
8172,2025-07-19 01:00:00,19,103,5,Tarjeta,0
8173,2025-09-10 00:00:00,292,139,3,Tarjeta,10
8174,2025-02-02 03:00:00,310,27,3,Efectivo,0
8175,2025-04-13 18:00:00,477,80,3,Tarjeta,0
8176,2025-03-21 05:00:00,38,149,2,Cheque regalo,5
8177,2025-12-24 03:00:00,345,41,1,Bizum,0
8178,2025-09-03 18:00:00,443,69,2,Bizum,0
8179,2025-07-31 20:00:00,373,90,1,Tarjeta,5
8180,2025-04-02 07:00:00,137,69,1,Bizum,0
8181,2025-05-07 21:00:00,350,9,2,Cheque regalo,0
8182,2025-03-04 11:00:00,209,65,1,Tarjeta,0
8183,2025-08-16 07:00:00,241,106,4,Tarjeta,5
8184,2025-05-19 21:00:00,110,97,1,Tarjeta,0
8185,2025-07-16 05:00:00,408,145,1,Bizum,0
8186,2025-04-29 14:00:00,343,111,3,Efectivo,10
8187,2025-01-11 08:00:00,133,57,2,Efectivo,0
8188,2025-08-25 20:00:00,129,54,1,Bizum,5
8189,2025-02-16 18:00:00,477,44,2,Efectivo,0
8190,2025-10-15 06:00:00,464,48,2,Tarjeta,15
8191,2025-12-23 12:00:00,355,129,3,Efectivo,0
8192,2025-06-23 01:00:00,63,129,1,Tarjeta,0
8193,2025-09-22 22:00:00,75,127,4,Bizum,0
8194,2025-10-17 08:00:00,169,82,2,Tarjeta,0
8195,2025-06-25 11:00:00,444,19,2,Tarjeta,5
8196,2025-02-11 23:00:00,189,52,2,Tarjeta,0
8197,2025-02-28 01:00:00,488,2,2,Efectivo,0
8198,2025-07-29 08:00:00,62,16,3,Tarjeta,0
8199,2025-07-11 07:00:00,240,5,3,Bizum,0
8200,2025-10-29 09:00:00,168,60,3,Tarjeta,5
8201,2025-09-26 18:00:00,218,51,4,Tarjeta,20
8202,2025-12-27 03:00:00,213,39,4,Tarjeta,0
8203,2025-05-31 22:00:00,392,25,3,Efectivo,0
8204,2025-05-23 06:00:00,228,20,2,Tarjeta,0
8205,2025-02-10 11:00:00,64,144,4,Bizum,0
8206,2025-10-26 04:00:00,387,49,2,Efectivo,0
8207,2025-08-15 17:00:00,245,63,2,Cheque regalo,10
8208,2025-05-12 07:00:00,176,149,1,Bizum,0
8209,2025-12-16 09:00:00,357,145,5,Tarjeta,5
8210,2025-06-02 07:00:00,326,46,1,Tarjeta,0
8211,2025-01-09 20:00:00,245,79,3,Tarjeta,0
8212,2025-04-04 21:00:00,18,73,3,Bizum,0
8213,2025-09-14 18:00:00,275,88,1,Bizum,0
8214,2025-08-24 18:00:00,280,85,1,Tarjeta,0
8215,2025-02-27 05:00:00,203,37,3,Tarjeta,5
8216,2025-04-21 12:00:00,128,10,2,Efectivo,0
8217,2025-11-13 13:00:00,423,9,2,Efectivo,0
8218,2025-11-22 18:00:00,133,94,4,Tarjeta,5
8219,2025-09-13 19:00:00,269,74,2,Tarjeta,0
8220,2025-07-10 17:00:00,22,2,1,Bizum,0
8221,2025-06-19 17:00:00,98,104,2,Tarjeta,0
8222,2025-01-19 20:00:00,50,52,1,Efectivo,15
8223,2025-05-19 06:00:00,475,133,2,Bizum,0
8224,2025-07-13 22:00:00,455,52,2,Tarjeta,0
8225,2025-02-26 11:00:00,475,70,1,Tarjeta,5
8226,2025-08-20 08:00:00,172,143,1,Bizum,0
8227,2025-07-22 10:00:00,59,24,1,Efectivo,5
8228,2025-12-14 22:00:00,435,60,2,Tarjeta,0
8229,2025-11-01 15:00:00,143,80,3,Bizum,0
8230,2025-12-04 05:00:00,415,135,3,Cheque regalo,5
8231,2025-09-02 09:00:00,370,59,2,Tarjeta,0
8232,2025-07-27 19:00:00,369,85,2,Tarjeta,0
8233,2025-11-14 16:00:00,32,110,5,Tarjeta,5
8234,2025-09-23 11:00:00,176,2,3,Tarjeta,0
8235,2025-08-20 11:00:00,27,45,2,Tarjeta,0
8236,2025-05-01 23:00:00,355,85,1,Cheque regalo,0
8237,2025-05-15 01:00:00,157,11,3,Tarjeta,0
8238,2025-10-25 15:00:00,406,28,3,Tarjeta,0
8239,2025-07-19 06:00:00,167,57,3,Tarjeta,0
8240,2025-08-28 06:00:00,425,59,1,Tarjeta,0
8241,2025-11-30 22:00:00,194,2,2,Efectivo,0
8242,2025-12-27 09:00:00,285,12,3,Tarjeta,5
8243,2025-12-05 08:00:00,493,107,3,Tarjeta,0
8244,2025-10-19 17:00:00,461,1,2,Efectivo,0
8245,2025-10-28 16:00:00,144,61,1,Efectivo,0
8246,2025-10-09 15:00:00,84,139,1,Efectivo,0
8247,2025-03-01 11:00:00,38,9,2,Tarjeta,0
8248,2025-09-18 00:00:00,19,30,3,Bizum,0
8249,2025-09-14 08:00:00,177,67,2,Tarjeta,0
8250,2025-04-24 08:00:00,344,83,1,Bizum,0
8251,2025-08-05 13:00:00,313,92,4,Tarjeta,5
8252,2025-11-21 16:00:00,204,48,3,Efectivo,10
8253,2025-09-05 01:00:00,357,29,1,Tarjeta,0
8254,2025-11-07 08:00:00,165,23,4,Tarjeta,0
8255,2025-09-25 09:00:00,233,111,3,Bizum,0
8256,2025-06-30 05:00:00,459,22,1,Tarjeta,0
8257,2025-06-05 03:00:00,57,121,2,Tarjeta,5
8258,2025-12-01 06:00:00,300,33,1,Bizum,0
8259,2025-04-05 19:00:00,335,18,3,Tarjeta,10
8260,2025-09-19 04:00:00,255,22,1,Efectivo,0
8261,2025-07-08 02:00:00,38,28,2,Tarjeta,0
8262,2025-03-30 14:00:00,252,81,3,Bizum,5
8263,2025-01-04 08:00:00,101,100,3,Bizum,0
8264,2025-05-09 12:00:00,170,57,2,Bizum,20
8265,2025-02-12 15:00:00,135,116,2,Bizum,5
8266,2025-08-28 09:00:00,67,80,1,Cheque regalo,15
8267,2025-12-10 13:00:00,223,14,5,Tarjeta,0
8268,2025-12-05 06:00:00,40,103,4,Tarjeta,5
8269,2025-02-03 05:00:00,165,111,2,Tarjeta,10
8270,2025-08-02 02:00:00,47,47,4,Cheque regalo,10
8271,2025-07-06 20:00:00,252,90,1,Tarjeta,15
8272,2025-02-12 08:00:00,457,99,2,Tarjeta,0
8273,2025-06-26 02:00:00,38,30,2,Tarjeta,10
8274,2025-11-11 10:00:00,289,74,3,Tarjeta,0
8275,2025-03-24 22:00:00,230,29,4,Tarjeta,0
8276,2025-04-01 13:00:00,333,78,2,Tarjeta,0
8277,2025-02-20 18:00:00,332,150,3,Tarjeta,0
8278,2025-01-31 23:00:00,381,141,4,Cheque regalo,0
8279,2025-04-07 18:00:00,449,28,2,Tarjeta,0
8280,2025-11-22 02:00:00,94,51,3,Tarjeta,0
8281,2025-05-20 05:00:00,421,95,1,Tarjeta,0
8282,2025-03-28 15:00:00,282,69,3,Tarjeta,15
8283,2025-05-24 00:00:00,430,74,5,Efectivo,0
8284,2025-07-14 17:00:00,372,134,1,Tarjeta,0
8285,2025-06-16 00:00:00,285,95,4,Tarjeta,10
8286,2025-09-16 14:00:00,319,43,1,Tarjeta,0
8287,2025-01-23 10:00:00,123,139,2,Tarjeta,15
8288,2025-12-18 01:00:00,214,118,2,Tarjeta,5
8289,2025-12-03 15:00:00,329,101,2,Bizum,5
8290,2025-04-06 21:00:00,348,5,2,Cheque regalo,0
8291,2025-02-13 13:00:00,454,47,2,Bizum,0
8292,2025-09-29 22:00:00,455,74,1,Cheque regalo,0
8293,2025-05-01 16:00:00,57,28,1,Tarjeta,5
8294,2025-09-18 19:00:00,153,14,3,Tarjeta,0
8295,2025-07-28 18:00:00,422,59,2,Tarjeta,0
8296,2025-07-31 12:00:00,354,135,3,Tarjeta,0
8297,2025-12-01 21:00:00,129,56,1,Efectivo,15
8298,2025-07-11 23:00:00,376,32,3,Efectivo,5
8299,2025-11-26 15:00:00,460,87,1,Efectivo,10
8300,2025-10-02 12:00:00,146,72,3,Tarjeta,5
8301,2025-05-24 11:00:00,309,124,2,Efectivo,0
8302,2025-05-14 14:00:00,230,45,3,Tarjeta,0
8303,2025-12-29 05:00:00,300,78,3,Bizum,0
8304,2025-12-06 07:00:00,456,49,1,Tarjeta,0
8305,2025-07-11 03:00:00,59,90,4,Tarjeta,10
8306,2025-01-21 18:00:00,281,104,2,Bizum,0
8307,2025-06-30 01:00:00,168,60,2,Bizum,5
8308,2025-11-08 00:00:00,373,55,2,Efectivo,10
8309,2025-01-26 23:00:00,326,67,2,Tarjeta,0
8310,2025-07-11 20:00:00,33,9,2,Tarjeta,0
8311,2025-03-03 15:00:00,296,117,1,Tarjeta,5
8312,2025-07-24 06:00:00,482,150,4,Bizum,20
8313,2025-04-26 01:00:00,83,143,2,Tarjeta,0
8314,2025-04-03 11:00:00,251,7,2,Tarjeta,0
8315,2025-10-23 06:00:00,433,142,2,Tarjeta,5
8316,2025-11-09 19:00:00,55,99,1,Tarjeta,0
8317,2025-03-16 19:00:00,230,20,1,Tarjeta,0
8318,2025-01-31 04:00:00,86,108,4,Efectivo,15
8319,2025-01-05 12:00:00,263,88,1,Efectivo,0
8320,2025-11-13 10:00:00,78,112,3,Bizum,0
8321,2025-12-27 20:00:00,172,35,1,Bizum,0
8322,2025-05-01 17:00:00,375,5,1,Tarjeta,5
8323,2025-09-18 09:00:00,165,4,1,Cheque regalo,0
8324,2025-09-28 07:00:00,387,65,2,Bizum,0
8325,2025-05-12 09:00:00,338,69,2,Tarjeta,5
8326,2025-12-25 07:00:00,92,72,4,Bizum,0
8327,2025-08-07 10:00:00,433,51,3,Tarjeta,0
8328,2025-03-17 04:00:00,112,119,1,Tarjeta,5
8329,2025-08-11 08:00:00,425,124,1,Efectivo,0
8330,2025-02-25 09:00:00,307,53,2,Tarjeta,0
8331,2025-05-14 21:00:00,124,116,2,Efectivo,10
8332,2025-06-03 21:00:00,297,90,3,Bizum,5
8333,2025-05-25 14:00:00,7,78,3,Tarjeta,5
8334,2025-01-09 06:00:00,408,20,2,Tarjeta,0
8335,2025-08-19 20:00:00,466,21,2,Tarjeta,0
8336,2025-11-07 00:00:00,389,52,3,Tarjeta,5
8337,2025-12-21 22:00:00,161,69,2,Efectivo,0
8338,2025-03-18 04:00:00,455,108,3,Tarjeta,5
8339,2025-01-06 00:00:00,60,9,4,Tarjeta,0
8340,2025-07-24 21:00:00,171,74,1,Bizum,0
8341,2025-09-01 06:00:00,284,139,1,Tarjeta,0
8342,2025-08-20 02:00:00,169,15,2,Tarjeta,0
8343,2025-11-06 23:00:00,129,106,3,Tarjeta,0
8344,2025-09-17 04:00:00,276,131,3,Tarjeta,0
8345,2025-02-04 20:00:00,9,145,1,Tarjeta,0
8346,2025-05-05 10:00:00,133,135,2,Tarjeta,10
8347,2025-11-20 23:00:00,203,66,4,Tarjeta,0
8348,2025-07-20 08:00:00,55,41,3,Tarjeta,0
8349,2025-10-19 08:00:00,349,121,1,Tarjeta,0
8350,2025-08-06 16:00:00,300,88,2,Tarjeta,0
8351,2025-07-08 09:00:00,222,29,3,Tarjeta,5
8352,2025-06-15 05:00:00,361,14,1,Tarjeta,0
8353,2025-11-24 02:00:00,43,70,1,Bizum,15
8354,2025-07-09 17:00:00,111,50,2,Tarjeta,0
8355,2025-08-22 02:00:00,456,114,2,Tarjeta,5
8356,2025-07-05 03:00:00,486,28,4,Tarjeta,0
8357,2025-10-22 03:00:00,419,65,4,Tarjeta,5
8358,2025-01-10 11:00:00,182,101,4,Tarjeta,10
8359,2025-03-31 15:00:00,59,114,3,Tarjeta,0
8360,2025-08-25 19:00:00,283,145,1,Bizum,0
8361,2025-09-11 19:00:00,458,75,2,Tarjeta,0
8362,2025-07-04 23:00:00,113,144,1,Tarjeta,0
8363,2025-10-25 19:00:00,58,17,3,Efectivo,0
8364,2025-04-30 14:00:00,101,135,1,Tarjeta,5
8365,2025-01-24 06:00:00,27,86,4,Bizum,0
8366,2025-04-23 09:00:00,369,125,2,Bizum,0
8367,2025-08-22 05:00:00,381,139,3,Tarjeta,0
8368,2025-06-10 14:00:00,315,8,3,Tarjeta,0
8369,2025-08-24 09:00:00,9,47,4,Efectivo,0
8370,2025-02-22 15:00:00,343,33,2,Tarjeta,5
8371,2025-09-05 19:00:00,371,3,3,Efectivo,20
8372,2025-01-18 13:00:00,431,110,5,Tarjeta,5
8373,2025-05-04 23:00:00,336,89,2,Tarjeta,0
8374,2025-08-05 01:00:00,118,130,3,Bizum,0
8375,2025-10-12 10:00:00,50,54,1,Bizum,5
8376,2025-08-28 17:00:00,249,91,4,Tarjeta,0
8377,2025-09-28 03:00:00,431,118,2,Tarjeta,0
8378,2025-08-04 08:00:00,320,24,1,Bizum,0
8379,2025-08-31 20:00:00,498,87,2,Tarjeta,0
8380,2025-10-30 20:00:00,287,18,3,Tarjeta,0
8381,2025-09-30 18:00:00,245,122,2,Tarjeta,0
8382,2025-01-31 14:00:00,138,93,4,Bizum,0
8383,2025-02-22 16:00:00,78,24,1,Tarjeta,0
8384,2025-06-23 20:00:00,321,31,2,Tarjeta,0
8385,2025-12-30 03:00:00,78,134,3,Tarjeta,5
8386,2025-06-28 07:00:00,136,8,3,Tarjeta,0
8387,2025-03-02 00:00:00,317,142,2,Tarjeta,15
8388,2025-05-14 23:00:00,449,82,1,Tarjeta,5
8389,2025-03-01 21:00:00,224,74,3,Tarjeta,10
8390,2025-05-04 20:00:00,205,66,2,Tarjeta,0
8391,2025-01-31 20:00:00,495,48,2,Tarjeta,0
8392,2025-03-06 20:00:00,112,70,2,Efectivo,0
8393,2025-05-22 02:00:00,231,26,3,Tarjeta,0
8394,2025-05-12 12:00:00,283,76,1,Efectivo,0
8395,2025-02-07 14:00:00,347,37,2,Tarjeta,10
8396,2025-05-24 04:00:00,84,73,4,Tarjeta,0
8397,2025-11-08 07:00:00,244,44,1,Bizum,0
8398,2025-12-24 16:00:00,327,10,2,Efectivo,5
8399,2025-10-15 01:00:00,39,93,3,Tarjeta,0
8400,2025-12-20 10:00:00,297,15,2,Tarjeta,0
8401,2025-10-19 16:00:00,24,100,2,Tarjeta,10
8402,2025-05-23 22:00:00,89,30,3,Tarjeta,0
8403,2025-08-11 22:00:00,238,148,3,Cheque regalo,0
8404,2025-05-18 06:00:00,137,19,2,Bizum,0
8405,2025-04-13 04:00:00,202,13,1,Tarjeta,20
8406,2025-12-19 21:00:00,95,57,2,Cheque regalo,0
8407,2025-03-24 14:00:00,304,71,4,Tarjeta,0
8408,2025-09-30 17:00:00,15,28,2,Tarjeta,0
8409,2025-08-13 00:00:00,457,13,3,Tarjeta,0
8410,2025-09-12 23:00:00,371,54,3,Tarjeta,10
8411,2025-06-14 11:00:00,245,32,2,Tarjeta,15
8412,2025-08-06 16:00:00,379,75,2,Bizum,0
8413,2025-09-11 22:00:00,268,131,1,Efectivo,5
8414,2025-12-26 08:00:00,399,147,4,Bizum,10
8415,2025-04-13 04:00:00,22,82,2,Tarjeta,5
8416,2025-09-29 11:00:00,143,148,3,Bizum,5
8417,2025-08-20 21:00:00,450,30,2,Efectivo,0
8418,2025-06-25 11:00:00,349,111,5,Bizum,0
8419,2025-07-12 04:00:00,424,69,3,Tarjeta,5
8420,2025-04-24 03:00:00,305,98,3,Tarjeta,15
8421,2025-07-12 10:00:00,270,52,2,Tarjeta,5
8422,2025-09-21 13:00:00,179,48,1,Bizum,0
8423,2025-12-04 07:00:00,139,41,3,Efectivo,0
8424,2025-08-20 19:00:00,63,33,3,Tarjeta,5
8425,2025-04-12 16:00:00,73,145,2,Tarjeta,5
8426,2025-05-08 03:00:00,381,107,1,Bizum,0
8427,2025-01-05 02:00:00,181,70,3,Bizum,0
8428,2025-03-20 03:00:00,227,122,3,Tarjeta,0
8429,2025-02-07 10:00:00,333,94,4,Tarjeta,0
8430,2025-12-09 04:00:00,370,15,1,Efectivo,0
8431,2025-11-25 14:00:00,22,69,1,Tarjeta,0
8432,2025-04-03 21:00:00,223,70,3,Tarjeta,0
8433,2025-10-09 07:00:00,445,87,1,Bizum,0
8434,2025-07-31 02:00:00,38,86,1,Bizum,0
8435,2025-02-03 23:00:00,169,64,4,Efectivo,0
8436,2025-02-02 12:00:00,20,43,1,Tarjeta,0
8437,2025-05-11 00:00:00,210,94,2,Bizum,0
8438,2025-01-24 01:00:00,120,7,3,Tarjeta,10
8439,2025-08-10 15:00:00,74,62,1,Efectivo,0
8440,2025-08-01 00:00:00,494,58,1,Bizum,5
8441,2025-04-24 23:00:00,139,141,1,Tarjeta,0
8442,2025-08-30 00:00:00,268,3,3,Bizum,0
8443,2025-05-29 16:00:00,409,48,1,Efectivo,10
8444,2025-12-28 19:00:00,33,109,3,Bizum,0
8445,2025-10-08 08:00:00,315,38,2,Tarjeta,5
8446,2025-04-04 09:00:00,88,102,3,Bizum,0
8447,2025-10-11 03:00:00,494,42,1,Tarjeta,0
8448,2025-08-01 18:00:00,71,44,3,Efectivo,5
8449,2025-10-25 19:00:00,138,90,1,Bizum,0
8450,2025-04-05 14:00:00,132,48,2,Tarjeta,0
8451,2025-01-29 06:00:00,73,65,2,Tarjeta,5
8452,2025-10-06 11:00:00,495,101,2,Tarjeta,0
8453,2025-03-01 21:00:00,278,30,3,Tarjeta,0
8454,2025-11-15 04:00:00,11,86,1,Tarjeta,0
8455,2025-07-28 01:00:00,388,141,1,Tarjeta,0
8456,2025-11-28 08:00:00,500,118,2,Bizum,10
8457,2025-09-15 17:00:00,149,90,2,Cheque regalo,0
8458,2025-08-23 23:00:00,481,145,2,Tarjeta,5
8459,2025-02-15 07:00:00,358,111,1,Tarjeta,5
8460,2025-05-01 23:00:00,232,134,2,Tarjeta,0
8461,2025-08-12 14:00:00,154,121,3,Cheque regalo,0
8462,2025-04-25 01:00:00,398,124,2,Tarjeta,0
8463,2025-09-27 08:00:00,22,31,2,Tarjeta,5
8464,2025-05-09 22:00:00,291,77,1,Tarjeta,0
8465,2025-09-17 01:00:00,280,130,2,Cheque regalo,0
8466,2025-09-11 13:00:00,380,18,4,Tarjeta,0
8467,2025-01-25 10:00:00,27,145,2,Efectivo,0
8468,2025-12-30 17:00:00,210,23,2,Cheque regalo,5
8469,2025-03-07 15:00:00,278,8,2,Tarjeta,0
8470,2025-08-21 18:00:00,207,79,2,Tarjeta,5
8471,2025-10-18 09:00:00,489,52,2,Tarjeta,20
8472,2025-07-06 23:00:00,203,86,2,Efectivo,0
8473,2025-03-22 04:00:00,182,104,5,Bizum,5
8474,2025-11-18 14:00:00,71,76,4,Tarjeta,0
8475,2025-04-08 17:00:00,11,18,2,Efectivo,0
8476,2025-04-24 06:00:00,387,73,2,Tarjeta,0
8477,2025-06-10 04:00:00,433,10,2,Tarjeta,15
8478,2025-07-24 19:00:00,6,143,2,Bizum,5
8479,2025-05-16 10:00:00,424,141,2,Tarjeta,0
8480,2025-07-25 05:00:00,355,134,2,Efectivo,0
8481,2025-11-08 21:00:00,206,140,2,Tarjeta,5
8482,2025-07-08 21:00:00,176,13,2,Tarjeta,0
8483,2025-12-31 14:00:00,458,95,3,Tarjeta,5
8484,2025-06-03 06:00:00,101,106,4,Bizum,0
8485,2025-07-05 05:00:00,366,12,4,Tarjeta,0
8486,2025-02-28 00:00:00,487,120,2,Bizum,5
8487,2025-02-13 16:00:00,90,123,1,Efectivo,0
8488,2025-06-25 02:00:00,252,22,3,Tarjeta,5
8489,2025-02-14 16:00:00,463,126,2,Tarjeta,0
8490,2025-11-19 17:00:00,123,44,1,Tarjeta,0
8491,2025-05-21 23:00:00,47,83,2,Tarjeta,0
8492,2025-07-30 08:00:00,427,76,3,Tarjeta,15
8493,2025-10-31 21:00:00,352,100,3,Cheque regalo,0
8494,2025-02-18 06:00:00,214,13,1,Tarjeta,0
8495,2025-11-26 10:00:00,73,109,1,Bizum,15
8496,2025-08-31 10:00:00,260,124,2,Efectivo,0
8497,2025-01-04 11:00:00,149,22,4,Tarjeta,10
8498,2025-06-29 13:00:00,135,72,2,Tarjeta,0
8499,2025-10-01 01:00:00,369,77,2,Tarjeta,0
8500,2025-04-07 07:00:00,164,127,2,Bizum,0
8501,2025-05-19 19:00:00,143,139,1,Bizum,10
8502,2025-10-01 19:00:00,7,134,2,Cheque regalo,0
8503,2025-05-05 01:00:00,319,120,2,Tarjeta,0
8504,2025-10-14 16:00:00,32,73,2,Tarjeta,5
8505,2025-01-10 14:00:00,207,102,3,Efectivo,0
8506,2025-12-08 11:00:00,218,20,2,Tarjeta,0
8507,2025-01-22 17:00:00,336,109,2,Tarjeta,10
8508,2025-11-17 05:00:00,1,1,1,Tarjeta,0
8509,2025-06-29 11:00:00,420,107,4,Tarjeta,0
8510,2025-10-30 02:00:00,225,83,1,Efectivo,5
8511,2025-11-07 11:00:00,84,72,2,Tarjeta,5
8512,2025-05-24 18:00:00,494,53,3,Bizum,10
8513,2025-12-10 06:00:00,182,62,2,Tarjeta,0
8514,2025-05-26 07:00:00,270,128,1,Bizum,0
8515,2025-04-03 16:00:00,132,144,1,Cheque regalo,5
8516,2025-07-07 19:00:00,388,96,4,Efectivo,0
8517,2025-06-30 07:00:00,324,75,1,Efectivo,0
8518,2025-08-29 16:00:00,148,84,3,Tarjeta,0
8519,2025-04-22 01:00:00,132,42,2,Efectivo,0
8520,2025-02-09 04:00:00,28,73,3,Tarjeta,15
8521,2025-10-29 15:00:00,5,20,1,Bizum,0
8522,2025-05-20 11:00:00,284,66,1,Bizum,5
8523,2025-10-27 05:00:00,290,78,1,Cheque regalo,5
8524,2025-06-18 12:00:00,471,121,2,Tarjeta,0
8525,2025-12-25 21:00:00,354,10,2,Tarjeta,0
8526,2025-09-07 04:00:00,118,83,2,Tarjeta,0
8527,2025-04-12 12:00:00,408,95,2,Tarjeta,0
8528,2025-08-09 16:00:00,67,28,3,Tarjeta,5
8529,2025-09-30 00:00:00,373,83,2,Tarjeta,5
8530,2025-10-18 07:00:00,240,68,3,Efectivo,0
8531,2025-05-24 19:00:00,76,140,4,Tarjeta,10
8532,2025-12-14 17:00:00,427,89,3,Tarjeta,0
8533,2025-10-17 06:00:00,5,56,1,Tarjeta,0
8534,2025-09-18 10:00:00,214,8,1,Efectivo,0
8535,2025-02-07 06:00:00,438,74,2,Bizum,5
8536,2025-04-17 18:00:00,16,122,2,Bizum,10
8537,2025-03-05 05:00:00,406,70,3,Tarjeta,20
8538,2025-09-13 04:00:00,464,16,4,Bizum,0
8539,2025-10-27 09:00:00,232,59,2,Tarjeta,0
8540,2025-03-21 19:00:00,461,112,3,Efectivo,0
8541,2025-06-15 05:00:00,76,73,1,Efectivo,0
8542,2025-08-22 10:00:00,16,112,3,Tarjeta,5
8543,2025-02-11 18:00:00,260,49,2,Efectivo,0
8544,2025-03-22 16:00:00,219,84,4,Tarjeta,10
8545,2025-10-18 23:00:00,297,106,2,Tarjeta,0
8546,2025-11-11 10:00:00,30,135,2,Tarjeta,0
8547,2025-12-27 05:00:00,238,140,2,Tarjeta,0
8548,2025-11-07 10:00:00,284,88,4,Cheque regalo,0
8549,2025-01-30 04:00:00,69,48,1,Tarjeta,0
8550,2025-01-09 20:00:00,404,84,1,Tarjeta,0
8551,2025-01-02 13:00:00,49,30,3,Tarjeta,0
8552,2025-07-01 09:00:00,112,61,2,Tarjeta,5
8553,2025-04-26 13:00:00,300,1,2,Tarjeta,0
8554,2025-11-12 08:00:00,16,35,2,Tarjeta,5
8555,2025-08-26 04:00:00,77,59,1,Tarjeta,0
8556,2025-03-23 11:00:00,312,90,4,Bizum,5
8557,2025-09-01 17:00:00,451,96,3,Cheque regalo,5
8558,2025-11-30 01:00:00,104,126,2,Tarjeta,15
8559,2025-12-19 21:00:00,473,150,3,Tarjeta,0
8560,2025-11-01 21:00:00,4,64,3,Tarjeta,15
8561,2025-06-21 22:00:00,333,21,3,Tarjeta,15
8562,2025-01-13 01:00:00,154,69,1,Tarjeta,0
8563,2025-01-17 04:00:00,169,137,4,Tarjeta,0
8564,2025-09-22 05:00:00,128,124,3,Tarjeta,5
8565,2025-12-10 21:00:00,29,14,3,Tarjeta,0
8566,2025-04-09 22:00:00,422,66,1,Tarjeta,0
8567,2025-04-16 13:00:00,232,4,1,Tarjeta,0
8568,2025-01-04 16:00:00,347,49,3,Tarjeta,5
8569,2025-12-27 16:00:00,487,43,4,Tarjeta,0
8570,2025-06-03 02:00:00,225,42,4,Bizum,0
8571,2025-03-02 23:00:00,401,109,4,Efectivo,0
8572,2025-08-22 21:00:00,335,150,3,Efectivo,5
8573,2025-09-04 13:00:00,139,12,3,Cheque regalo,5
8574,2025-02-15 03:00:00,67,124,2,Tarjeta,0
8575,2025-03-17 06:00:00,15,100,2,Tarjeta,0
8576,2025-04-25 03:00:00,7,38,2,Efectivo,0
8577,2025-05-05 23:00:00,133,88,1,Tarjeta,0
8578,2025-09-07 02:00:00,1,103,2,Efectivo,0
8579,2025-07-08 02:00:00,91,1,3,Efectivo,5
8580,2025-03-09 18:00:00,62,37,2,Tarjeta,5
8581,2025-09-20 11:00:00,6,104,3,Bizum,0
8582,2025-11-04 23:00:00,478,137,1,Tarjeta,10
8583,2025-12-21 03:00:00,222,39,1,Bizum,20
8584,2025-07-02 04:00:00,326,114,3,Tarjeta,0
8585,2025-02-13 07:00:00,191,42,1,Bizum,0
8586,2025-08-23 01:00:00,357,95,2,Efectivo,10
8587,2025-07-03 17:00:00,129,77,2,Tarjeta,10
8588,2025-08-02 15:00:00,347,123,3,Efectivo,0
8589,2025-04-20 02:00:00,149,139,1,Efectivo,0
8590,2025-03-19 17:00:00,203,128,3,Tarjeta,5
8591,2025-08-15 03:00:00,333,127,3,Tarjeta,0
8592,2025-10-04 23:00:00,307,47,1,Tarjeta,0
8593,2025-07-13 18:00:00,440,92,5,Bizum,0
8594,2025-01-04 19:00:00,129,145,4,Efectivo,5
8595,2025-12-26 14:00:00,99,65,3,Efectivo,0
8596,2025-06-26 13:00:00,494,9,1,Tarjeta,0
8597,2025-11-24 11:00:00,127,86,1,Cheque regalo,0
8598,2025-06-01 03:00:00,452,67,3,Tarjeta,0
8599,2025-03-17 04:00:00,441,82,3,Tarjeta,0
8600,2025-05-24 01:00:00,52,133,5,Efectivo,0
8601,2025-09-06 22:00:00,370,22,4,Tarjeta,15
8602,2025-03-24 06:00:00,36,80,2,Bizum,0
8603,2025-03-11 02:00:00,424,85,1,Efectivo,0
8604,2025-04-16 11:00:00,463,147,3,Bizum,0
8605,2025-09-18 02:00:00,140,102,2,Tarjeta,5
8606,2025-07-12 07:00:00,200,139,1,Tarjeta,5
8607,2025-01-04 17:00:00,286,142,4,Cheque regalo,10
8608,2025-11-20 00:00:00,113,58,1,Tarjeta,5
8609,2025-01-25 18:00:00,29,30,1,Bizum,10
8610,2025-11-02 07:00:00,291,150,2,Efectivo,0
8611,2025-01-03 04:00:00,217,57,2,Efectivo,0
8612,2025-04-22 11:00:00,418,81,1,Tarjeta,0
8613,2025-03-11 09:00:00,125,50,1,Efectivo,0
8614,2025-09-01 04:00:00,115,18,1,Efectivo,10
8615,2025-05-11 18:00:00,313,62,2,Tarjeta,5
8616,2025-11-11 14:00:00,411,95,1,Tarjeta,15
8617,2025-02-02 18:00:00,203,99,3,Tarjeta,10
8618,2025-03-24 23:00:00,100,56,2,Tarjeta,0
8619,2025-01-12 00:00:00,84,36,2,Tarjeta,0
8620,2025-12-08 20:00:00,42,16,2,Tarjeta,0
8621,2025-05-20 10:00:00,355,54,1,Bizum,0
8622,2025-04-24 00:00:00,68,42,3,Efectivo,0
8623,2025-01-16 20:00:00,10,90,4,Tarjeta,15
8624,2025-02-27 14:00:00,319,112,3,Tarjeta,10
8625,2025-07-19 20:00:00,427,134,3,Tarjeta,0
8626,2025-01-23 01:00:00,254,30,1,Tarjeta,0
8627,2025-12-10 20:00:00,100,18,1,Efectivo,15
8628,2025-05-10 14:00:00,355,24,3,Tarjeta,0
8629,2025-05-06 06:00:00,171,89,2,Tarjeta,0
8630,2025-05-13 13:00:00,477,18,2,Efectivo,0
8631,2025-04-13 00:00:00,440,135,3,Tarjeta,0
8632,2025-04-03 06:00:00,405,109,2,Tarjeta,0
8633,2025-06-02 16:00:00,309,4,3,Tarjeta,0
8634,2025-06-06 05:00:00,484,47,3,Tarjeta,0
8635,2025-05-30 14:00:00,203,4,4,Bizum,0
8636,2025-01-16 08:00:00,33,90,1,Efectivo,20
8637,2025-10-30 23:00:00,148,100,2,Tarjeta,10
8638,2025-05-29 17:00:00,415,145,2,Bizum,0
8639,2025-03-26 15:00:00,354,125,1,Efectivo,5
8640,2025-06-24 03:00:00,473,118,2,Efectivo,0
8641,2025-12-07 19:00:00,469,3,2,Bizum,5
8642,2025-09-12 01:00:00,101,150,3,Cheque regalo,15
8643,2025-12-15 05:00:00,18,32,3,Tarjeta,0
8644,2025-01-24 18:00:00,43,96,4,Tarjeta,5
8645,2025-09-21 08:00:00,498,65,4,Tarjeta,5
8646,2025-09-09 18:00:00,145,92,1,Tarjeta,5
8647,2025-10-26 03:00:00,245,128,3,Tarjeta,10
8648,2025-06-05 11:00:00,305,102,2,Efectivo,5
8649,2025-02-08 15:00:00,35,1,4,Tarjeta,5
8650,2025-01-19 18:00:00,317,69,2,Bizum,0
8651,2025-06-05 19:00:00,406,23,2,Tarjeta,10
8652,2025-07-13 12:00:00,308,34,1,Tarjeta,0
8653,2025-09-22 15:00:00,441,91,2,Tarjeta,10
8654,2025-09-02 21:00:00,7,121,1,Tarjeta,0
8655,2025-11-18 04:00:00,410,60,3,Tarjeta,5
8656,2025-10-31 02:00:00,219,74,4,Cheque regalo,15
8657,2025-06-04 05:00:00,147,119,1,Tarjeta,0
8658,2025-07-18 11:00:00,112,150,3,Tarjeta,0
8659,2025-07-15 20:00:00,9,63,2,Bizum,0
8660,2025-05-30 12:00:00,144,116,2,Tarjeta,5
8661,2025-04-02 23:00:00,194,45,1,Tarjeta,0
8662,2025-02-23 01:00:00,177,21,2,Tarjeta,0
8663,2025-02-14 06:00:00,419,4,2,Tarjeta,0
8664,2025-10-18 17:00:00,112,90,4,Tarjeta,15
8665,2025-06-24 00:00:00,31,132,2,Tarjeta,0
8666,2025-01-24 01:00:00,310,65,4,Tarjeta,0
8667,2025-10-24 15:00:00,46,102,3,Bizum,0
8668,2025-09-15 14:00:00,432,113,2,Tarjeta,5
8669,2025-02-26 00:00:00,202,71,1,Tarjeta,0
8670,2025-11-19 14:00:00,252,129,1,Bizum,5
8671,2025-02-15 04:00:00,41,1,4,Bizum,10
8672,2025-02-01 14:00:00,33,21,2,Bizum,0
8673,2025-01-06 05:00:00,441,113,2,Tarjeta,5
8674,2025-05-14 03:00:00,357,46,3,Tarjeta,5
8675,2025-02-01 04:00:00,188,129,2,Cheque regalo,0
8676,2025-04-25 12:00:00,133,56,2,Bizum,0
8677,2025-09-11 15:00:00,482,83,2,Efectivo,20
8678,2025-04-14 20:00:00,430,119,2,Bizum,5
8679,2025-07-22 09:00:00,411,43,3,Tarjeta,5
8680,2025-07-26 03:00:00,318,112,4,Tarjeta,0
8681,2025-12-07 03:00:00,169,15,2,Efectivo,0
8682,2025-12-28 12:00:00,100,65,3,Tarjeta,5
8683,2025-11-15 12:00:00,162,30,3,Tarjeta,5
8684,2025-12-18 15:00:00,8,101,3,Tarjeta,0
8685,2025-05-26 03:00:00,260,120,4,Bizum,0
8686,2025-08-01 13:00:00,27,32,2,Bizum,0
8687,2025-09-19 11:00:00,109,90,2,Bizum,0
8688,2025-06-29 14:00:00,213,128,2,Tarjeta,0
8689,2025-10-12 23:00:00,115,80,1,Tarjeta,0
8690,2025-09-20 04:00:00,112,143,4,Bizum,0
8691,2025-06-26 12:00:00,27,38,3,Tarjeta,5
8692,2025-07-17 23:00:00,164,111,3,Cheque regalo,0
8693,2025-04-15 18:00:00,389,108,1,Tarjeta,0
8694,2025-06-03 13:00:00,89,92,3,Tarjeta,5
8695,2025-03-25 08:00:00,117,30,1,Tarjeta,10
8696,2025-07-17 08:00:00,286,112,4,Efectivo,0
8697,2025-05-10 05:00:00,159,40,3,Tarjeta,10
8698,2025-01-25 13:00:00,265,48,3,Tarjeta,10
8699,2025-01-08 02:00:00,458,142,3,Efectivo,0
8700,2025-03-28 01:00:00,229,126,2,Cheque regalo,5
8701,2025-07-11 00:00:00,183,141,1,Tarjeta,10
8702,2025-05-02 17:00:00,271,122,4,Efectivo,0
8703,2025-03-13 11:00:00,233,121,1,Efectivo,0
8704,2025-05-02 23:00:00,153,104,3,Tarjeta,0
8705,2025-03-18 02:00:00,379,2,4,Tarjeta,5
8706,2025-05-13 16:00:00,281,42,4,Tarjeta,0
8707,2025-10-02 23:00:00,311,2,2,Tarjeta,10
8708,2025-12-28 23:00:00,238,53,2,Bizum,5
8709,2025-07-04 08:00:00,15,25,3,Tarjeta,0
8710,2025-01-06 17:00:00,334,127,2,Tarjeta,5
8711,2025-07-12 06:00:00,1,35,3,Tarjeta,5
8712,2025-05-08 03:00:00,79,108,1,Tarjeta,0
8713,2025-04-28 21:00:00,397,134,1,Efectivo,10
8714,2025-07-15 00:00:00,39,13,2,Efectivo,0
8715,2025-05-21 02:00:00,191,105,2,Efectivo,5
8716,2025-10-05 07:00:00,9,84,2,Tarjeta,0
8717,2025-05-31 05:00:00,137,89,2,Bizum,0
8718,2025-04-24 10:00:00,335,90,3,Efectivo,0
8719,2025-12-05 13:00:00,348,24,3,Efectivo,0
8720,2025-04-26 04:00:00,109,110,1,Tarjeta,5
8721,2025-08-11 11:00:00,97,23,3,Efectivo,0
8722,2025-03-20 04:00:00,79,63,2,Tarjeta,0
8723,2025-01-08 23:00:00,369,109,3,Tarjeta,10
8724,2025-06-18 20:00:00,332,8,1,Tarjeta,0
8725,2025-05-20 22:00:00,271,106,3,Tarjeta,5
8726,2025-01-05 17:00:00,477,51,3,Tarjeta,0
8727,2025-11-18 09:00:00,388,54,3,Bizum,0
8728,2025-08-22 07:00:00,163,22,4,Efectivo,0
8729,2025-06-08 19:00:00,414,147,4,Tarjeta,0
8730,2025-02-10 23:00:00,323,133,1,Efectivo,0
8731,2025-07-07 09:00:00,398,98,3,Cheque regalo,0
8732,2025-11-11 16:00:00,147,29,1,Bizum,15
8733,2025-04-20 23:00:00,469,100,1,Tarjeta,0
8734,2025-04-17 13:00:00,284,117,1,Tarjeta,10
8735,2025-06-28 07:00:00,218,7,3,Tarjeta,0
8736,2025-12-29 19:00:00,369,44,2,Tarjeta,5
8737,2025-04-14 09:00:00,7,123,2,Tarjeta,5
8738,2025-06-03 13:00:00,213,85,2,Tarjeta,5
8739,2025-12-27 19:00:00,460,84,4,Tarjeta,5
8740,2025-09-12 04:00:00,280,14,5,Tarjeta,5
8741,2025-08-28 04:00:00,305,123,2,Tarjeta,15
8742,2025-11-19 08:00:00,417,55,2,Tarjeta,15
8743,2025-12-17 08:00:00,45,102,2,Tarjeta,5
8744,2025-11-12 07:00:00,481,120,1,Tarjeta,20
8745,2025-01-24 09:00:00,260,124,3,Bizum,15
8746,2025-05-05 11:00:00,115,84,2,Efectivo,0
8747,2025-12-30 18:00:00,188,73,3,Tarjeta,0
8748,2025-08-01 12:00:00,366,27,2,Cheque regalo,0
8749,2025-11-29 13:00:00,375,71,2,Efectivo,0
8750,2025-09-20 03:00:00,210,72,4,Tarjeta,0
8751,2025-07-28 14:00:00,383,131,2,Tarjeta,0
8752,2025-09-29 12:00:00,270,46,1,Bizum,10
8753,2025-03-29 13:00:00,335,55,3,Tarjeta,20
8754,2025-01-15 10:00:00,458,148,3,Bizum,0
8755,2025-09-17 06:00:00,420,122,2,Bizum,0
8756,2025-10-11 07:00:00,335,84,3,Tarjeta,0
8757,2025-06-20 21:00:00,239,47,3,Cheque regalo,5
8758,2025-04-18 00:00:00,407,144,3,Tarjeta,0
8759,2025-10-14 23:00:00,355,115,1,Tarjeta,0
8760,2025-11-22 18:00:00,380,131,3,Tarjeta,0
8761,2025-04-26 02:00:00,80,109,4,Efectivo,0
8762,2025-12-14 04:00:00,336,63,4,Cheque regalo,0
8763,2025-03-19 16:00:00,410,141,2,Tarjeta,0
8764,2025-01-28 03:00:00,286,64,2,Bizum,5
8765,2025-02-14 05:00:00,487,123,3,Tarjeta,0
8766,2025-11-30 04:00:00,27,133,2,Efectivo,0
8767,2025-12-08 13:00:00,59,25,2,Bizum,0
8768,2025-04-12 08:00:00,94,23,4,Tarjeta,0
8769,2025-01-26 17:00:00,241,146,2,Efectivo,0
8770,2025-06-22 01:00:00,292,10,1,Tarjeta,0
8771,2025-08-10 19:00:00,334,150,3,Tarjeta,20
8772,2025-09-17 23:00:00,340,59,3,Tarjeta,0
8773,2025-12-04 06:00:00,38,59,3,Tarjeta,5
8774,2025-12-18 22:00:00,286,58,1,Tarjeta,5
8775,2025-05-11 11:00:00,320,2,1,Tarjeta,15
8776,2025-01-15 03:00:00,351,26,1,Efectivo,5
8777,2025-01-07 06:00:00,295,61,2,Tarjeta,0
8778,2025-11-30 18:00:00,456,13,2,Tarjeta,0
8779,2025-05-05 06:00:00,411,40,2,Bizum,5
8780,2025-08-06 06:00:00,38,27,2,Cheque regalo,0
8781,2025-04-20 09:00:00,394,148,3,Tarjeta,0
8782,2025-10-21 10:00:00,305,91,2,Tarjeta,0
8783,2025-04-06 04:00:00,214,18,3,Tarjeta,0
8784,2025-01-17 06:00:00,73,74,3,Tarjeta,0
8785,2025-11-16 09:00:00,39,31,2,Tarjeta,0
8786,2025-10-23 06:00:00,291,27,2,Tarjeta,15
8787,2025-07-20 11:00:00,444,107,1,Cheque regalo,15
8788,2025-01-17 11:00:00,453,12,2,Tarjeta,15
8789,2025-04-05 05:00:00,171,12,3,Tarjeta,5
8790,2025-07-31 07:00:00,61,76,2,Tarjeta,0
8791,2025-04-10 10:00:00,335,117,3,Tarjeta,0
8792,2025-05-26 12:00:00,398,69,2,Tarjeta,5
8793,2025-06-22 01:00:00,26,141,2,Tarjeta,0
8794,2025-03-11 13:00:00,109,37,2,Tarjeta,0
8795,2025-10-22 18:00:00,383,61,3,Tarjeta,0
8796,2025-07-15 17:00:00,360,111,3,Bizum,10
8797,2025-04-24 12:00:00,484,94,2,Tarjeta,20
8798,2025-04-18 18:00:00,318,73,2,Tarjeta,0
8799,2025-06-18 10:00:00,170,15,2,Tarjeta,15
8800,2025-04-20 10:00:00,450,76,1,Tarjeta,0
8801,2025-04-23 07:00:00,134,14,2,Tarjeta,20
8802,2025-04-19 02:00:00,408,91,3,Efectivo,5
8803,2025-10-09 19:00:00,7,51,3,Tarjeta,0
8804,2025-07-10 21:00:00,348,58,2,Tarjeta,5
8805,2025-03-08 21:00:00,462,57,1,Tarjeta,0
8806,2025-12-30 01:00:00,235,69,2,Bizum,15
8807,2025-12-29 04:00:00,23,7,1,Tarjeta,0
8808,2025-12-01 02:00:00,364,84,3,Tarjeta,0
8809,2025-04-03 14:00:00,210,95,4,Tarjeta,0
8810,2025-06-14 07:00:00,126,4,3,Tarjeta,20
8811,2025-10-03 02:00:00,218,60,4,Tarjeta,0
8812,2025-10-12 12:00:00,349,58,2,Bizum,5
8813,2025-06-28 03:00:00,495,33,2,Tarjeta,0
8814,2025-03-26 22:00:00,156,138,3,Bizum,0
8815,2025-10-30 20:00:00,91,22,1,Tarjeta,0
8816,2025-10-07 22:00:00,411,101,2,Efectivo,0
8817,2025-09-28 17:00:00,27,93,1,Tarjeta,0
8818,2025-06-27 22:00:00,301,103,4,Cheque regalo,0
8819,2025-05-05 17:00:00,51,144,1,Tarjeta,15
8820,2025-02-27 19:00:00,117,116,3,Tarjeta,0
8821,2025-08-05 21:00:00,301,23,1,Tarjeta,10
8822,2025-03-23 00:00:00,50,49,1,Efectivo,0
8823,2025-10-30 14:00:00,195,126,2,Bizum,5
8824,2025-10-14 09:00:00,284,85,2,Tarjeta,0
8825,2025-05-13 15:00:00,238,138,1,Tarjeta,5
8826,2025-10-02 18:00:00,439,1,2,Efectivo,5
8827,2025-10-11 02:00:00,148,139,3,Tarjeta,0
8828,2025-12-19 16:00:00,153,96,1,Tarjeta,20
8829,2025-03-31 17:00:00,85,94,3,Tarjeta,0
8830,2025-06-15 11:00:00,117,104,2,Bizum,0
8831,2025-12-04 20:00:00,83,108,1,Tarjeta,5
8832,2025-04-06 05:00:00,480,119,4,Bizum,0
8833,2025-11-12 01:00:00,119,104,1,Tarjeta,0
8834,2025-10-18 07:00:00,429,76,5,Bizum,5
8835,2025-08-01 22:00:00,441,2,2,Tarjeta,20
8836,2025-09-10 19:00:00,434,113,3,Bizum,5
8837,2025-01-28 18:00:00,451,114,3,Tarjeta,0
8838,2025-12-10 03:00:00,440,26,3,Tarjeta,0
8839,2025-10-30 07:00:00,19,17,3,Tarjeta,0
8840,2025-10-20 11:00:00,42,71,4,Efectivo,10
8841,2025-11-10 20:00:00,434,64,3,Efectivo,5
8842,2025-08-19 20:00:00,102,8,1,Bizum,0
8843,2025-01-30 01:00:00,77,121,2,Tarjeta,0
8844,2025-08-13 12:00:00,482,22,3,Tarjeta,0
8845,2025-09-05 22:00:00,72,95,1,Tarjeta,10
8846,2025-06-02 21:00:00,496,118,3,Tarjeta,10
8847,2025-04-14 07:00:00,91,104,2,Tarjeta,0
8848,2025-02-26 16:00:00,10,122,1,Bizum,5
8849,2025-07-28 04:00:00,407,143,3,Bizum,0
8850,2025-02-16 13:00:00,255,95,3,Tarjeta,5
8851,2025-09-02 03:00:00,223,150,1,Bizum,0
8852,2025-10-22 03:00:00,491,8,3,Tarjeta,0
8853,2025-08-24 08:00:00,340,143,3,Efectivo,5
8854,2025-02-18 08:00:00,65,91,1,Efectivo,0
8855,2025-06-09 01:00:00,120,7,2,Tarjeta,0
8856,2025-08-18 16:00:00,58,145,2,Tarjeta,0
8857,2025-05-18 06:00:00,417,54,1,Efectivo,15
8858,2025-06-10 22:00:00,332,16,4,Tarjeta,0
8859,2025-01-18 08:00:00,50,35,3,Efectivo,0
8860,2025-09-04 15:00:00,205,138,3,Tarjeta,0
8861,2025-10-13 01:00:00,436,65,2,Tarjeta,5
8862,2025-04-21 15:00:00,118,149,3,Tarjeta,0
8863,2025-08-12 10:00:00,423,80,3,Tarjeta,0
8864,2025-05-11 14:00:00,334,100,2,Tarjeta,5
8865,2025-12-15 18:00:00,78,105,2,Tarjeta,0
8866,2025-07-05 08:00:00,300,124,3,Bizum,0
8867,2025-01-06 22:00:00,388,140,1,Tarjeta,10
8868,2025-07-24 12:00:00,450,104,1,Bizum,10
8869,2025-09-27 00:00:00,202,147,2,Efectivo,0
8870,2025-02-16 16:00:00,408,12,2,Efectivo,0
8871,2025-09-25 03:00:00,159,50,2,Bizum,0
8872,2025-07-06 21:00:00,354,111,3,Tarjeta,5
8873,2025-11-24 21:00:00,430,92,1,Tarjeta,0
8874,2025-08-21 18:00:00,441,98,2,Tarjeta,10
8875,2025-12-11 19:00:00,381,93,2,Tarjeta,15
8876,2025-05-16 09:00:00,149,21,3,Tarjeta,0
8877,2025-09-22 14:00:00,492,58,1,Tarjeta,0
8878,2025-01-23 23:00:00,18,61,2,Bizum,0
8879,2025-10-03 15:00:00,456,107,4,Bizum,5
8880,2025-10-15 13:00:00,224,14,2,Tarjeta,0
8881,2025-12-21 23:00:00,114,64,3,Cheque regalo,0
8882,2025-03-27 12:00:00,84,114,1,Tarjeta,0
8883,2025-12-31 19:00:00,26,138,5,Bizum,0
8884,2025-05-13 16:00:00,483,126,1,Efectivo,5
8885,2025-09-09 02:00:00,53,74,1,Tarjeta,0
8886,2025-02-08 03:00:00,244,142,2,Efectivo,0
8887,2025-02-22 08:00:00,65,127,5,Tarjeta,10
8888,2025-06-15 15:00:00,224,55,2,Cheque regalo,5
8889,2025-06-07 15:00:00,169,125,3,Cheque regalo,5
8890,2025-10-11 15:00:00,355,64,4,Cheque regalo,0
8891,2025-12-20 17:00:00,72,94,3,Tarjeta,5
8892,2025-02-04 03:00:00,124,38,3,Tarjeta,0
8893,2025-01-28 18:00:00,356,84,3,Bizum,0
8894,2025-09-28 22:00:00,122,91,1,Tarjeta,0
8895,2025-04-06 02:00:00,356,58,2,Efectivo,5
8896,2025-04-10 01:00:00,76,10,3,Tarjeta,0
8897,2025-01-11 23:00:00,381,14,1,Tarjeta,10
8898,2025-03-22 23:00:00,84,77,5,Tarjeta,10
8899,2025-12-27 19:00:00,207,16,3,Cheque regalo,5
8900,2025-10-09 13:00:00,328,9,2,Efectivo,0
8901,2025-05-07 06:00:00,201,62,2,Tarjeta,5
8902,2025-04-26 10:00:00,110,121,2,Bizum,5
8903,2025-12-11 11:00:00,87,9,2,Tarjeta,5
8904,2025-06-27 13:00:00,27,36,3,Tarjeta,0
8905,2025-03-05 13:00:00,251,25,3,Bizum,5
8906,2025-03-07 02:00:00,267,111,3,Efectivo,5
8907,2025-05-02 20:00:00,171,138,1,Tarjeta,0
8908,2025-12-11 23:00:00,393,120,1,Tarjeta,0
8909,2025-07-19 15:00:00,312,23,3,Bizum,0
8910,2025-11-17 03:00:00,252,147,2,Cheque regalo,5
8911,2025-09-13 07:00:00,172,52,4,Bizum,5
8912,2025-09-21 16:00:00,57,91,2,Tarjeta,0
8913,2025-07-09 21:00:00,496,53,2,Efectivo,10
8914,2025-03-20 13:00:00,458,85,2,Tarjeta,5
8915,2025-01-30 04:00:00,147,2,2,Tarjeta,20
8916,2025-11-05 06:00:00,417,101,1,Cheque regalo,0
8917,2025-08-13 10:00:00,403,71,2,Efectivo,0
8918,2025-06-25 16:00:00,3,114,2,Bizum,0
8919,2025-05-08 08:00:00,3,102,1,Bizum,0
8920,2025-12-29 00:00:00,110,149,2,Tarjeta,0
8921,2025-05-31 01:00:00,333,90,3,Efectivo,0
8922,2025-04-24 23:00:00,403,33,3,Efectivo,0
8923,2025-05-12 04:00:00,180,59,1,Tarjeta,0
8924,2025-12-29 11:00:00,459,92,1,Tarjeta,5
8925,2025-09-03 02:00:00,129,126,2,Bizum,15
8926,2025-03-31 20:00:00,334,65,3,Efectivo,0
8927,2025-06-04 12:00:00,319,115,2,Tarjeta,0
8928,2025-10-02 20:00:00,226,110,2,Tarjeta,0
8929,2025-03-03 07:00:00,494,49,2,Tarjeta,0
8930,2025-01-15 09:00:00,410,31,1,Bizum,5
8931,2025-06-14 20:00:00,402,56,2,Bizum,0
8932,2025-01-29 21:00:00,180,138,1,Efectivo,5
8933,2025-02-11 09:00:00,191,107,4,Tarjeta,10
8934,2025-09-10 02:00:00,180,8,3,Cheque regalo,15
8935,2025-12-31 03:00:00,167,45,1,Tarjeta,0
8936,2025-08-06 08:00:00,138,1,1,Bizum,10
8937,2025-06-20 00:00:00,286,73,2,Bizum,0
8938,2025-03-05 18:00:00,448,150,1,Tarjeta,0
8939,2025-03-18 21:00:00,414,8,1,Tarjeta,10
8940,2025-12-06 20:00:00,457,112,1,Tarjeta,0
8941,2025-01-06 18:00:00,487,143,1,Bizum,10
8942,2025-03-09 08:00:00,443,138,3,Cheque regalo,0
8943,2025-08-08 06:00:00,148,149,2,Efectivo,0
8944,2025-09-20 20:00:00,129,90,5,Tarjeta,0
8945,2025-01-17 20:00:00,33,2,2,Tarjeta,5
8946,2025-07-23 07:00:00,385,10,2,Tarjeta,0
8947,2025-03-14 12:00:00,257,30,2,Tarjeta,5
8948,2025-10-23 13:00:00,434,48,2,Bizum,15
8949,2025-10-02 07:00:00,98,78,1,Bizum,0
8950,2025-11-22 00:00:00,34,38,2,Bizum,0
8951,2025-09-05 13:00:00,206,32,1,Tarjeta,0
8952,2025-07-21 15:00:00,334,118,2,Efectivo,5
8953,2025-08-11 15:00:00,91,27,1,Tarjeta,0
8954,2025-05-09 09:00:00,243,59,3,Efectivo,5
8955,2025-07-21 06:00:00,62,102,3,Tarjeta,10
8956,2025-02-21 23:00:00,10,103,3,Efectivo,20
8957,2025-09-13 00:00:00,399,23,1,Tarjeta,0
8958,2025-10-12 23:00:00,246,112,2,Tarjeta,15
8959,2025-11-09 20:00:00,358,120,1,Tarjeta,0
8960,2025-03-06 11:00:00,481,80,1,Tarjeta,0
8961,2025-04-26 00:00:00,28,79,3,Bizum,10
8962,2025-03-11 23:00:00,334,59,3,Efectivo,0
8963,2025-05-12 13:00:00,263,112,4,Tarjeta,0
8964,2025-10-07 03:00:00,83,109,1,Efectivo,0
8965,2025-10-26 13:00:00,168,82,3,Tarjeta,15
8966,2025-05-23 17:00:00,279,97,1,Bizum,5
8967,2025-04-17 05:00:00,373,18,3,Bizum,15
8968,2025-08-07 13:00:00,299,53,2,Tarjeta,0
8969,2025-09-27 11:00:00,124,150,2,Cheque regalo,5
8970,2025-09-08 10:00:00,15,147,1,Efectivo,0
8971,2025-07-18 14:00:00,234,53,2,Cheque regalo,10
8972,2025-10-06 04:00:00,254,52,2,Efectivo,5
8973,2025-02-12 15:00:00,329,46,3,Efectivo,0
8974,2025-07-17 14:00:00,168,103,3,Efectivo,0
8975,2025-06-09 07:00:00,477,136,2,Tarjeta,0
8976,2025-01-08 23:00:00,203,87,2,Bizum,0
8977,2025-12-14 22:00:00,210,81,3,Tarjeta,0
8978,2025-10-17 03:00:00,419,4,2,Tarjeta,0
8979,2025-11-24 20:00:00,239,17,3,Tarjeta,0
8980,2025-01-27 19:00:00,435,111,2,Tarjeta,0
8981,2025-09-16 14:00:00,264,48,1,Tarjeta,20
8982,2025-10-20 18:00:00,408,112,2,Tarjeta,0
8983,2025-08-06 15:00:00,15,63,3,Tarjeta,0
8984,2025-04-16 17:00:00,381,46,3,Bizum,0
8985,2025-08-05 11:00:00,460,44,1,Efectivo,0
8986,2025-09-28 00:00:00,437,114,2,Tarjeta,5
8987,2025-08-18 12:00:00,166,6,2,Tarjeta,0
8988,2025-09-20 17:00:00,323,54,4,Efectivo,0
8989,2025-05-26 19:00:00,441,8,1,Tarjeta,15
8990,2025-09-10 20:00:00,300,61,3,Efectivo,0
8991,2025-09-14 17:00:00,35,147,3,Tarjeta,10
8992,2025-12-20 18:00:00,292,47,4,Bizum,0
8993,2025-01-15 02:00:00,301,51,2,Tarjeta,0
8994,2025-03-22 09:00:00,328,25,3,Efectivo,10
8995,2025-04-03 16:00:00,70,10,2,Bizum,0
8996,2025-09-13 17:00:00,256,70,1,Tarjeta,0
8997,2025-05-05 05:00:00,153,85,3,Tarjeta,0
8998,2025-10-02 09:00:00,124,15,3,Bizum,0
8999,2025-07-28 19:00:00,202,65,2,Cheque regalo,5
9000,2025-10-03 12:00:00,333,138,3,Bizum,0
9001,2025-09-19 11:00:00,8,93,4,Tarjeta,0
9002,2025-10-25 08:00:00,445,1,2,Tarjeta,0
9003,2025-12-16 13:00:00,256,27,2,Tarjeta,5
9004,2025-03-13 15:00:00,27,73,2,Tarjeta,10
9005,2025-04-04 23:00:00,162,140,5,Bizum,5
9006,2025-03-10 14:00:00,189,74,1,Tarjeta,10
9007,2025-10-27 14:00:00,446,63,2,Efectivo,0
9008,2025-04-08 09:00:00,112,96,1,Cheque regalo,0
9009,2025-12-18 14:00:00,40,23,1,Cheque regalo,0
9010,2025-08-27 14:00:00,381,110,1,Tarjeta,0
9011,2025-02-13 14:00:00,373,77,2,Tarjeta,5
9012,2025-04-17 13:00:00,327,138,3,Tarjeta,0
9013,2025-09-22 23:00:00,233,8,2,Tarjeta,5
9014,2025-10-13 18:00:00,329,114,2,Bizum,5
9015,2025-03-10 10:00:00,124,114,1,Tarjeta,5
9016,2025-03-27 00:00:00,206,49,4,Tarjeta,5
9017,2025-10-14 17:00:00,291,119,4,Tarjeta,10
9018,2025-06-29 23:00:00,102,100,4,Bizum,0
9019,2025-12-01 09:00:00,151,38,2,Tarjeta,0
9020,2025-02-16 15:00:00,500,148,2,Bizum,0
9021,2025-04-30 10:00:00,403,32,3,Tarjeta,10
9022,2025-06-20 18:00:00,235,72,3,Tarjeta,15
9023,2025-05-14 13:00:00,483,139,3,Tarjeta,5
9024,2025-05-09 20:00:00,64,36,5,Tarjeta,10
9025,2025-11-17 18:00:00,30,123,3,Efectivo,10
9026,2025-02-14 12:00:00,292,107,3,Efectivo,5
9027,2025-03-05 02:00:00,108,19,1,Tarjeta,0
9028,2025-04-22 20:00:00,100,117,2,Efectivo,15
9029,2025-12-19 12:00:00,405,143,5,Tarjeta,5
9030,2025-06-24 06:00:00,215,50,2,Bizum,5
9031,2025-10-26 17:00:00,190,33,2,Efectivo,5
9032,2025-05-19 02:00:00,408,25,2,Tarjeta,5
9033,2025-04-12 17:00:00,340,124,3,Tarjeta,10
9034,2025-04-05 17:00:00,214,63,1,Tarjeta,0
9035,2025-12-27 07:00:00,459,143,5,Efectivo,0
9036,2025-04-28 01:00:00,154,51,2,Tarjeta,0
9037,2025-10-11 11:00:00,119,140,1,Cheque regalo,0
9038,2025-08-09 18:00:00,284,40,3,Tarjeta,0
9039,2025-03-09 10:00:00,470,31,3,Tarjeta,5
9040,2025-10-27 03:00:00,11,69,2,Bizum,0
9041,2025-01-01 21:00:00,91,144,2,Cheque regalo,0
9042,2025-06-09 12:00:00,464,39,3,Tarjeta,10
9043,2025-04-19 21:00:00,272,134,5,Cheque regalo,0
9044,2025-10-25 02:00:00,101,16,4,Bizum,0
9045,2025-08-14 20:00:00,292,28,2,Efectivo,5
9046,2025-05-03 19:00:00,375,108,2,Efectivo,0
9047,2025-05-15 01:00:00,362,82,2,Tarjeta,10
9048,2025-05-16 03:00:00,202,136,1,Tarjeta,0
9049,2025-04-05 07:00:00,11,15,1,Tarjeta,0
9050,2025-06-12 01:00:00,202,118,2,Tarjeta,0
9051,2025-08-03 15:00:00,173,131,1,Efectivo,20
9052,2025-02-01 02:00:00,263,134,2,Bizum,0
9053,2025-01-07 17:00:00,476,59,3,Efectivo,15
9054,2025-01-24 18:00:00,453,51,4,Tarjeta,0
9055,2025-02-04 06:00:00,162,18,1,Bizum,5
9056,2025-06-05 20:00:00,317,21,3,Tarjeta,5
9057,2025-03-20 12:00:00,403,30,1,Tarjeta,0
9058,2025-07-16 01:00:00,32,143,2,Efectivo,10
9059,2025-03-07 02:00:00,6,100,2,Efectivo,0
9060,2025-07-18 15:00:00,4,51,3,Tarjeta,10
9061,2025-10-15 13:00:00,91,71,2,Tarjeta,5
9062,2025-12-16 23:00:00,78,71,1,Cheque regalo,15
9063,2025-09-22 22:00:00,3,134,1,Tarjeta,15
9064,2025-06-25 04:00:00,273,72,1,Tarjeta,0
9065,2025-09-28 13:00:00,27,141,2,Tarjeta,15
9066,2025-09-17 10:00:00,481,48,1,Tarjeta,0
9067,2025-03-19 22:00:00,28,81,1,Bizum,0
9068,2025-09-13 12:00:00,46,122,3,Tarjeta,5
9069,2025-06-04 05:00:00,251,126,1,Efectivo,5
9070,2025-02-13 14:00:00,342,133,2,Tarjeta,5
9071,2025-01-10 11:00:00,378,6,3,Cheque regalo,15
9072,2025-02-28 06:00:00,319,103,2,Bizum,0
9073,2025-07-21 11:00:00,381,124,1,Bizum,5
9074,2025-04-19 04:00:00,393,98,1,Tarjeta,10
9075,2025-04-10 06:00:00,303,67,3,Bizum,5
9076,2025-07-06 20:00:00,458,148,1,Tarjeta,0
9077,2025-01-22 10:00:00,436,73,1,Tarjeta,0
9078,2025-06-10 00:00:00,487,143,3,Tarjeta,5
9079,2025-06-10 16:00:00,200,123,1,Tarjeta,0
9080,2025-01-24 19:00:00,250,11,4,Tarjeta,0
9081,2025-07-10 01:00:00,15,137,2,Bizum,0
9082,2025-03-21 01:00:00,2,23,3,Tarjeta,10
9083,2025-08-21 01:00:00,67,15,3,Efectivo,5
9084,2025-09-20 16:00:00,423,81,3,Tarjeta,5
9085,2025-07-02 22:00:00,172,13,2,Bizum,10
9086,2025-07-15 01:00:00,399,101,1,Tarjeta,0
9087,2025-07-11 01:00:00,451,49,1,Cheque regalo,0
9088,2025-10-27 10:00:00,202,145,3,Tarjeta,0
9089,2025-08-19 05:00:00,133,132,2,Tarjeta,0
9090,2025-12-30 07:00:00,209,98,2,Tarjeta,10
9091,2025-01-14 16:00:00,431,81,2,Tarjeta,0
9092,2025-05-22 04:00:00,66,101,1,Tarjeta,0
9093,2025-12-11 15:00:00,33,53,2,Tarjeta,15
9094,2025-11-11 02:00:00,15,147,3,Tarjeta,0
9095,2025-07-10 03:00:00,458,29,3,Tarjeta,0
9096,2025-05-03 02:00:00,9,133,1,Tarjeta,0
9097,2025-04-07 05:00:00,383,59,1,Bizum,0
9098,2025-06-13 15:00:00,227,120,1,Tarjeta,5
9099,2025-12-01 10:00:00,401,24,2,Efectivo,0
9100,2025-05-09 07:00:00,191,147,4,Tarjeta,0
9101,2025-09-10 22:00:00,498,2,3,Tarjeta,0
9102,2025-03-01 03:00:00,369,148,5,Bizum,0
9103,2025-11-13 20:00:00,222,27,2,Tarjeta,0
9104,2025-03-28 19:00:00,160,87,5,Tarjeta,0
9105,2025-10-23 23:00:00,61,76,1,Tarjeta,0
9106,2025-09-28 23:00:00,154,75,1,Tarjeta,5
9107,2025-06-20 13:00:00,336,148,2,Tarjeta,20
9108,2025-09-28 15:00:00,100,132,2,Bizum,20
9109,2025-02-19 08:00:00,428,22,1,Tarjeta,0
9110,2025-09-06 01:00:00,440,29,5,Tarjeta,0
9111,2025-05-29 23:00:00,65,3,1,Tarjeta,0
9112,2025-10-16 14:00:00,206,46,3,Efectivo,5
9113,2025-05-21 02:00:00,116,71,3,Bizum,10
9114,2025-06-04 16:00:00,255,65,1,Bizum,5
9115,2025-11-08 09:00:00,41,128,2,Tarjeta,0
9116,2025-12-15 06:00:00,13,11,2,Tarjeta,0
9117,2025-09-06 02:00:00,125,122,4,Tarjeta,15
9118,2025-04-26 18:00:00,413,47,1,Tarjeta,0
9119,2025-02-25 18:00:00,13,111,3,Tarjeta,0
9120,2025-11-05 18:00:00,323,44,1,Bizum,0
9121,2025-06-07 10:00:00,239,9,3,Tarjeta,0
9122,2025-02-09 10:00:00,33,62,1,Tarjeta,0
9123,2025-02-27 20:00:00,460,43,1,Tarjeta,0
9124,2025-07-23 00:00:00,267,144,2,Cheque regalo,0
9125,2025-03-29 07:00:00,177,140,1,Bizum,0
9126,2025-06-06 02:00:00,455,64,2,Tarjeta,15
9127,2025-09-12 05:00:00,71,2,3,Bizum,15
9128,2025-01-29 11:00:00,441,38,2,Bizum,0
9129,2025-08-16 06:00:00,56,144,3,Bizum,0
9130,2025-12-21 03:00:00,422,99,1,Bizum,0
9131,2025-04-17 02:00:00,104,94,1,Bizum,0
9132,2025-09-24 04:00:00,418,24,2,Bizum,0
9133,2025-12-14 01:00:00,485,122,3,Efectivo,5
9134,2025-05-09 11:00:00,99,113,3,Tarjeta,15
9135,2025-12-09 19:00:00,68,72,3,Tarjeta,5
9136,2025-09-24 07:00:00,410,142,2,Tarjeta,0
9137,2025-09-05 04:00:00,209,67,3,Tarjeta,5
9138,2025-05-04 14:00:00,295,33,1,Cheque regalo,0
9139,2025-01-29 10:00:00,336,56,3,Efectivo,0
9140,2025-11-07 15:00:00,15,134,2,Tarjeta,0
9141,2025-08-24 16:00:00,165,63,3,Bizum,0
9142,2025-11-07 05:00:00,487,26,2,Efectivo,15
9143,2025-06-30 14:00:00,94,26,2,Efectivo,0
9144,2025-08-29 14:00:00,382,108,3,Tarjeta,0
9145,2025-09-06 00:00:00,382,117,3,Tarjeta,5
9146,2025-05-20 09:00:00,182,129,2,Efectivo,0
9147,2025-05-27 05:00:00,381,100,2,Bizum,10
9148,2025-09-03 01:00:00,431,105,1,Efectivo,10
9149,2025-12-24 14:00:00,263,122,3,Tarjeta,0
9150,2025-11-26 23:00:00,80,25,2,Tarjeta,0
9151,2025-08-31 11:00:00,43,11,3,Bizum,0
9152,2025-04-11 02:00:00,291,117,3,Tarjeta,0
9153,2025-09-28 04:00:00,462,4,1,Tarjeta,0
9154,2025-08-11 13:00:00,90,70,2,Tarjeta,15
9155,2025-08-18 09:00:00,391,126,2,Bizum,10
9156,2025-03-02 03:00:00,91,38,3,Tarjeta,0
9157,2025-03-18 02:00:00,165,25,2,Cheque regalo,0
9158,2025-06-08 15:00:00,427,23,1,Tarjeta,0
9159,2025-12-18 18:00:00,153,16,2,Tarjeta,0
9160,2025-02-09 04:00:00,29,39,2,Efectivo,0
9161,2025-06-15 01:00:00,251,127,3,Cheque regalo,0
9162,2025-04-27 10:00:00,225,45,1,Tarjeta,5
9163,2025-05-29 16:00:00,371,149,1,Tarjeta,5
9164,2025-11-05 16:00:00,165,75,1,Tarjeta,10
9165,2025-01-07 05:00:00,301,27,2,Efectivo,5
9166,2025-12-15 12:00:00,182,71,1,Efectivo,0
9167,2025-12-01 21:00:00,245,55,5,Tarjeta,10
9168,2025-01-30 21:00:00,81,106,3,Efectivo,10
9169,2025-01-22 18:00:00,289,129,3,Efectivo,0
9170,2025-07-22 04:00:00,16,82,2,Tarjeta,10
9171,2025-11-20 06:00:00,285,35,2,Bizum,0
9172,2025-11-15 07:00:00,210,101,4,Tarjeta,0
9173,2025-10-26 18:00:00,263,40,3,Bizum,5
9174,2025-12-26 07:00:00,124,63,4,Tarjeta,0
9175,2025-06-26 23:00:00,210,15,1,Bizum,0
9176,2025-07-03 23:00:00,478,68,2,Tarjeta,0
9177,2025-09-27 07:00:00,254,142,5,Tarjeta,0
9178,2025-08-07 01:00:00,133,128,1,Tarjeta,5
9179,2025-12-05 08:00:00,304,70,2,Tarjeta,0
9180,2025-02-09 16:00:00,132,119,2,Tarjeta,0
9181,2025-09-10 17:00:00,254,22,1,Efectivo,0
9182,2025-10-13 07:00:00,112,88,3,Cheque regalo,0
9183,2025-07-16 02:00:00,483,122,1,Tarjeta,5
9184,2025-09-06 21:00:00,367,51,2,Bizum,0
9185,2025-03-04 18:00:00,24,61,2,Bizum,10
9186,2025-04-04 16:00:00,345,50,3,Efectivo,0
9187,2025-11-29 13:00:00,493,90,3,Tarjeta,0
9188,2025-02-28 04:00:00,144,29,3,Bizum,0
9189,2025-01-18 22:00:00,358,5,2,Tarjeta,0
9190,2025-09-19 07:00:00,486,30,3,Tarjeta,5
9191,2025-09-30 22:00:00,430,59,2,Bizum,0
9192,2025-03-27 02:00:00,388,109,1,Tarjeta,15
9193,2025-06-24 01:00:00,353,83,4,Bizum,0
9194,2025-01-25 18:00:00,431,61,1,Tarjeta,0
9195,2025-01-10 00:00:00,5,37,2,Tarjeta,0
9196,2025-07-06 16:00:00,495,82,2,Bizum,0
9197,2025-05-30 02:00:00,165,131,3,Tarjeta,0
9198,2025-12-02 22:00:00,324,13,2,Tarjeta,10
9199,2025-09-13 14:00:00,155,57,3,Bizum,0
9200,2025-04-21 01:00:00,401,125,2,Efectivo,0
9201,2025-11-06 05:00:00,374,146,2,Tarjeta,0
9202,2025-06-15 17:00:00,97,150,4,Cheque regalo,5
9203,2025-05-14 13:00:00,115,105,1,Tarjeta,0
9204,2025-04-03 01:00:00,488,144,2,Tarjeta,15
9205,2025-06-14 11:00:00,256,117,1,Efectivo,10
9206,2025-11-03 08:00:00,301,147,1,Bizum,0
9207,2025-05-15 12:00:00,240,113,3,Bizum,10
9208,2025-04-02 18:00:00,73,28,2,Tarjeta,0
9209,2025-03-24 19:00:00,364,128,1,Efectivo,0
9210,2025-11-03 03:00:00,100,117,2,Tarjeta,5
9211,2025-03-07 16:00:00,200,137,2,Tarjeta,0
9212,2025-07-16 22:00:00,428,57,2,Tarjeta,0
9213,2025-03-20 23:00:00,238,119,3,Efectivo,0
9214,2025-06-05 23:00:00,339,32,2,Tarjeta,0
9215,2025-06-21 18:00:00,83,5,2,Tarjeta,0
9216,2025-02-23 05:00:00,398,12,1,Bizum,5
9217,2025-03-05 12:00:00,72,25,1,Cheque regalo,0
9218,2025-09-21 21:00:00,272,10,1,Bizum,0
9219,2025-04-13 20:00:00,285,111,2,Tarjeta,0
9220,2025-06-15 16:00:00,476,143,3,Cheque regalo,0
9221,2025-09-07 10:00:00,151,125,1,Tarjeta,0
9222,2025-05-22 00:00:00,305,68,3,Tarjeta,15
9223,2025-06-03 07:00:00,148,137,1,Tarjeta,15
9224,2025-10-20 10:00:00,495,115,2,Tarjeta,0
9225,2025-08-25 03:00:00,175,42,2,Bizum,0
9226,2025-03-25 18:00:00,372,112,4,Tarjeta,15
9227,2025-08-24 14:00:00,205,70,1,Bizum,5
9228,2025-12-31 05:00:00,386,112,3,Tarjeta,5
9229,2025-01-15 18:00:00,372,126,2,Tarjeta,10
9230,2025-06-04 22:00:00,205,25,1,Tarjeta,0
9231,2025-02-16 22:00:00,12,83,1,Bizum,10
9232,2025-03-27 10:00:00,27,82,2,Bizum,10
9233,2025-04-24 18:00:00,387,13,4,Tarjeta,0
9234,2025-10-03 10:00:00,471,15,2,Bizum,15
9235,2025-08-27 00:00:00,25,44,2,Bizum,10
9236,2025-06-25 03:00:00,268,138,2,Tarjeta,0
9237,2025-07-08 09:00:00,85,85,2,Tarjeta,20
9238,2025-06-08 09:00:00,498,79,2,Tarjeta,0
9239,2025-12-19 19:00:00,467,138,4,Bizum,0
9240,2025-05-29 03:00:00,73,75,1,Tarjeta,15
9241,2025-04-21 08:00:00,207,128,3,Efectivo,5
9242,2025-12-22 15:00:00,423,135,1,Tarjeta,0
9243,2025-07-04 14:00:00,323,130,2,Tarjeta,0
9244,2025-08-15 22:00:00,119,137,4,Tarjeta,0
9245,2025-09-25 07:00:00,15,40,3,Tarjeta,0
9246,2025-07-02 13:00:00,262,121,2,Bizum,0
9247,2025-04-27 08:00:00,234,100,3,Efectivo,5
9248,2025-01-27 03:00:00,408,1,3,Tarjeta,0
9249,2025-08-14 02:00:00,431,146,4,Bizum,0
9250,2025-08-03 21:00:00,55,86,1,Efectivo,15
9251,2025-10-19 01:00:00,301,136,3,Bizum,0
9252,2025-03-18 07:00:00,357,140,2,Tarjeta,0
9253,2025-08-14 20:00:00,418,112,3,Tarjeta,0
9254,2025-10-16 23:00:00,110,19,2,Tarjeta,0
9255,2025-08-17 12:00:00,392,64,1,Tarjeta,0
9256,2025-06-13 00:00:00,452,53,3,Tarjeta,0
9257,2025-12-06 09:00:00,205,106,1,Tarjeta,0
9258,2025-04-08 17:00:00,462,24,1,Efectivo,15
9259,2025-11-19 09:00:00,81,138,2,Cheque regalo,20
9260,2025-10-04 23:00:00,491,139,3,Efectivo,5
9261,2025-09-09 10:00:00,499,96,2,Tarjeta,10
9262,2025-03-22 18:00:00,344,23,2,Efectivo,0
9263,2025-01-21 09:00:00,46,143,2,Efectivo,0
9264,2025-07-23 10:00:00,33,52,2,Tarjeta,5
9265,2025-03-23 17:00:00,417,38,2,Efectivo,10
9266,2025-06-21 21:00:00,340,36,1,Tarjeta,0
9267,2025-09-25 17:00:00,343,118,4,Tarjeta,0
9268,2025-12-25 11:00:00,470,107,3,Efectivo,0
9269,2025-05-10 23:00:00,419,62,1,Efectivo,0
9270,2025-10-04 14:00:00,219,74,1,Tarjeta,5
9271,2025-11-19 09:00:00,349,129,1,Efectivo,0
9272,2025-08-05 02:00:00,279,1,2,Tarjeta,5
9273,2025-01-25 16:00:00,193,56,5,Bizum,0
9274,2025-06-25 19:00:00,49,137,1,Tarjeta,5
9275,2025-10-07 14:00:00,165,72,1,Tarjeta,0
9276,2025-10-07 18:00:00,62,106,3,Tarjeta,0
9277,2025-02-28 00:00:00,218,91,2,Tarjeta,15
9278,2025-03-14 05:00:00,289,89,1,Tarjeta,5
9279,2025-02-24 12:00:00,25,1,4,Tarjeta,0
9280,2025-03-24 11:00:00,319,143,1,Bizum,10
9281,2025-10-17 17:00:00,169,8,3,Tarjeta,0
9282,2025-01-27 20:00:00,366,32,3,Efectivo,5
9283,2025-07-14 23:00:00,142,144,2,Tarjeta,5
9284,2025-03-24 02:00:00,129,34,1,Tarjeta,5
9285,2025-09-02 22:00:00,469,11,2,Bizum,5
9286,2025-12-22 13:00:00,141,32,2,Tarjeta,10
9287,2025-03-13 20:00:00,275,86,1,Bizum,0
9288,2025-11-16 01:00:00,221,68,1,Bizum,0
9289,2025-10-11 05:00:00,405,141,3,Efectivo,5
9290,2025-10-18 03:00:00,137,38,3,Tarjeta,0
9291,2025-10-19 04:00:00,237,120,1,Efectivo,15
9292,2025-01-24 14:00:00,236,123,3,Tarjeta,10
9293,2025-05-15 14:00:00,347,53,1,Bizum,0
9294,2025-04-02 03:00:00,168,92,3,Bizum,0
9295,2025-01-25 20:00:00,73,72,3,Tarjeta,10
9296,2025-04-20 08:00:00,245,130,3,Tarjeta,20
9297,2025-12-20 14:00:00,55,77,1,Tarjeta,5
9298,2025-08-31 07:00:00,425,51,2,Tarjeta,15
9299,2025-06-29 21:00:00,441,6,2,Efectivo,10
9300,2025-02-19 18:00:00,487,79,1,Tarjeta,0
9301,2025-07-23 05:00:00,334,94,2,Bizum,10
9302,2025-07-05 05:00:00,99,42,4,Tarjeta,15
9303,2025-03-04 16:00:00,473,98,1,Bizum,5
9304,2025-11-13 01:00:00,318,23,3,Tarjeta,0
9305,2025-03-20 18:00:00,415,82,2,Bizum,0
9306,2025-03-30 21:00:00,477,13,1,Tarjeta,15
9307,2025-08-29 05:00:00,290,141,1,Bizum,0
9308,2025-01-27 09:00:00,201,56,2,Bizum,10
9309,2025-02-06 12:00:00,230,41,3,Tarjeta,0
9310,2025-09-04 01:00:00,58,120,3,Cheque regalo,0
9311,2025-12-28 20:00:00,292,82,1,Efectivo,0
9312,2025-01-15 08:00:00,461,55,1,Tarjeta,5
9313,2025-01-14 03:00:00,405,79,1,Tarjeta,0
9314,2025-07-06 06:00:00,5,35,3,Bizum,0
9315,2025-11-13 17:00:00,407,105,2,Efectivo,0
9316,2025-03-08 00:00:00,455,91,3,Tarjeta,0
9317,2025-01-09 06:00:00,55,5,3,Efectivo,0
9318,2025-08-28 21:00:00,372,17,1,Efectivo,0
9319,2025-07-21 16:00:00,423,20,3,Tarjeta,0
9320,2025-04-13 16:00:00,139,11,3,Bizum,5
9321,2025-05-15 03:00:00,367,24,4,Bizum,0
9322,2025-07-16 18:00:00,455,104,2,Efectivo,0
9323,2025-11-17 18:00:00,149,15,1,Tarjeta,0
9324,2025-06-16 11:00:00,295,53,2,Bizum,5
9325,2025-01-11 04:00:00,387,146,3,Tarjeta,5
9326,2025-09-07 03:00:00,382,149,2,Bizum,0
9327,2025-12-07 03:00:00,348,141,1,Cheque regalo,5
9328,2025-05-12 07:00:00,59,37,1,Tarjeta,5
9329,2025-06-20 05:00:00,58,117,1,Bizum,0
9330,2025-06-06 21:00:00,112,128,3,Tarjeta,0
9331,2025-08-29 12:00:00,493,147,4,Tarjeta,0
9332,2025-02-14 17:00:00,439,72,3,Tarjeta,5
9333,2025-12-16 23:00:00,203,99,2,Bizum,0
9334,2025-02-05 20:00:00,243,148,1,Tarjeta,0
9335,2025-01-25 20:00:00,316,117,1,Tarjeta,5
9336,2025-09-29 02:00:00,1,132,2,Tarjeta,5
9337,2025-08-02 05:00:00,294,73,4,Tarjeta,10
9338,2025-09-24 21:00:00,56,43,2,Efectivo,0
9339,2025-08-28 04:00:00,477,58,2,Tarjeta,10
9340,2025-02-22 13:00:00,347,143,2,Tarjeta,0
9341,2025-08-02 18:00:00,17,95,1,Tarjeta,0
9342,2025-01-03 06:00:00,146,39,3,Tarjeta,15
9343,2025-08-12 18:00:00,219,16,2,Tarjeta,5
9344,2025-10-31 21:00:00,128,29,2,Tarjeta,5
9345,2025-02-11 09:00:00,373,30,3,Bizum,0
9346,2025-09-04 00:00:00,118,85,3,Bizum,0
9347,2025-04-09 09:00:00,495,67,1,Tarjeta,0
9348,2025-11-17 14:00:00,131,15,3,Tarjeta,0
9349,2025-12-20 11:00:00,234,22,4,Tarjeta,5
9350,2025-03-15 18:00:00,180,83,1,Efectivo,0
9351,2025-03-28 16:00:00,289,128,3,Efectivo,5
9352,2025-08-23 07:00:00,487,73,1,Bizum,0
9353,2025-04-21 04:00:00,207,118,3,Tarjeta,0
9354,2025-05-08 11:00:00,176,16,1,Tarjeta,10
9355,2025-03-09 09:00:00,498,65,1,Efectivo,0
9356,2025-08-17 07:00:00,284,57,2,Bizum,0
9357,2025-06-24 11:00:00,30,45,2,Bizum,15
9358,2025-04-24 02:00:00,165,35,4,Tarjeta,5
9359,2025-09-17 13:00:00,456,133,2,Tarjeta,20
9360,2025-11-24 00:00:00,6,129,1,Tarjeta,0
9361,2025-08-16 19:00:00,410,55,3,Tarjeta,10
9362,2025-02-03 20:00:00,301,48,2,Bizum,5
9363,2025-08-23 17:00:00,127,105,3,Tarjeta,0
9364,2025-11-12 16:00:00,123,106,2,Tarjeta,10
9365,2025-03-08 05:00:00,311,137,3,Tarjeta,5
9366,2025-12-10 19:00:00,16,64,5,Bizum,0
9367,2025-03-25 15:00:00,185,62,1,Bizum,5
9368,2025-06-08 14:00:00,11,74,1,Efectivo,0
9369,2025-03-03 23:00:00,471,48,1,Tarjeta,20
9370,2025-03-31 10:00:00,387,88,1,Efectivo,0
9371,2025-09-19 06:00:00,46,55,3,Tarjeta,0
9372,2025-05-25 19:00:00,69,45,1,Tarjeta,5
9373,2025-05-29 23:00:00,487,75,1,Tarjeta,5
9374,2025-08-05 19:00:00,153,150,3,Tarjeta,0
9375,2025-06-19 15:00:00,423,35,3,Tarjeta,5
9376,2025-12-15 13:00:00,416,104,1,Tarjeta,0
9377,2025-06-12 13:00:00,419,144,2,Tarjeta,0
9378,2025-02-16 08:00:00,43,51,2,Tarjeta,0
9379,2025-10-04 12:00:00,343,5,4,Tarjeta,0
9380,2025-07-10 06:00:00,103,59,3,Bizum,0
9381,2025-09-14 18:00:00,287,134,1,Tarjeta,0
9382,2025-03-07 20:00:00,27,106,4,Tarjeta,0
9383,2025-08-02 00:00:00,301,23,1,Efectivo,0
9384,2025-12-09 09:00:00,398,137,2,Tarjeta,0
9385,2025-12-17 02:00:00,370,134,2,Efectivo,0
9386,2025-12-04 00:00:00,74,43,2,Bizum,10
9387,2025-06-17 18:00:00,57,97,1,Tarjeta,0
9388,2025-03-08 06:00:00,74,30,3,Efectivo,5
9389,2025-06-15 13:00:00,301,55,1,Cheque regalo,0
9390,2025-03-23 15:00:00,43,80,3,Tarjeta,0
9391,2025-10-26 02:00:00,409,133,2,Bizum,0
9392,2025-11-29 20:00:00,335,31,2,Tarjeta,0
9393,2025-03-26 16:00:00,410,41,2,Bizum,0
9394,2025-05-23 17:00:00,493,55,2,Bizum,5
9395,2025-11-27 14:00:00,258,129,2,Efectivo,0
9396,2025-07-24 11:00:00,72,47,2,Tarjeta,0
9397,2025-10-29 14:00:00,43,30,2,Tarjeta,0
9398,2025-09-27 14:00:00,62,109,2,Tarjeta,20
9399,2025-02-04 17:00:00,411,123,1,Bizum,10
9400,2025-05-28 10:00:00,213,68,1,Bizum,5
9401,2025-03-14 16:00:00,307,104,1,Tarjeta,0
9402,2025-06-07 10:00:00,340,75,2,Tarjeta,0
9403,2025-10-23 14:00:00,111,43,4,Bizum,0
9404,2025-10-09 21:00:00,398,26,1,Tarjeta,5
9405,2025-10-04 11:00:00,168,46,2,Efectivo,0
9406,2025-07-01 09:00:00,193,99,2,Tarjeta,0
9407,2025-07-08 13:00:00,376,132,2,Tarjeta,0
9408,2025-01-12 04:00:00,182,120,3,Tarjeta,0
9409,2025-05-26 15:00:00,434,66,2,Tarjeta,0
9410,2025-07-18 22:00:00,473,49,3,Tarjeta,0
9411,2025-09-01 06:00:00,428,136,2,Bizum,0
9412,2025-06-14 06:00:00,23,8,3,Bizum,20
9413,2025-06-22 11:00:00,72,121,2,Tarjeta,0
9414,2025-11-29 15:00:00,9,84,3,Bizum,0
9415,2025-10-23 09:00:00,152,104,2,Bizum,10
9416,2025-12-15 08:00:00,389,67,2,Bizum,0
9417,2025-10-10 18:00:00,176,103,3,Efectivo,10
9418,2025-11-09 11:00:00,31,35,1,Tarjeta,0
9419,2025-07-14 04:00:00,69,56,3,Tarjeta,0
9420,2025-09-08 02:00:00,208,11,1,Tarjeta,5
9421,2025-11-03 04:00:00,72,62,3,Efectivo,0
9422,2025-09-07 23:00:00,49,49,3,Tarjeta,5
9423,2025-02-24 15:00:00,186,55,1,Tarjeta,0
9424,2025-12-17 14:00:00,477,95,2,Tarjeta,5
9425,2025-05-23 00:00:00,241,34,3,Tarjeta,5
9426,2025-04-24 11:00:00,256,54,3,Tarjeta,10
9427,2025-11-04 09:00:00,370,101,2,Bizum,5
9428,2025-07-13 14:00:00,50,43,1,Tarjeta,10
9429,2025-06-25 03:00:00,437,93,3,Efectivo,10
9430,2025-07-11 00:00:00,110,82,2,Tarjeta,0
9431,2025-12-01 06:00:00,109,44,2,Efectivo,0
9432,2025-03-17 19:00:00,383,61,3,Bizum,0
9433,2025-06-27 03:00:00,159,88,2,Tarjeta,0
9434,2025-09-19 17:00:00,202,70,2,Tarjeta,0
9435,2025-03-03 05:00:00,400,74,2,Tarjeta,20
9436,2025-05-08 01:00:00,240,88,1,Tarjeta,5
9437,2025-02-26 15:00:00,30,143,1,Tarjeta,0
9438,2025-09-26 06:00:00,374,76,4,Tarjeta,0
9439,2025-01-07 04:00:00,432,104,2,Efectivo,0
9440,2025-09-08 05:00:00,359,127,2,Tarjeta,15
9441,2025-09-05 18:00:00,372,67,1,Tarjeta,0
9442,2025-01-17 03:00:00,414,78,2,Bizum,5
9443,2025-03-21 06:00:00,200,88,1,Tarjeta,15
9444,2025-03-17 00:00:00,357,2,3,Tarjeta,0
9445,2025-11-28 12:00:00,5,65,3,Bizum,0
9446,2025-12-05 07:00:00,473,140,1,Tarjeta,5
9447,2025-08-18 02:00:00,313,139,2,Tarjeta,0
9448,2025-06-13 09:00:00,111,34,1,Tarjeta,0
9449,2025-09-30 02:00:00,12,148,2,Bizum,0
9450,2025-03-06 16:00:00,210,73,1,Tarjeta,0
9451,2025-09-22 23:00:00,231,10,3,Tarjeta,0
9452,2025-09-07 07:00:00,203,53,2,Bizum,0
9453,2025-08-29 03:00:00,434,74,2,Efectivo,0
9454,2025-12-27 11:00:00,322,84,2,Bizum,5
9455,2025-04-15 18:00:00,322,10,2,Tarjeta,0
9456,2025-05-26 13:00:00,450,124,2,Tarjeta,5
9457,2025-01-09 05:00:00,272,94,2,Cheque regalo,0
9458,2025-11-16 14:00:00,478,79,2,Bizum,5
9459,2025-01-15 00:00:00,52,4,2,Efectivo,0
9460,2025-02-12 12:00:00,238,63,3,Bizum,0
9461,2025-12-25 18:00:00,245,138,3,Tarjeta,0
9462,2025-06-26 18:00:00,462,52,2,Bizum,0
9463,2025-05-17 14:00:00,451,76,4,Bizum,0
9464,2025-06-13 15:00:00,217,82,1,Tarjeta,0
9465,2025-08-09 06:00:00,323,33,2,Tarjeta,0
9466,2025-11-17 12:00:00,129,107,2,Cheque regalo,0
9467,2025-04-18 14:00:00,50,133,3,Tarjeta,0
9468,2025-10-10 06:00:00,27,120,3,Tarjeta,0
9469,2025-11-03 06:00:00,399,71,2,Tarjeta,10
9470,2025-05-09 17:00:00,277,19,4,Tarjeta,0
9471,2025-04-11 04:00:00,391,20,2,Efectivo,0
9472,2025-11-18 03:00:00,155,54,3,Tarjeta,5
9473,2025-05-31 01:00:00,16,23,1,Tarjeta,0
9474,2025-10-20 21:00:00,32,107,2,Bizum,15
9475,2025-04-06 16:00:00,15,135,2,Tarjeta,5
9476,2025-06-14 11:00:00,153,150,5,Tarjeta,0
9477,2025-04-01 13:00:00,460,24,1,Tarjeta,0
9478,2025-03-28 16:00:00,171,40,3,Cheque regalo,0
9479,2025-08-21 04:00:00,99,108,2,Tarjeta,0
9480,2025-01-17 20:00:00,395,52,4,Tarjeta,0
9481,2025-07-13 17:00:00,165,27,2,Tarjeta,10
9482,2025-11-19 18:00:00,497,33,3,Tarjeta,0
9483,2025-02-18 22:00:00,167,100,1,Tarjeta,0
9484,2025-10-01 00:00:00,252,118,2,Efectivo,10
9485,2025-04-20 03:00:00,371,81,2,Tarjeta,0
9486,2025-08-30 19:00:00,220,122,4,Tarjeta,5
9487,2025-04-24 06:00:00,171,131,1,Efectivo,0
9488,2025-12-20 14:00:00,11,115,2,Tarjeta,5
9489,2025-08-18 11:00:00,168,109,2,Tarjeta,0
9490,2025-02-20 00:00:00,388,18,3,Tarjeta,0
9491,2025-06-18 16:00:00,51,81,4,Efectivo,0
9492,2025-02-21 23:00:00,138,148,4,Tarjeta,0
9493,2025-12-02 23:00:00,318,88,3,Bizum,0
9494,2025-12-06 05:00:00,96,129,2,Bizum,15
9495,2025-09-21 00:00:00,269,87,2,Tarjeta,10
9496,2025-06-08 08:00:00,142,86,2,Bizum,5
9497,2025-05-16 08:00:00,335,95,3,Bizum,5
9498,2025-01-11 19:00:00,350,70,2,Tarjeta,0
9499,2025-05-20 22:00:00,58,119,1,Efectivo,5
9500,2025-04-26 03:00:00,486,112,1,Tarjeta,5
9501,2025-01-20 04:00:00,295,15,2,Efectivo,5
9502,2025-08-16 19:00:00,131,99,2,Tarjeta,0
9503,2025-12-08 12:00:00,302,123,1,Tarjeta,5
9504,2025-06-23 12:00:00,374,120,3,Tarjeta,20
9505,2025-08-07 23:00:00,296,25,1,Tarjeta,20
9506,2025-04-12 22:00:00,30,1,2,Tarjeta,20
9507,2025-12-11 07:00:00,112,106,3,Bizum,0
9508,2025-10-09 20:00:00,347,87,1,Tarjeta,5
9509,2025-06-04 01:00:00,348,8,1,Tarjeta,0
9510,2025-01-17 14:00:00,149,128,4,Tarjeta,5
9511,2025-08-26 21:00:00,219,17,3,Efectivo,0
9512,2025-02-26 05:00:00,370,95,2,Tarjeta,5
9513,2025-02-24 13:00:00,34,44,3,Tarjeta,0
9514,2025-04-02 14:00:00,494,14,2,Tarjeta,10
9515,2025-08-16 22:00:00,82,9,1,Tarjeta,0
9516,2025-05-28 03:00:00,247,52,2,Tarjeta,0
9517,2025-01-28 13:00:00,471,61,1,Efectivo,0
9518,2025-08-21 03:00:00,337,40,1,Tarjeta,5
9519,2025-04-01 12:00:00,22,78,1,Tarjeta,5
9520,2025-06-02 00:00:00,362,44,2,Efectivo,5
9521,2025-06-18 02:00:00,455,6,3,Tarjeta,5
9522,2025-01-24 03:00:00,475,96,2,Efectivo,0
9523,2025-09-04 22:00:00,197,134,1,Tarjeta,5
9524,2025-05-05 08:00:00,217,86,2,Tarjeta,5
9525,2025-10-08 20:00:00,73,42,3,Bizum,0
9526,2025-05-04 11:00:00,140,100,1,Efectivo,0
9527,2025-11-11 14:00:00,401,44,1,Efectivo,15
9528,2025-04-27 12:00:00,268,22,3,Tarjeta,0
9529,2025-05-10 18:00:00,318,29,3,Tarjeta,0
9530,2025-12-19 14:00:00,408,47,2,Tarjeta,0
9531,2025-10-03 23:00:00,373,39,4,Tarjeta,20
9532,2025-05-14 15:00:00,23,116,1,Bizum,0
9533,2025-07-04 04:00:00,75,136,1,Tarjeta,15
9534,2025-11-25 16:00:00,310,2,3,Bizum,0
9535,2025-02-19 13:00:00,176,116,3,Efectivo,10
9536,2025-08-01 08:00:00,414,25,4,Tarjeta,0
9537,2025-06-15 08:00:00,100,83,1,Bizum,0
9538,2025-02-19 13:00:00,326,142,3,Bizum,15
9539,2025-04-03 08:00:00,38,113,1,Tarjeta,0
9540,2025-10-07 22:00:00,382,10,2,Efectivo,5
9541,2025-10-03 14:00:00,273,99,1,Bizum,0
9542,2025-10-13 18:00:00,88,100,1,Bizum,5
9543,2025-06-26 12:00:00,255,142,2,Tarjeta,0
9544,2025-12-20 02:00:00,459,52,2,Efectivo,0
9545,2025-06-07 10:00:00,328,59,3,Bizum,20
9546,2025-03-22 06:00:00,463,117,4,Tarjeta,5
9547,2025-02-20 15:00:00,369,106,2,Bizum,0
9548,2025-05-03 09:00:00,99,140,3,Tarjeta,0
9549,2025-11-01 01:00:00,459,104,4,Tarjeta,10
9550,2025-03-09 04:00:00,245,128,2,Bizum,0
9551,2025-06-30 02:00:00,450,76,2,Tarjeta,0
9552,2025-04-17 12:00:00,57,71,3,Tarjeta,0
9553,2025-06-07 13:00:00,133,27,3,Efectivo,0
9554,2025-01-04 03:00:00,494,129,4,Tarjeta,0
9555,2025-07-22 21:00:00,146,80,1,Bizum,5
9556,2025-12-08 06:00:00,372,130,2,Tarjeta,5
9557,2025-08-20 02:00:00,98,33,2,Efectivo,0
9558,2025-09-22 23:00:00,129,62,3,Tarjeta,0
9559,2025-08-29 18:00:00,278,83,4,Bizum,5
9560,2025-04-23 12:00:00,4,122,1,Tarjeta,5
9561,2025-08-05 20:00:00,230,53,3,Tarjeta,0
9562,2025-06-15 04:00:00,280,74,1,Efectivo,0
9563,2025-01-29 20:00:00,326,62,2,Bizum,0
9564,2025-03-31 16:00:00,225,39,1,Bizum,0
9565,2025-06-18 10:00:00,317,85,3,Tarjeta,10
9566,2025-03-18 21:00:00,422,37,2,Tarjeta,0
9567,2025-05-07 21:00:00,221,15,3,Tarjeta,15
9568,2025-06-06 05:00:00,421,6,2,Tarjeta,0
9569,2025-08-06 21:00:00,140,126,2,Tarjeta,0
9570,2025-10-24 11:00:00,17,15,4,Efectivo,0
9571,2025-04-09 12:00:00,129,87,3,Tarjeta,0
9572,2025-06-22 18:00:00,161,69,1,Bizum,0
9573,2025-01-26 17:00:00,370,89,1,Tarjeta,0
9574,2025-07-13 12:00:00,16,123,2,Tarjeta,10
9575,2025-02-11 10:00:00,392,136,3,Bizum,15
9576,2025-02-13 09:00:00,369,80,2,Bizum,0
9577,2025-08-30 08:00:00,6,88,3,Tarjeta,0
9578,2025-04-04 04:00:00,158,102,4,Tarjeta,15
9579,2025-03-19 11:00:00,44,23,3,Efectivo,20
9580,2025-04-24 16:00:00,129,67,1,Tarjeta,5
9581,2025-10-18 16:00:00,211,114,2,Bizum,5
9582,2025-09-09 23:00:00,312,104,1,Efectivo,0
9583,2025-06-03 02:00:00,161,81,5,Tarjeta,15
9584,2025-06-06 00:00:00,158,107,4,Tarjeta,0
9585,2025-09-26 02:00:00,237,143,2,Tarjeta,0
9586,2025-06-13 22:00:00,24,56,3,Tarjeta,5
9587,2025-08-26 06:00:00,301,4,2,Efectivo,10
9588,2025-12-02 10:00:00,19,6,2,Tarjeta,0
9589,2025-12-25 17:00:00,153,85,2,Tarjeta,0
9590,2025-07-22 16:00:00,240,95,2,Tarjeta,0
9591,2025-08-01 04:00:00,440,138,4,Bizum,20
9592,2025-11-11 13:00:00,378,48,2,Tarjeta,0
9593,2025-10-18 01:00:00,83,126,5,Efectivo,5
9594,2025-06-01 00:00:00,80,34,3,Bizum,0
9595,2025-06-18 00:00:00,124,48,2,Tarjeta,10
9596,2025-06-16 13:00:00,170,79,2,Efectivo,5
9597,2025-01-22 06:00:00,348,48,2,Cheque regalo,0
9598,2025-04-26 06:00:00,322,94,4,Tarjeta,0
9599,2025-08-18 20:00:00,112,36,2,Tarjeta,0
9600,2025-09-26 19:00:00,263,67,3,Tarjeta,0
9601,2025-01-06 18:00:00,348,22,1,Cheque regalo,0
9602,2025-07-01 22:00:00,300,64,2,Bizum,0
9603,2025-09-01 08:00:00,26,6,3,Tarjeta,0
9604,2025-10-30 22:00:00,180,114,2,Tarjeta,0
9605,2025-12-06 19:00:00,202,6,1,Bizum,0
9606,2025-06-30 04:00:00,300,72,1,Tarjeta,0
9607,2025-01-26 00:00:00,19,45,2,Efectivo,0
9608,2025-08-29 17:00:00,237,57,2,Tarjeta,0
9609,2025-05-01 21:00:00,111,84,3,Tarjeta,10
9610,2025-11-16 13:00:00,374,109,2,Tarjeta,0
9611,2025-12-03 14:00:00,390,127,1,Tarjeta,0
9612,2025-02-25 19:00:00,39,44,2,Tarjeta,0
9613,2025-05-08 13:00:00,262,123,1,Efectivo,0
9614,2025-05-03 17:00:00,265,9,2,Bizum,0
9615,2025-07-13 06:00:00,240,68,1,Tarjeta,5
9616,2025-02-11 07:00:00,471,19,2,Efectivo,15
9617,2025-06-24 10:00:00,334,44,1,Tarjeta,0
9618,2025-06-18 09:00:00,420,38,3,Tarjeta,10
9619,2025-05-02 00:00:00,388,104,4,Tarjeta,0
9620,2025-09-28 18:00:00,146,90,1,Tarjeta,0
9621,2025-01-18 21:00:00,354,72,3,Efectivo,0
9622,2025-06-02 23:00:00,302,28,2,Tarjeta,0
9623,2025-07-30 23:00:00,260,131,3,Tarjeta,0
9624,2025-01-06 14:00:00,106,9,3,Tarjeta,0
9625,2025-10-25 15:00:00,49,39,2,Bizum,5
9626,2025-09-09 22:00:00,346,25,2,Tarjeta,5
9627,2025-08-08 11:00:00,133,16,5,Efectivo,10
9628,2025-10-27 07:00:00,292,84,1,Bizum,20
9629,2025-11-02 18:00:00,357,119,2,Tarjeta,0
9630,2025-05-16 18:00:00,218,16,3,Tarjeta,0
9631,2025-02-15 05:00:00,420,92,2,Tarjeta,5
9632,2025-03-21 12:00:00,318,115,4,Tarjeta,0
9633,2025-07-01 15:00:00,428,95,2,Tarjeta,0
9634,2025-05-16 00:00:00,27,60,3,Tarjeta,15
9635,2025-10-26 06:00:00,210,99,1,Tarjeta,10
9636,2025-06-19 11:00:00,245,77,2,Efectivo,0
9637,2025-05-09 07:00:00,165,141,1,Efectivo,0
9638,2025-05-16 22:00:00,198,22,1,Tarjeta,10
9639,2025-03-10 18:00:00,487,95,2,Tarjeta,0
9640,2025-10-08 10:00:00,268,3,2,Bizum,0
9641,2025-11-19 00:00:00,461,121,1,Bizum,0
9642,2025-09-20 23:00:00,296,36,4,Bizum,20
9643,2025-11-06 23:00:00,92,99,3,Bizum,0
9644,2025-03-07 07:00:00,498,98,1,Tarjeta,5
9645,2025-08-03 20:00:00,80,12,2,Tarjeta,10
9646,2025-09-10 15:00:00,84,38,2,Tarjeta,5
9647,2025-05-13 11:00:00,407,107,1,Tarjeta,0
9648,2025-05-01 21:00:00,147,121,2,Tarjeta,0
9649,2025-02-11 09:00:00,118,106,2,Tarjeta,0
9650,2025-08-24 13:00:00,288,37,2,Tarjeta,5
9651,2025-11-24 02:00:00,30,23,2,Efectivo,5
9652,2025-04-24 17:00:00,373,81,1,Tarjeta,0
9653,2025-07-28 20:00:00,253,12,3,Tarjeta,0
9654,2025-05-01 19:00:00,210,62,1,Bizum,5
9655,2025-05-06 07:00:00,327,105,1,Tarjeta,0
9656,2025-03-17 19:00:00,232,92,3,Bizum,5
9657,2025-05-06 02:00:00,202,1,1,Tarjeta,0
9658,2025-02-23 22:00:00,87,17,2,Efectivo,10
9659,2025-11-06 05:00:00,167,131,3,Tarjeta,0
9660,2025-05-18 14:00:00,38,91,1,Efectivo,10
9661,2025-12-05 08:00:00,132,35,2,Tarjeta,10
9662,2025-11-03 03:00:00,455,132,1,Tarjeta,0
9663,2025-02-07 11:00:00,84,69,1,Tarjeta,0
9664,2025-08-29 11:00:00,109,92,3,Bizum,0
9665,2025-11-10 23:00:00,292,111,2,Bizum,0
9666,2025-06-17 18:00:00,71,20,2,Efectivo,0
9667,2025-07-01 22:00:00,307,102,1,Bizum,15
9668,2025-03-02 15:00:00,92,8,2,Bizum,0
9669,2025-05-25 17:00:00,471,19,3,Tarjeta,0
9670,2025-04-15 15:00:00,423,137,2,Tarjeta,10
9671,2025-09-17 09:00:00,49,136,4,Tarjeta,5
9672,2025-03-11 20:00:00,482,76,1,Tarjeta,10
9673,2025-08-11 22:00:00,112,106,1,Bizum,0
9674,2025-05-10 09:00:00,442,62,5,Bizum,5
9675,2025-11-19 05:00:00,87,21,2,Tarjeta,0
9676,2025-12-05 23:00:00,180,148,3,Tarjeta,0
9677,2025-08-08 07:00:00,51,5,4,Bizum,20
9678,2025-09-29 19:00:00,103,33,1,Tarjeta,5
9679,2025-10-29 03:00:00,209,28,2,Tarjeta,5
9680,2025-06-21 04:00:00,336,1,1,Tarjeta,0
9681,2025-12-05 17:00:00,342,127,3,Bizum,0
9682,2025-11-21 11:00:00,317,47,3,Tarjeta,0
9683,2025-07-29 02:00:00,395,118,2,Tarjeta,0
9684,2025-06-27 04:00:00,221,87,4,Bizum,0
9685,2025-04-26 07:00:00,210,148,3,Efectivo,15
9686,2025-03-04 19:00:00,322,34,2,Tarjeta,5
9687,2025-04-06 21:00:00,298,121,2,Efectivo,0
9688,2025-07-06 22:00:00,420,95,3,Tarjeta,0
9689,2025-11-07 14:00:00,78,45,4,Tarjeta,5
9690,2025-07-03 17:00:00,206,7,2,Tarjeta,20
9691,2025-01-28 00:00:00,191,72,2,Efectivo,10
9692,2025-02-22 17:00:00,255,147,3,Tarjeta,5
9693,2025-03-14 11:00:00,407,14,3,Tarjeta,5
9694,2025-09-10 16:00:00,235,42,2,Tarjeta,10
9695,2025-10-18 01:00:00,284,77,2,Tarjeta,0
9696,2025-09-13 19:00:00,209,18,4,Tarjeta,20
9697,2025-01-25 06:00:00,69,74,3,Tarjeta,0
9698,2025-11-26 21:00:00,107,79,3,Tarjeta,5
9699,2025-09-15 04:00:00,462,35,2,Bizum,0
9700,2025-11-09 20:00:00,190,57,1,Bizum,10
9701,2025-07-04 15:00:00,464,29,3,Bizum,0
9702,2025-11-05 14:00:00,453,63,2,Efectivo,0
9703,2025-03-18 10:00:00,312,131,1,Tarjeta,15
9704,2025-12-09 02:00:00,141,103,1,Tarjeta,0
9705,2025-12-07 21:00:00,389,59,3,Tarjeta,5
9706,2025-06-19 09:00:00,379,115,2,Tarjeta,0
9707,2025-06-05 06:00:00,4,36,2,Tarjeta,0
9708,2025-12-16 20:00:00,175,81,1,Tarjeta,15
9709,2025-04-03 16:00:00,178,4,1,Bizum,5
9710,2025-02-23 15:00:00,441,17,3,Bizum,0
9711,2025-03-15 04:00:00,90,17,2,Bizum,15
9712,2025-02-02 00:00:00,338,45,2,Bizum,0
9713,2025-07-24 16:00:00,147,110,3,Cheque regalo,0
9714,2025-07-19 15:00:00,260,142,2,Tarjeta,0
9715,2025-06-16 06:00:00,169,11,2,Tarjeta,15
9716,2025-04-11 15:00:00,482,108,3,Bizum,0
9717,2025-10-15 21:00:00,436,115,1,Tarjeta,0
9718,2025-11-28 23:00:00,343,90,3,Tarjeta,5
9719,2025-05-30 12:00:00,42,109,4,Bizum,5
9720,2025-09-06 13:00:00,14,71,2,Bizum,0
9721,2025-05-12 21:00:00,240,63,2,Bizum,5
9722,2025-07-21 04:00:00,45,10,2,Tarjeta,0
9723,2025-08-05 17:00:00,298,146,2,Bizum,0
9724,2025-08-07 11:00:00,55,79,3,Tarjeta,0
9725,2025-06-10 23:00:00,291,146,1,Tarjeta,15
9726,2025-01-23 05:00:00,320,129,2,Tarjeta,0
9727,2025-06-06 14:00:00,292,114,4,Tarjeta,15
9728,2025-02-08 01:00:00,435,28,2,Tarjeta,0
9729,2025-08-09 07:00:00,139,129,2,Tarjeta,5
9730,2025-02-25 07:00:00,80,76,1,Tarjeta,5
9731,2025-12-07 12:00:00,364,145,5,Tarjeta,5
9732,2025-06-27 06:00:00,393,132,3,Tarjeta,0
9733,2025-08-03 23:00:00,399,107,1,Efectivo,5
9734,2025-02-09 06:00:00,461,103,1,Tarjeta,10
9735,2025-05-15 12:00:00,437,22,2,Tarjeta,5
9736,2025-11-16 23:00:00,312,73,1,Tarjeta,0
9737,2025-10-24 20:00:00,369,149,2,Tarjeta,5
9738,2025-10-09 07:00:00,212,24,2,Tarjeta,0
9739,2025-11-07 04:00:00,235,124,2,Tarjeta,5
9740,2025-05-28 19:00:00,394,53,3,Bizum,0
9741,2025-06-13 22:00:00,406,134,2,Efectivo,0
9742,2025-12-17 12:00:00,336,10,1,Tarjeta,0
9743,2025-09-10 07:00:00,388,60,1,Tarjeta,0
9744,2025-09-24 04:00:00,369,10,3,Tarjeta,0
9745,2025-11-14 05:00:00,385,93,4,Tarjeta,0
9746,2025-03-16 06:00:00,423,120,4,Tarjeta,0
9747,2025-08-12 10:00:00,449,125,2,Bizum,0
9748,2025-07-06 07:00:00,461,122,1,Tarjeta,0
9749,2025-04-14 22:00:00,190,74,3,Efectivo,0
9750,2025-02-11 12:00:00,341,42,2,Tarjeta,0
9751,2025-05-24 20:00:00,245,124,2,Tarjeta,0
9752,2025-11-18 13:00:00,207,38,2,Bizum,0
9753,2025-04-07 00:00:00,222,87,2,Tarjeta,0
9754,2025-12-12 07:00:00,210,142,3,Tarjeta,0
9755,2025-05-12 13:00:00,163,30,2,Tarjeta,0
9756,2025-07-28 06:00:00,101,135,1,Tarjeta,10
9757,2025-12-29 17:00:00,6,115,1,Tarjeta,0
9758,2025-11-05 15:00:00,240,14,2,Tarjeta,5
9759,2025-03-03 21:00:00,117,101,1,Tarjeta,15
9760,2025-05-29 15:00:00,461,74,1,Efectivo,5
9761,2025-07-25 14:00:00,144,137,1,Tarjeta,15
9762,2025-12-30 15:00:00,55,7,2,Tarjeta,5
9763,2025-09-02 21:00:00,129,116,3,Tarjeta,0
9764,2025-10-14 06:00:00,179,72,1,Tarjeta,0
9765,2025-05-25 00:00:00,174,31,2,Efectivo,0
9766,2025-04-07 10:00:00,236,51,3,Efectivo,10
9767,2025-03-27 16:00:00,245,1,1,Tarjeta,0
9768,2025-04-04 07:00:00,154,122,4,Tarjeta,0
9769,2025-08-07 07:00:00,498,23,2,Efectivo,0
9770,2025-12-19 14:00:00,346,108,3,Tarjeta,0
9771,2025-04-15 22:00:00,376,106,1,Bizum,0
9772,2025-11-16 23:00:00,460,25,3,Efectivo,5
9773,2025-09-19 23:00:00,426,113,4,Tarjeta,5
9774,2025-04-23 14:00:00,182,30,1,Tarjeta,0
9775,2025-08-05 22:00:00,228,114,3,Tarjeta,5
9776,2025-11-01 11:00:00,448,41,5,Efectivo,0
9777,2025-07-23 15:00:00,179,45,2,Cheque regalo,5
9778,2025-12-20 12:00:00,262,129,2,Tarjeta,0
9779,2025-11-21 02:00:00,291,29,2,Tarjeta,0
9780,2025-08-24 08:00:00,423,121,1,Bizum,10
9781,2025-08-27 17:00:00,209,53,3,Tarjeta,15
9782,2025-07-18 19:00:00,235,101,2,Tarjeta,0
9783,2025-07-24 02:00:00,35,35,2,Tarjeta,10
9784,2025-01-13 05:00:00,385,51,3,Tarjeta,5
9785,2025-05-03 23:00:00,492,48,2,Tarjeta,0
9786,2025-05-21 15:00:00,336,70,4,Efectivo,5
9787,2025-11-13 20:00:00,112,3,2,Tarjeta,10
9788,2025-06-15 17:00:00,471,47,2,Cheque regalo,0
9789,2025-03-14 01:00:00,435,128,3,Bizum,15
9790,2025-06-26 07:00:00,410,7,1,Tarjeta,0
9791,2025-11-01 21:00:00,278,115,3,Bizum,10
9792,2025-03-20 02:00:00,301,53,1,Bizum,0
9793,2025-05-06 00:00:00,385,51,1,Bizum,15
9794,2025-02-19 15:00:00,457,141,1,Tarjeta,0
9795,2025-09-21 16:00:00,359,32,3,Tarjeta,5
9796,2025-02-25 14:00:00,115,63,1,Tarjeta,0
9797,2025-05-12 23:00:00,364,20,4,Bizum,10
9798,2025-07-29 07:00:00,419,11,4,Tarjeta,10
9799,2025-11-22 18:00:00,475,70,3,Tarjeta,20
9800,2025-07-24 23:00:00,417,134,2,Tarjeta,10
9801,2025-04-20 03:00:00,207,42,1,Efectivo,5
9802,2025-12-22 11:00:00,443,137,2,Tarjeta,0
9803,2025-06-28 04:00:00,350,13,3,Tarjeta,0
9804,2025-05-23 17:00:00,428,142,2,Tarjeta,0
9805,2025-10-18 08:00:00,162,140,3,Tarjeta,0
9806,2025-04-09 15:00:00,376,142,1,Tarjeta,0
9807,2025-09-16 13:00:00,58,69,3,Tarjeta,0
9808,2025-12-04 02:00:00,195,113,2,Tarjeta,0
9809,2025-01-24 17:00:00,27,130,4,Cheque regalo,10
9810,2025-02-02 19:00:00,454,14,3,Tarjeta,0
9811,2025-07-24 16:00:00,33,46,3,Tarjeta,15
9812,2025-09-28 19:00:00,295,47,2,Efectivo,0
9813,2025-02-06 10:00:00,448,9,3,Bizum,5
9814,2025-08-31 20:00:00,497,58,2,Tarjeta,0
9815,2025-08-15 01:00:00,165,36,4,Bizum,5
9816,2025-07-21 03:00:00,421,92,5,Bizum,5
9817,2025-07-18 07:00:00,10,83,3,Tarjeta,5
9818,2025-04-14 20:00:00,175,3,2,Cheque regalo,0
9819,2025-09-30 20:00:00,30,101,3,Tarjeta,0
9820,2025-05-19 11:00:00,86,2,3,Tarjeta,0
9821,2025-05-25 15:00:00,91,59,1,Cheque regalo,0
9822,2025-06-29 16:00:00,351,46,2,Tarjeta,0
9823,2025-09-20 08:00:00,382,97,3,Tarjeta,0
9824,2025-10-21 22:00:00,271,34,2,Bizum,0
9825,2025-04-07 03:00:00,450,13,2,Tarjeta,5
9826,2025-04-24 07:00:00,455,67,1,Cheque regalo,0
9827,2025-03-09 00:00:00,94,145,1,Tarjeta,0
9828,2025-01-23 16:00:00,483,35,4,Tarjeta,10
9829,2025-08-10 19:00:00,109,9,3,Tarjeta,0
9830,2025-07-25 08:00:00,201,57,1,Tarjeta,5
9831,2025-09-09 13:00:00,135,132,2,Tarjeta,15
9832,2025-06-30 03:00:00,136,71,2,Tarjeta,0
9833,2025-04-09 00:00:00,430,111,1,Bizum,5
9834,2025-07-24 09:00:00,165,7,2,Efectivo,0
9835,2025-09-24 02:00:00,266,45,1,Tarjeta,10
9836,2025-06-03 20:00:00,279,133,1,Tarjeta,0
9837,2025-02-20 03:00:00,420,125,1,Tarjeta,0
9838,2025-07-16 08:00:00,196,35,1,Tarjeta,5
9839,2025-03-01 22:00:00,169,46,3,Tarjeta,0
9840,2025-03-07 03:00:00,419,143,2,Tarjeta,0
9841,2025-10-26 16:00:00,380,94,3,Tarjeta,0
9842,2025-02-15 22:00:00,264,78,3,Bizum,0
9843,2025-07-28 07:00:00,99,147,3,Tarjeta,0
9844,2025-04-08 15:00:00,406,77,3,Tarjeta,5
9845,2025-03-17 17:00:00,467,121,1,Tarjeta,20
9846,2025-12-12 15:00:00,212,41,1,Tarjeta,0
9847,2025-02-21 02:00:00,158,120,4,Tarjeta,0
9848,2025-02-23 12:00:00,5,11,1,Bizum,0
9849,2025-01-11 13:00:00,480,109,2,Tarjeta,20
9850,2025-01-05 08:00:00,76,46,1,Bizum,15
9851,2025-11-09 02:00:00,283,41,2,Tarjeta,5
9852,2025-04-24 14:00:00,69,25,1,Tarjeta,15
9853,2025-07-26 11:00:00,221,12,2,Tarjeta,10
9854,2025-07-31 22:00:00,153,60,1,Tarjeta,5
9855,2025-01-06 23:00:00,427,137,1,Tarjeta,0
9856,2025-04-30 18:00:00,154,79,1,Tarjeta,0
9857,2025-12-01 17:00:00,183,102,2,Tarjeta,0
9858,2025-03-23 21:00:00,31,102,2,Tarjeta,0
9859,2025-05-02 21:00:00,455,22,2,Tarjeta,15
9860,2025-01-30 14:00:00,240,58,2,Tarjeta,0
9861,2025-12-10 12:00:00,139,131,1,Bizum,0
9862,2025-02-24 12:00:00,373,133,3,Efectivo,0
9863,2025-08-15 08:00:00,318,75,2,Efectivo,15
9864,2025-10-03 23:00:00,317,140,2,Bizum,15
9865,2025-11-27 23:00:00,188,36,2,Tarjeta,0
9866,2025-09-29 15:00:00,59,5,1,Tarjeta,0
9867,2025-10-15 03:00:00,43,79,4,Bizum,0
9868,2025-06-19 10:00:00,82,45,4,Bizum,0
9869,2025-11-06 07:00:00,348,121,1,Tarjeta,0
9870,2025-07-02 23:00:00,160,100,3,Tarjeta,0
9871,2025-03-07 03:00:00,498,10,2,Tarjeta,0
9872,2025-03-03 11:00:00,239,143,3,Tarjeta,5
9873,2025-07-09 04:00:00,461,10,2,Efectivo,0
9874,2025-12-28 05:00:00,245,97,1,Efectivo,0
9875,2025-07-26 04:00:00,291,42,4,Efectivo,0
9876,2025-04-30 11:00:00,211,54,4,Tarjeta,0
9877,2025-08-24 04:00:00,242,66,3,Tarjeta,0
9878,2025-08-29 03:00:00,211,3,3,Tarjeta,0
9879,2025-04-23 10:00:00,206,150,1,Bizum,0
9880,2025-01-28 16:00:00,43,102,1,Bizum,0
9881,2025-05-31 04:00:00,473,21,2,Bizum,10
9882,2025-06-09 07:00:00,118,98,1,Efectivo,0
9883,2025-09-26 13:00:00,161,70,5,Tarjeta,5
9884,2025-09-13 09:00:00,373,113,5,Tarjeta,10
9885,2025-03-15 20:00:00,224,19,2,Tarjeta,0
9886,2025-11-25 05:00:00,225,78,2,Tarjeta,10
9887,2025-02-22 18:00:00,67,98,4,Efectivo,20
9888,2025-11-11 15:00:00,112,120,2,Cheque regalo,20
9889,2025-03-05 19:00:00,459,58,1,Bizum,0
9890,2025-08-06 21:00:00,41,78,2,Cheque regalo,20
9891,2025-01-05 16:00:00,385,120,2,Tarjeta,5
9892,2025-01-29 07:00:00,60,136,2,Efectivo,5
9893,2025-04-14 06:00:00,301,142,1,Tarjeta,0
9894,2025-06-27 04:00:00,378,46,5,Tarjeta,0
9895,2025-07-06 09:00:00,6,78,2,Bizum,0
9896,2025-12-07 08:00:00,466,29,4,Tarjeta,5
9897,2025-10-18 08:00:00,10,8,2,Bizum,0
9898,2025-10-21 14:00:00,416,51,2,Tarjeta,10
9899,2025-11-26 16:00:00,78,77,4,Efectivo,0
9900,2025-01-29 15:00:00,352,56,2,Tarjeta,10
9901,2025-04-19 09:00:00,180,45,3,Tarjeta,0
9902,2025-08-03 12:00:00,318,41,1,Tarjeta,5
9903,2025-02-01 15:00:00,284,47,3,Tarjeta,10
9904,2025-03-18 01:00:00,46,8,1,Cheque regalo,15
9905,2025-04-02 23:00:00,230,44,1,Bizum,0
9906,2025-08-21 10:00:00,153,106,3,Bizum,0
9907,2025-07-25 22:00:00,329,10,3,Efectivo,0
9908,2025-04-29 08:00:00,91,90,2,Tarjeta,5
9909,2025-10-22 23:00:00,256,97,3,Efectivo,0
9910,2025-06-16 21:00:00,464,29,3,Tarjeta,0
9911,2025-04-12 09:00:00,41,59,3,Efectivo,0
9912,2025-04-01 01:00:00,230,78,2,Efectivo,10
9913,2025-09-12 02:00:00,211,48,5,Bizum,0
9914,2025-02-18 07:00:00,46,28,1,Tarjeta,0
9915,2025-03-15 11:00:00,165,123,3,Tarjeta,0
9916,2025-06-18 02:00:00,63,129,1,Efectivo,5
9917,2025-12-29 06:00:00,407,94,2,Tarjeta,0
9918,2025-09-10 15:00:00,494,4,2,Bizum,0
9919,2025-10-23 10:00:00,102,14,2,Tarjeta,5
9920,2025-06-12 21:00:00,427,34,1,Tarjeta,15
9921,2025-10-21 11:00:00,184,115,2,Bizum,0
9922,2025-07-12 22:00:00,369,28,2,Efectivo,10
9923,2025-08-14 18:00:00,146,145,2,Tarjeta,5
9924,2025-07-04 23:00:00,459,150,4,Tarjeta,15
9925,2025-08-28 18:00:00,298,118,2,Tarjeta,0
9926,2025-12-03 10:00:00,7,28,2,Tarjeta,0
9927,2025-01-06 05:00:00,313,58,2,Efectivo,0
9928,2025-10-23 21:00:00,164,41,2,Efectivo,5
9929,2025-03-19 04:00:00,369,70,4,Bizum,5
9930,2025-10-13 06:00:00,284,137,1,Efectivo,5
9931,2025-09-14 04:00:00,58,97,2,Tarjeta,0
9932,2025-02-13 21:00:00,5,90,2,Bizum,10
9933,2025-06-23 16:00:00,291,28,2,Efectivo,0
9934,2025-09-26 08:00:00,478,75,3,Efectivo,10
9935,2025-10-07 18:00:00,216,136,1,Efectivo,20
9936,2025-06-23 13:00:00,64,59,4,Bizum,10
9937,2025-07-05 08:00:00,350,119,2,Tarjeta,0
9938,2025-10-29 17:00:00,353,146,4,Efectivo,0
9939,2025-01-29 15:00:00,35,69,1,Bizum,0
9940,2025-12-22 02:00:00,466,147,1,Tarjeta,0
9941,2025-09-28 13:00:00,49,94,1,Tarjeta,20
9942,2025-11-08 19:00:00,235,15,2,Tarjeta,0
9943,2025-10-27 17:00:00,268,18,3,Tarjeta,0
9944,2025-11-23 10:00:00,444,38,3,Tarjeta,15
9945,2025-01-25 22:00:00,334,99,3,Bizum,0
9946,2025-02-19 03:00:00,150,118,1,Tarjeta,0
9947,2025-08-02 15:00:00,127,106,1,Efectivo,15
9948,2025-08-07 06:00:00,57,141,2,Tarjeta,0
9949,2025-10-19 06:00:00,456,32,2,Tarjeta,20
9950,2025-05-07 17:00:00,33,84,2,Tarjeta,10
9951,2025-01-24 00:00:00,67,122,2,Tarjeta,0
9952,2025-03-29 12:00:00,461,102,1,Efectivo,15
9953,2025-02-27 21:00:00,455,3,1,Cheque regalo,0
9954,2025-02-07 22:00:00,334,40,4,Tarjeta,5
9955,2025-01-30 06:00:00,291,84,1,Efectivo,0
9956,2025-05-13 15:00:00,464,123,3,Bizum,0
9957,2025-06-05 08:00:00,440,21,2,Tarjeta,10
9958,2025-12-01 08:00:00,15,52,2,Cheque regalo,0
9959,2025-03-16 06:00:00,291,52,1,Efectivo,0
9960,2025-10-30 22:00:00,162,112,2,Tarjeta,0
9961,2025-06-01 10:00:00,416,137,2,Tarjeta,5
9962,2025-06-11 02:00:00,300,73,1,Bizum,0
9963,2025-11-22 16:00:00,202,96,3,Bizum,5
9964,2025-02-19 15:00:00,78,16,2,Tarjeta,0
9965,2025-10-06 03:00:00,389,56,2,Tarjeta,0
9966,2025-07-27 02:00:00,168,96,3,Tarjeta,0
9967,2025-10-11 19:00:00,41,80,4,Tarjeta,5
9968,2025-03-01 13:00:00,338,4,2,Tarjeta,10
9969,2025-10-26 07:00:00,417,119,3,Bizum,0
9970,2025-03-17 11:00:00,382,120,2,Tarjeta,0
9971,2025-12-18 11:00:00,253,9,3,Efectivo,5
9972,2025-03-23 08:00:00,440,141,1,Bizum,20
9973,2025-06-14 06:00:00,58,84,4,Efectivo,0
9974,2025-10-04 13:00:00,287,85,2,Bizum,0
9975,2025-07-22 16:00:00,265,66,2,Tarjeta,0
9976,2025-06-29 14:00:00,363,97,1,Tarjeta,0
9977,2025-01-02 01:00:00,10,139,1,Tarjeta,0
9978,2025-08-21 22:00:00,131,107,2,Efectivo,0
9979,2025-03-25 09:00:00,210,13,2,Tarjeta,5
9980,2025-03-31 02:00:00,483,28,2,Bizum,0
9981,2025-08-19 09:00:00,50,83,1,Bizum,0
9982,2025-06-21 16:00:00,286,77,1,Tarjeta,10
9983,2025-12-14 03:00:00,209,11,2,Tarjeta,0
9984,2025-09-11 12:00:00,370,47,3,Tarjeta,5
9985,2025-07-28 18:00:00,463,2,1,Tarjeta,0
9986,2025-01-29 06:00:00,487,19,3,Tarjeta,5
9987,2025-09-19 20:00:00,277,95,2,Bizum,10
9988,2025-03-23 05:00:00,18,70,2,Tarjeta,0
9989,2025-06-15 00:00:00,80,61,3,Tarjeta,0
9990,2025-01-06 02:00:00,125,10,3,Bizum,5
9991,2025-04-26 07:00:00,176,98,4,Tarjeta,5
9992,2025-01-25 12:00:00,136,114,2,Tarjeta,0
9993,2025-06-04 19:00:00,110,146,2,Bizum,0
9994,2025-04-12 14:00:00,72,138,4,Tarjeta,5
9995,2025-09-07 16:00:00,129,45,2,Tarjeta,5
9996,2025-06-03 13:00:00,301,90,3,Tarjeta,0
9997,2025-08-22 22:00:00,295,48,3,Cheque regalo,10
9998,2025-06-14 09:00:00,43,126,5,Tarjeta,10
9999,2025-09-01 08:00:00,484,61,1,Tarjeta,5
10000,2025-02-11 02:00:00,112,43,1,Tarjeta,0
